lookback_h,tail,percentile,percentile_label,period,n_signals_A,n_signals_B,n_overlap,n_disappeared,n_appeared,n_legacy_missing_exact_tl,abs_diff,pct_diff,symmetric_diff,materiality_threshold,signal_material
6,down,0.01,p1,all,237,236,235,2,1,0,1,-0.004219409282700422,3,11,false
6,down,0.01,p1,discovery,163,161,161,2,0,0,2,-0.01226993865030675,2,8,false
6,down,0.01,p1,validation,56,56,56,0,0,0,0,0,0,5,false
6,down,0.01,p1,recent,18,19,18,0,1,0,1,0.05555555555555555,1,5,false
6,down,0.025,p2.5,all,790,789,788,2,1,1,1,-0.001265822784810127,3,39,false
6,down,0.025,p2.5,discovery,432,430,430,2,0,1,2,-0.004629629629629629,2,21,false
6,down,0.025,p2.5,validation,249,250,249,0,1,0,1,0.004016064257028112,1,12,false
6,down,0.025,p2.5,recent,109,109,109,0,0,0,0,0,0,5,false
6,down,0.05,p5,all,1899,1895,1894,5,1,2,4,-0.00210637177461822,6,94,false
6,down,0.05,p5,discovery,978,973,973,5,0,2,5,-0.005112474437627812,5,48,false
6,down,0.05,p5,validation,617,617,617,0,0,0,0,0,0,30,false
6,down,0.05,p5,recent,304,305,304,0,1,0,1,0.003289473684210526,1,15,false
6,up,0.95,p95,all,1882,1878,1876,6,2,5,4,-0.002125398512221041,8,94,false
6,up,0.95,p95,discovery,1042,1037,1036,6,1,5,5,-0.004798464491362764,7,52,false
6,up,0.95,p95,validation,616,616,616,0,0,0,0,0,0,30,false
6,up,0.95,p95,recent,224,225,224,0,1,0,1,0.004464285714285714,1,11,false
6,up,0.975,p97.5,all,841,842,840,1,2,1,1,0.001189060642092747,3,42,false
6,up,0.975,p97.5,discovery,483,484,482,1,2,1,1,0.002070393374741201,3,24,false
6,up,0.975,p97.5,validation,273,273,273,0,0,0,0,0,0,13,false
6,up,0.975,p97.5,recent,85,85,85,0,0,0,0,0,0,5,false
6,up,0.99,p99,all,278,279,278,0,1,0,1,0.003597122302158274,1,13,false
6,up,0.99,p99,discovery,163,164,163,0,1,0,1,0.006134969325153374,1,8,false
6,up,0.99,p99,validation,84,84,84,0,0,0,0,0,0,5,false
6,up,0.99,p99,recent,31,31,31,0,0,0,0,0,0,5,false
12,down,0.01,p1,all,235,234,234,1,0,1,1,-0.00425531914893617,1,11,false
12,down,0.01,p1,discovery,169,168,168,1,0,1,1,-0.005917159763313609,1,8,false
12,down,0.01,p1,validation,57,57,57,0,0,0,0,0,0,5,false
12,down,0.01,p1,recent,9,9,9,0,0,0,0,0,0,5,false
12,down,0.025,p2.5,all,703,705,698,5,7,5,2,0.002844950213371266,12,35,false
12,down,0.025,p2.5,discovery,413,414,408,5,6,5,1,0.002421307506053269,11,20,false
12,down,0.025,p2.5,validation,208,208,208,0,0,0,0,0,0,10,false
12,down,0.025,p2.5,recent,82,83,82,0,1,0,1,0.01219512195121951,1,5,false
12,down,0.05,p5,all,1833,1825,1820,13,5,9,8,-0.00436442989634479,18,91,false
12,down,0.05,p5,discovery,981,971,968,13,3,9,10,-0.01019367991845056,16,49,false
12,down,0.05,p5,validation,578,579,578,0,1,0,1,0.001730103806228374,1,28,false
12,down,0.05,p5,recent,274,275,274,0,1,0,1,0.00364963503649635,1,13,false
12,up,0.95,p95,all,1910,1913,1903,7,10,5,3,0.001570680628272251,17,95,false
12,up,0.95,p95,discovery,1092,1092,1085,7,7,5,0,0,14,54,false
12,up,0.95,p95,validation,608,609,608,0,1,0,1,0.001644736842105263,1,30,false
12,up,0.95,p95,recent,210,212,210,0,2,0,2,0.009523809523809525,2,10,false
12,up,0.975,p97.5,all,842,843,840,2,3,2,1,0.001187648456057007,5,42,false
12,up,0.975,p97.5,discovery,489,488,487,2,1,2,1,-0.002044989775051125,3,24,false
12,up,0.975,p97.5,validation,274,276,274,0,2,0,2,0.0072992700729927,2,13,false
12,up,0.975,p97.5,recent,79,79,79,0,0,0,0,0,0,5,false
12,up,0.99,p99,all,245,248,245,0,3,0,3,0.01224489795918367,3,12,false
12,up,0.99,p99,discovery,152,154,152,0,2,0,2,0.0131578947368421,2,7,false
12,up,0.99,p99,validation,72,73,72,0,1,0,1,0.01388888888888889,1,5,false
12,up,0.99,p99,recent,21,21,21,0,0,0,0,0,0,5,false
24,down,0.01,p1,all,188,188,188,0,0,0,0,0,0,9,false
24,down,0.01,p1,discovery,134,134,134,0,0,0,0,0,0,6,false
24,down,0.01,p1,validation,45,45,45,0,0,0,0,0,0,5,false
24,down,0.01,p1,recent,9,9,9,0,0,0,0,0,0,5,false
24,down,0.025,p2.5,all,711,714,704,7,10,7,3,0.004219409282700422,17,35,false
24,down,0.025,p2.5,discovery,461,462,454,7,8,7,1,0.002169197396963124,15,23,false
24,down,0.025,p2.5,validation,173,175,173,0,2,0,2,0.0115606936416185,2,8,false
24,down,0.025,p2.5,recent,77,77,77,0,0,0,0,0,0,5,false
24,down,0.05,p5,all,1696,1693,1688,8,5,7,3,-0.001768867924528302,13,84,false
24,down,0.05,p5,discovery,947,943,939,8,4,7,4,-0.004223864836325237,12,47,false
24,down,0.05,p5,validation,501,501,501,0,0,0,0,0,0,25,false
24,down,0.05,p5,recent,248,249,248,0,1,0,1,0.004032258064516129,1,12,false
24,up,0.95,p95,all,1707,1721,1700,7,21,2,14,0.008201523140011716,28,85,false
24,up,0.95,p95,discovery,925,934,918,7,16,2,9,0.009729729729729729,23,46,false
24,up,0.95,p95,validation,584,589,584,0,5,0,5,0.008561643835616438,5,29,false
24,up,0.95,p95,recent,198,198,198,0,0,0,0,0,0,9,false
24,up,0.975,p97.5,all,732,747,732,0,15,0,15,0.02049180327868852,15,36,false
24,up,0.975,p97.5,discovery,445,454,445,0,9,0,9,0.02022471910112359,9,22,false
24,up,0.975,p97.5,validation,231,235,231,0,4,0,4,0.01731601731601732,4,11,false
24,up,0.975,p97.5,recent,56,58,56,0,2,0,2,0.03571428571428571,2,5,false
24,up,0.99,p99,all,228,234,228,0,6,0,6,0.02631578947368421,6,11,false
24,up,0.99,p99,discovery,179,183,179,0,4,0,4,0.0223463687150838,4,8,false
24,up,0.99,p99,validation,40,42,40,0,2,0,2,0.05,2,5,false
24,up,0.99,p99,recent,9,9,9,0,0,0,0,0,0,5,false
72,down,0.01,p1,all,227,225,225,2,0,0,2,-0.00881057268722467,2,11,false
72,down,0.01,p1,discovery,108,106,106,2,0,0,2,-0.01851851851851852,2,5,false
72,down,0.01,p1,validation,105,105,105,0,0,0,0,0,0,5,false
72,down,0.01,p1,recent,14,14,14,0,0,0,0,0,0,5,false
72,down,0.025,p2.5,all,625,625,624,1,1,0,0,0,2,31,false
72,down,0.025,p2.5,discovery,348,347,347,1,0,0,1,-0.002873563218390805,1,17,false
72,down,0.025,p2.5,validation,230,230,230,0,0,0,0,0,0,11,false
72,down,0.025,p2.5,recent,47,48,47,0,1,0,1,0.02127659574468085,1,5,false
72,down,0.05,p5,all,1527,1522,1514,13,8,5,5,-0.003274394237066143,21,76,false
72,down,0.05,p5,discovery,867,860,854,13,6,5,7,-0.008073817762399077,19,43,false
72,down,0.05,p5,validation,466,467,466,0,1,0,1,0.002145922746781116,1,23,false
72,down,0.05,p5,recent,194,195,194,0,1,0,1,0.005154639175257732,1,9,false
72,up,0.95,p95,all,1533,1542,1527,6,15,1,9,0.005870841487279843,21,76,false
72,up,0.95,p95,discovery,962,971,956,6,15,1,9,0.009355509355509356,21,48,false
72,up,0.95,p95,validation,472,472,472,0,0,0,0,0,0,23,false
72,up,0.95,p95,recent,99,99,99,0,0,0,0,0,0,5,false
72,up,0.975,p97.5,all,607,612,602,5,10,0,5,0.008237232289950576,15,30,false
72,up,0.975,p97.5,discovery,408,411,403,5,8,0,3,0.007352941176470588,13,20,false
72,up,0.975,p97.5,validation,149,151,149,0,2,0,2,0.01342281879194631,2,7,false
72,up,0.975,p97.5,recent,50,50,50,0,0,0,0,0,0,5,false
72,up,0.99,p99,all,241,253,241,0,12,0,12,0.04979253112033195,12,12,true
72,up,0.99,p99,discovery,137,145,137,0,8,0,8,0.0583941605839416,8,6,true
72,up,0.99,p99,validation,73,77,73,0,4,0,4,0.0547945205479452,4,5,false
72,up,0.99,p99,recent,31,31,31,0,0,0,0,0,0,5,false
