rule_id,period,lookback_h,tail,percentile,percentile_label,direction,thesis,hold_h,short_theoretical,n_signals,n_events,n_trades,n_skip_no_entry_period,n_skip_no_exit_period,btc_cond_mean,btc_uncond_mean,btc_diff_mean,btc_cond_median,btc_uncond_median,btc_diff_median,btc_cond_p_pos,btc_uncond_p_pos,btc_diff_p_pos,strat_cond_mean,strat_uncond_mean,strat_diff_mean,strat_cond_median,strat_uncond_median,strat_diff_median,strat_cond_p_pos,strat_uncond_p_pos,strat_diff_p_pos,mean_trade_gross,median_trade_gross,mean_net_trade,median_net_trade,win_rate,profit_factor,sharpe,ending_capital_from_10000,max_drawdown,cagr,mean_net_0bps,mean_net_20bps,mean_net_50bps,end_cap_0bps,end_cap_20bps,end_cap_50bps,pass_n,pass_net,discovery_rank,classification,year_ok,year_note
L12_up_p97.5_continuation_long_H168,discovery,12,up,0.975,p97.5,long,continuation,168,False,489,488,48,0,1,0.031947110093463904,0.016935395030269355,0.015011715063194549,0.021405476103000587,0.009345299646021932,0.012060176456978655,0.6352459016393442,0.5477184963354086,0.08752740530393566,0.031947110093463904,0.016935395030269355,0.015011715063194549,0.021405476103000587,0.009345299646021932,0.012060176456978655,0.6352459016393442,0.5477184963354086,0.08752740530393566,0.051587093140116176,0.03697912142510906,0.05053550604697606,0.03594214230368398,0.6875,3.8695004214433792,1.6641360965222263,85910.20907064846,-0.27531681707078803,0.6344359274835316,0.051587093140116176,0.049483918953835936,0.04632915767441559,90136.63504623061,81878.01830481415,70861.31654089,True,True,1,STRONG SURVIVOR,True,years_with_positive_mean_net=8/9; max_positive_year_share=0.33; positive_outside_2020_2022=5
L6_down_p1_rebound_long_H6,discovery,6,down,0.01,p1,long,rebound,6,False,163,163,63,0,0,0.014680238557026739,0.0006018638955540242,0.014078374661472715,0.006526531955431514,0.0005495869790508312,0.0059769449763806826,0.6134969325153374,0.5225161391906786,0.0909807933246588,0.014680238557026739,0.0006018638955540242,0.014078374661472715,0.006526531955431514,0.0005495869790508312,0.0059769449763806826,0.6134969325153374,0.5225161391906786,0.0909807933246588,0.01681376127609077,0.016537817851207226,0.01579694751481467,0.015521280033355955,0.6825396825396826,3.409140430125813,1.6234194116208103,25765.897562348404,-0.08667680848521397,0.2413574515585335,0.01681376127609077,0.014780133753538602,0.011729692469710314,27442.23743435147,24190.43169404325,20011.22175199619,True,True,2,STRONG SURVIVOR,True,years_with_positive_mean_net=9/9; max_positive_year_share=0.60; positive_outside_2020_2022=6
L24_down_p1_rebound_long_H12,discovery,24,down,0.01,p1,long,rebound,12,False,134,134,30,0,0,0.018534471891437494,0.001179916591874089,0.017354555299563406,0.023784631694293568,0.0008727890145023842,0.022911842679791183,0.7388059701492538,0.5258086536441924,0.21299731650506137,0.018534471891437494,0.001179916591874089,0.017354555299563406,0.023784631694293568,0.0008727890145023842,0.022911842679791183,0.7388059701492538,0.5258086536441924,0.21299731650506137,0.026261033636961813,0.023026679391887406,0.025234772603324854,0.02200365271249549,0.8,5.057183992157074,1.6107597953918733,20635.56733915248,-0.07477818745754561,0.179965181240354,0.026261033636961813,0.0242085115696879,0.021129728468776993,21264.33310073681,20024.791616566687,18295.496051482365,True,True,3,FAIL,True,years_with_positive_mean_net=6/8; max_positive_year_share=0.53; positive_outside_2020_2022=4
L24_up_p97.5_continuation_long_H168,discovery,24,up,0.975,p97.5,long,continuation,168,False,445,445,35,0,0,0.028410472193458432,0.016935395030269355,0.011475077163189077,0.030901629316576917,0.009345299646021932,0.021556329670554986,0.6696629213483146,0.5477184963354086,0.12194442501290603,0.028410472193458432,0.016935395030269355,0.011475077163189077,0.030901629316576917,0.009345299646021932,0.021556329670554986,0.6696629213483146,0.5477184963354086,0.12194442501290603,0.042458954962863595,0.04462774481103815,0.04141649600790074,0.043583117066227084,0.7142857142857143,3.799206515124736,1.4469902529786742,37381.543820547166,-0.19062219295424143,0.35149541318965927,0.042458954962863595,0.040374037052937864,0.03724666018804927,38713.7414624544,36093.92324790587,32484.259525976748,True,True,4,SURVIVES,True,years_with_positive_mean_net=5/9; max_positive_year_share=0.37; positive_outside_2020_2022=3
L72_down_p2.5_rebound_long_H24,discovery,72,down,0.025,p2.5,long,rebound,24,False,348,348,34,0,0,0.028272529103569918,0.0023790779067450387,0.02589345119682488,0.02091842328672977,0.0016877610484098415,0.01923066223831993,0.6925287356321839,0.5308593339636516,0.16166940166853228,0.028272529103569918,0.0023790779067450387,0.02589345119682488,0.02091842328672977,0.0016877610484098415,0.01923066223831993,0.6925287356321839,0.5308593339636516,0.16166940166853228,0.032323586058400314,0.025677880734174874,0.03129126247234192,0.02465220285344072,0.6470588235294118,4.215617019863684,1.438672378765362,26946.40547663763,-0.14864773838387824,0.25412600879098446,0.032323586058400314,0.03025893888628351,0.02716196812810831,27878.81056472632,26044.297323478608,23510.344136221942,True,True,5,SURVIVES,False,years_with_positive_mean_net=7/8; max_positive_year_share=0.74; positive_outside_2020_2022=4
L72_down_p5_rebound_long_H12,discovery,72,down,0.05,p5,long,rebound,12,False,867,865,122,2,0,0.010751262083989145,0.001179916591874089,0.009571345492115056,0.007990692303200708,0.0008727890145023842,0.007117903288698324,0.6092485549132948,0.5258086536441924,0.08343990126910239,0.010751262083989145,0.001179916591874089,0.009571345492115056,0.007990692303200708,0.0008727890145023842,0.007117903288698324,0.6092485549132948,0.5258086536441924,0.08343990126910239,0.01027125212435972,0.008149208592829194,0.009260980872235357,0.00714105938423637,0.6229508196721312,1.9999095608409774,1.38412806155771,28600.99510936998,-0.15357327462113302,0.27131486341347033,0.01027125212435972,0.008250709620110996,0.005219895863737918,32314.063952602988,25311.484514833293,17531.029927326686,True,True,6,FAIL,True,years_with_positive_mean_net=7/9; max_positive_year_share=0.34; positive_outside_2020_2022=5
L12_up_p95_continuation_long_H12,discovery,12,up,0.95,p95,long,continuation,12,False,1092,1091,192,0,1,0.006581544056658628,0.001179916591874089,0.005401627464784539,0.0033381640677059288,0.0008727890145023842,0.0024653750532035446,0.5728689275893676,0.5258086536441924,0.0470602739451752,0.006581544056658628,0.001179916591874089,0.005401627464784539,0.0033381640677059288,0.0008727890145023842,0.0024653750532035446,0.5728689275893676,0.5258086536441924,0.0470602739451752,0.008392281431108222,0.005764748627455907,0.007383889149677115,0.004758983878828449,0.5677083333333334,1.7823437145851952,1.383467223441835,36540.594768674484,-0.23512578659308325,0.34448906532969725,0.008392281431108222,0.006375496868246005,0.00335032002395268,44279.4148090907,30148.50628893472,16913.495641833928,True,True,7,FRAGILE,True,years_with_positive_mean_net=7/9; max_positive_year_share=0.44; positive_outside_2020_2022=4
L24_down_p2.5_rebound_long_H72,discovery,24,down,0.025,p2.5,long,rebound,72,False,461,461,44,0,0,0.023284247606377855,0.007102051683626864,0.01618219592275099,0.017710599050344777,0.004764068661223364,0.012946530389121413,0.5726681127982647,0.5421493682191925,0.03051874457907222,0.023284247606377855,0.007102051683626864,0.01618219592275099,0.017710599050344777,0.004764068661223364,0.012946530389121413,0.5726681127982647,0.5421493682191925,0.03051874457907222,0.03304553951145372,0.0244057143157963,0.03201249397194226,0.023381308601480577,0.7045454545454546,3.05342512605089,1.3055481445980668,35490.46640530892,-0.251979563870412,0.33556307581537337,0.03304553951145372,0.03097944843243082,0.027880311813896455,37087.72762569118,33960.49731987942,29747.17837314486,True,True,8,FAIL,True,years_with_positive_mean_net=6/9; max_positive_year_share=0.52; positive_outside_2020_2022=4
L24_up_p95_continuation_long_H168,discovery,24,up,0.95,p95,long,continuation,168,False,925,925,59,0,0,0.02803159759291527,0.016935395030269355,0.011096202562645915,0.02726293932169499,0.009345299646021932,0.017917639675673058,0.6324324324324324,0.5477184963354086,0.08471393609702382,0.02803159759291527,0.016935395030269355,0.011096202562645915,0.02726293932169499,0.009345299646021932,0.017917639675673058,0.6324324324324324,0.5477184963354086,0.08471393609702382,0.03589672786682593,0.03161565498948682,0.03486083113895909,0.03058403933449738,0.6271186440677966,2.5180909738603994,1.2922690155543164,57856.29189938712,-0.3503135117079861,0.4932999609972657,0.03589672786682593,0.03382493441109227,0.030717244227491784,61374.33369194284,54536.68378115217,45661.32968522083,True,True,9,STRONG SURVIVOR,True,years_with_positive_mean_net=8/9; max_positive_year_share=0.41; positive_outside_2020_2022=6
L72_down_p5_rebound_long_H6,discovery,72,down,0.05,p5,long,rebound,6,False,867,864,195,2,1,0.007169754015173308,0.0006018638955540242,0.006567890119619284,0.006266260278211311,0.0005495869790508312,0.00571667329916048,0.6018518518518519,0.5225161391906786,0.07933571266117323,0.007169754015173308,0.0006018638955540242,0.006567890119619284,0.006266260278211311,0.0005495869790508312,0.00571667329916048,0.6018518518518519,0.5225161391906786,0.07933571266117323,0.008038803639218607,0.0068557598414247245,0.007030764835579392,0.005848904081583228,0.5897435897435898,1.7385534209093931,1.2883777676849089,34476.862035787686,-0.22346200196960653,0.3267521237151634,0.008038803639218607,0.006022726031940166,0.002998609621022515,41904.19739741175,28360.4474113085,15767.334179012198,True,True,10,FAIL,True,years_with_positive_mean_net=6/9; max_positive_year_share=0.57; positive_outside_2020_2022=4
