lookback,forward,sample,bucket,N,mean_future_return,median_future_return,P_future_positive,CI_low,CI_high
30,7,IS,0-50,904,0.0065796704275850985,0.0038442451142745027,0.5176991150442478,-0.007479890423862399,0.01997802093996774
30,7,IS,50-75,486,0.030693351855805878,0.015808414946497207,0.654320987654321,0.01615465883904355,0.0469181169964867
30,7,IS,75-90,389,0.031109454240453412,0.02840680337660806,0.6272493573264781,0.015887534313083294,0.04650457528053468
30,7,IS,90-95,157,0.07394219459854477,0.06462722776780261,0.6815286624203821,0.034676359400569894,0.10925023933263446
30,7,IS,95-100,141,0.014041643776461792,-0.006662915691906801,0.48936170212765956,-0.029390790923069007,0.05918432956269585
30,7,OOS,0-50,1271,0.0014755562390097849,-0.0002186340876594306,0.4988198269079465,-0.008754987060668226,0.00997109302961894
30,7,OOS,50-75,513,0.006284452295906385,-0.001324997830562169,0.49317738791423,-0.006065987004389696,0.01840342343063895
30,7,OOS,75-90,186,0.03678135360918659,0.02580981315164943,0.7096774193548387,0.01941402266813893,0.05479774198904541
30,7,OOS,90-95,61,0.015650888226806912,0.013551157294640293,0.5573770491803278,-0.01631695458740762,0.0361032096646369
30,7,OOS,95-100,25,-0.031119433379627578,-0.05092533377145814,0.44,-0.12219031798420817,0.029017008928593643
30,7,FULL,0-50,2108,0.0034357262546520634,0.0008336195634487398,0.5056925996204934,-0.004750266855759791,0.010932094226045876
30,7,FULL,50-75,1045,0.01725469927404166,0.008136589719025311,0.570334928229665,0.007956377426712413,0.02722520673703124
30,7,FULL,75-90,590,0.033601377703788717,0.02693136417671682,0.6491525423728813,0.02149575590832323,0.04525221037947766
30,7,FULL,90-95,224,0.05469911740426906,0.03531983905873981,0.6428571428571429,0.026458839460902356,0.0838683403595303
30,7,FULL,95-100,166,0.007961954148858806,-0.006853232956061828,0.4879518072289157,-0.0312763168501701,0.04719287703182633
30,30,IS,0-50,904,0.06967319903552148,0.047998605834478236,0.6238938053097345,0.014544444026280624,0.12516359609032057
30,30,IS,50-75,486,0.12154111341272143,0.08047352398739338,0.6934156378600823,0.05152432977727042,0.1842146431893002
30,30,IS,75-90,389,0.13637338868746574,0.06590111280076183,0.6143958868894601,0.03604546770750382,0.22904953041243178
30,30,IS,90-95,157,0.2053450774678484,0.17488771927674684,0.7261146496815286,0.08304067214140082,0.332382184178327
30,30,IS,95-100,141,0.06983650345589984,-0.005552792971987408,0.48936170212765956,-0.05044380264340917,0.20208672228791263
30,30,OOS,0-50,1252,0.013788333992673827,0.005215769637083256,0.5215654952076677,-0.02572271464399109,0.05283703985873671
30,30,OOS,50-75,509,0.02122545562207238,-0.012940345237230866,0.46168958742632615,-0.028062616388602385,0.07198242683176678
30,30,OOS,75-90,186,0.0711815755917973,0.0445398329657114,0.6559139784946236,0.015512330469904198,0.1211906630244396
30,30,OOS,90-95,61,0.04848291039053272,0.00779917965304211,0.5409836065573771,-0.029415480467801278,0.12669002105320284
30,30,OOS,95-100,25,0.13820367141259615,0.07473291707133756,0.76,-0.023010967555034983,0.280338271161268
30,30,FULL,0-50,2091,0.03736635125231744,0.02162839248434234,0.5643232902917265,0.0038994068782617322,0.07075389533453089
30,30,FULL,50-75,1039,0.0683731501333918,0.03531150819529594,0.5745909528392685,0.023614205570853412,0.10978553576704683
30,30,FULL,75-90,590,0.11497732961225261,0.05520872234526508,0.6254237288135593,0.05145017437320879,0.18445225411102684
30,30,FULL,90-95,224,0.1560258601913551,0.11879847491626805,0.6741071428571429,0.06474090679788498,0.251294290448007
30,30,FULL,95-100,166,0.07800504960387951,0.011508174607944621,0.5301204819277109,-0.02675388495283153,0.19526550015689015
90,7,IS,0-50,848,0.010029446219543842,0.009770090510167195,0.5754716981132075,-0.0028621538299002168,0.02381319016047544
90,7,IS,50-75,446,0.021562128523230233,0.011273068718651524,0.5762331838565022,0.0065901184065250955,0.03726298898993972
90,7,IS,75-90,335,0.04406298289435948,0.03181905309564881,0.6149253731343284,0.018717869318740584,0.07046650563348401
90,7,IS,90-95,160,0.05004444389825082,0.03767203566151156,0.60625,0.011758964244290846,0.09097002005016294
90,7,IS,95-100,228,0.02163812017341443,0.008272876906801452,0.5263157894736842,-0.013458409414504683,0.05236427369019112
90,7,OOS,0-50,1326,-0.0005356287541263537,-0.00023039684985104447,0.4984917043740573,-0.009482282399524943,0.007514970192793691
90,7,OOS,50-75,402,0.02091228687940449,0.008189608938361292,0.5646766169154229,0.00442707879811033,0.03760110765451692
90,7,OOS,75-90,236,-0.00020426662018514243,-0.000462224295084801,0.4957627118644068,-0.015175181104195398,0.015376928083015069
90,7,OOS,90-95,13,0.05434471119434093,0.04346509523620856,0.7692307692307693,-0.009925986421607701,0.15305105334014452
90,7,OOS,95-100,79,0.047628306399023455,0.039441995151019205,0.620253164556962,-0.02313259873366587,0.10552095265847973
90,7,FULL,0-50,2103,0.004200056704683565,0.0045267141656542,0.5311459819305754,-0.0033672497438314145,0.011294999929766425
90,7,FULL,50-75,903,0.017714071461355535,0.007815928339793388,0.5581395348837209,0.006845262292486901,0.028652370048786912
90,7,FULL,75-90,596,0.02659753571535845,0.01646076959976539,0.5721476510067114,0.011137070378784369,0.0431521613823327
90,7,FULL,90-95,174,0.05506047901770025,0.04042973096234248,0.6149425287356322,0.01959613974142432,0.09398542177226957
90,7,FULL,95-100,297,0.02585726302912623,0.014101340033500831,0.5488215488215489,-0.002814579772736763,0.055834587455239656
90,30,IS,0-50,848,0.04030520103057134,0.04435683744541086,0.6084905660377359,-0.01492046336980579,0.0926115923592539
90,30,IS,50-75,446,0.1477845202263553,0.1055877535685118,0.742152466367713,0.05838464649669066,0.23032739786618864
90,30,IS,75-90,335,0.20860130663791446,0.10340702210663189,0.6507462686567164,0.08819769845440625,0.33267646552558333
90,30,IS,90-95,160,0.20026905463672523,0.10192920703130659,0.5625,0.02959678437870335,0.34504405766256463
90,30,IS,95-100,228,0.04584168205113528,0.025560256489484345,0.543859649122807,-0.06884844551851603,0.15363497793666467
90,30,OOS,0-50,1303,0.005888714978877005,-0.0016560611908258416,0.4957789716039908,-0.03301711702395894,0.044084301059428746
90,30,OOS,50-75,402,0.07199725826318834,0.07098036301583843,0.6119402985074627,0.0008315937960944844,0.13784568679704312
90,30,OOS,75-90,236,-0.026872897839558495,-0.015534266507772232,0.4194915254237288,-0.08225223715522759,0.017933581666101803
90,30,OOS,90-95,13,0.02437015999559352,-0.02429027457130284,0.15384615384615385,-0.0736447450712659,0.5239623725760427
90,30,OOS,95-100,79,0.21681483317201025,0.18573862746801661,0.8734177215189873,0.019853336690888644,0.39855061289061844
90,30,FULL,0-50,2080,0.02009505197401313,0.01425677819085358,0.5432692307692307,-0.010202855762497682,0.05095080341357106
90,30,FULL,50-75,903,0.0988909040476506,0.07219851592891535,0.646733111849391,0.04328318819133619,0.15642061829680112
90,30,FULL,75-90,596,0.11521666364792285,0.027688829143081795,0.5738255033557047,0.046464394955449365,0.19793588574321383
90,30,FULL,90-95,174,0.1989228935902951,0.10192920703130659,0.5632183908045977,0.06029554782344058,0.34188034782024534
90,30,FULL,95-100,297,0.08689649979104448,0.07597876831579442,0.6296296296296297,-0.019085450967574365,0.1859779448176422
180,7,IS,0-50,828,0.014659805238387247,0.011744689296810051,0.5785024154589372,-0.00021048581368721516,0.028800987878715503
180,7,IS,50-75,362,0.02649432439789925,0.019333953817395333,0.6243093922651933,0.00957702377204247,0.04331462533620121
180,7,IS,75-90,327,0.016709414002845133,0.005542889043089749,0.5321100917431193,-0.010017040597686239,0.039770416399269995
180,7,IS,90-95,98,0.08673722426473998,0.06743473957248236,0.7142857142857143,0.03034417914450703,0.1435142507926062
180,7,IS,95-100,312,0.03354429264062463,0.020058004280083974,0.5641025641025641,0.002256215793136126,0.06165021696899017
180,7,OOS,0-50,1451,0.00848649586502147,0.005533756791697986,0.543762922122674,0.00027199925360763043,0.016731596386122805
180,7,OOS,50-75,387,-0.008728759813014159,-0.010440233162645085,0.4082687338501292,-0.02135426064235594,0.005509703747483642
180,7,OOS,75-90,100,0.019026306871316612,0.017402329483337087,0.53,-0.024045258922813017,0.06686149483421641
180,7,OOS,90-95,30,0.03640260570278574,0.053524250685212715,0.6333333333333333,-0.08423680433523142,0.14618745274438252
180,7,OOS,95-100,88,0.0021229751762470994,0.008159987661766843,0.5113636363636364,-0.03846027185001386,0.04236392707557101
180,7,FULL,0-50,2152,0.010390057645469405,0.007380446032745125,0.5515799256505576,0.002604820628144908,0.0176080711217213
180,7,FULL,50-75,874,0.009291994561814936,0.0043335656464386085,0.5331807780320366,-0.00034120835808266515,0.018686141586924436
180,7,FULL,75-90,439,0.017558941219223655,0.005542889043089749,0.5284738041002278,-0.00495843264467445,0.03950667615492609
180,7,FULL,90-95,135,0.07334050791689756,0.058031015367342675,0.6962962962962963,0.029875669017540255,0.11913035065832431
180,7,FULL,95-100,383,0.02659729736896034,0.014125580286646455,0.5483028720626631,0.0017243808484921229,0.051757746443319874
180,30,IS,0-50,828,0.05424897393581866,0.03772998786606996,0.5893719806763285,-0.006426006133294009,0.11725631620676265
180,30,IS,50-75,362,0.12769131763017974,0.10024013574555002,0.7817679558011049,0.04882877207429763,0.20930115699519175
180,30,IS,75-90,327,0.11261881649558955,0.05480475472604285,0.6085626911314985,-0.0012557342822138813,0.22746806917957163
180,30,IS,90-95,98,0.39228020854273676,0.305642628451932,0.826530612244898,0.17823777479477043,0.5965826932132167
180,30,IS,95-100,312,0.1541905126758227,0.08214322022246001,0.5897435897435898,0.003390304229816995,0.30590401150373886
180,30,OOS,0-50,1428,0.030450180870776337,0.018003860328534182,0.5700280112044818,-0.008731028283554036,0.06657777863316848
180,30,OOS,50-75,387,-0.007897207813537614,-0.03594439048966891,0.3643410852713178,-0.05770808391740938,0.049664484760039984
180,30,OOS,75-90,100,0.05501642388230322,-0.02197660957148706,0.45,-0.08453939745863706,0.2636437897044545
180,30,OOS,90-95,30,0.07215175854846309,0.15211878801876222,0.6333333333333333,-0.35269121274102055,0.4002964031832121
180,30,OOS,95-100,88,-0.004247279029995371,-0.005843911880549002,0.48863636363636365,-0.23231122723138314,0.16531483877408032
180,30,FULL,0-50,2129,0.03825165212124563,0.023649735047145626,0.5767966181305777,0.0013835528531459865,0.07287461039047194
180,30,FULL,50-75,874,0.05465840007130438,0.027595844616297383,0.5594965675057209,0.010011111478840222,0.10086652680980743
180,30,FULL,75-90,439,0.10135683628274514,0.03848443409626823,0.5854214123006833,0.017458190681946144,0.20625753810085223
180,30,FULL,90-95,135,0.28293428779882496,0.22960794731196787,0.7481481481481481,0.07334238047128398,0.4841780841756608
180,30,FULL,95-100,383,0.13143014419671362,0.0439398853133246,0.5796344647519582,0.0042525034733846,0.2627530266792112
365,7,IS,0-50,841,0.016378618766410013,0.010895475819032718,0.5695600475624257,0.00245240447300464,0.029830195932991892
365,7,IS,50-75,277,0.011895169126023846,0.010420928497508974,0.555956678700361,-0.011487581242126569,0.0337296744072371
365,7,IS,75-90,209,0.03899571183068507,0.018536913881639805,0.6507177033492823,0.0030425908617402486,0.06930360665535662
365,7,IS,90-95,118,-0.005110240929523102,0.0011924967338382553,0.5084745762711864,-0.03766164510727849,0.026622871566165735
365,7,IS,95-100,297,0.05658449192080481,0.04007865168539326,0.6060606060606061,0.019590488900364654,0.09165882022676734
365,7,OOS,0-50,1226,0.0020109929412857695,0.0011286639370550189,0.5089722675367048,-0.007490321046124844,0.01012919596507376
365,7,OOS,50-75,483,0.009951035413433935,0.003715444284069447,0.525879917184265,-0.002432413650452051,0.02271251425155782
365,7,OOS,75-90,304,0.017780416189574454,0.013604164815828712,0.5493421052631579,-0.01116043446034738,0.04331110653643603
365,7,OOS,90-95,35,-0.006488483425494097,-0.0021636344627851134,0.4857142857142857,-0.07449980988727883,0.04628530866166175
365,7,OOS,95-100,8,-0.04157136577607938,-0.03620271395305469,0.25,-0.08913431798182918,0.025930559775082962
365,7,FULL,0-50,2037,0.006957044776327551,0.003987884094490246,0.5262641138929799,-0.0011373020434627137,0.014640237441973547
365,7,FULL,50-75,871,0.014823346807931476,0.007832465688594414,0.5568312284730195,0.003244116878750968,0.025979024953584128
365,7,FULL,75-90,434,0.024709298216250553,0.014717849466416966,0.5944700460829493,0.0006366845692155519,0.04815818571881869
365,7,FULL,90-95,152,-0.004697944206138345,0.0011924967338382553,0.506578947368421,-0.03559905708664687,0.023491918560804133
365,7,FULL,95-100,304,0.05410227833715562,0.034650391378539314,0.5953947368421053,0.017646171826752467,0.08668873644674609
365,30,IS,0-50,841,0.07853053928547873,0.0521110104002509,0.6230677764565993,0.016695106709621606,0.13951229348135918
365,30,IS,50-75,277,0.07563428590540146,0.06974219810040694,0.6064981949458483,-0.052943218606464684,0.21256555122174786
365,30,IS,75-90,209,0.10058635784920571,0.060206136713659486,0.6172248803827751,-0.0201911929017668,0.23384128088556663
365,30,IS,90-95,118,0.18876888311963744,0.07949465898439079,0.7542372881355932,0.06236687023041535,0.34566556873320275
365,30,IS,95-100,297,0.21700914743123054,0.13209576682859114,0.6464646464646465,0.02757128676184134,0.4128924224025991
365,30,OOS,0-50,1203,0.007528715022015878,0.004271135654606573,0.516209476309227,-0.030932262523486135,0.044839289478856285
365,30,OOS,50-75,483,0.04020820608873589,0.015222454254381956,0.546583850931677,-0.01216173152895668,0.09581650631388544
365,30,OOS,75-90,304,0.07359875974857683,0.041627744576505976,0.5460526315789473,-0.05970641270069385,0.1901633888532178
365,30,OOS,90-95,35,-0.10038435556751786,-0.04249643903819267,0.14285714285714285,-0.2755071679844986,0.03454839582948188
365,30,OOS,95-100,8,0.04761190232817514,0.04485198166159643,0.75,-0.04839467779129758,0.06192107035998613
365,30,FULL,0-50,2014,0.03237416664116374,0.016087370891085806,0.5516385302879842,-0.002070041539203935,0.06753945910189073
365,30,FULL,50-75,871,0.06744661468960948,0.042054514146512956,0.5878300803673938,0.01024517185596148,0.1300113289242133
365,30,FULL,75-90,434,0.07928366458668248,0.048775516776568995,0.5737327188940092,-0.009498274121224937,0.17368734836703686
365,30,FULL,90-95,152,0.1264819595142674,0.04470445209524043,0.618421052631579,0.007580336588204184,0.27803945984175343
365,30,FULL,95-100,304,0.21342436409043478,0.12371799946619644,0.6513157894736842,0.026497052641127564,0.4093332506613227
