lookback,forward,sample,beta,t_stat,p_value,FDR_p_value,R2,P_up_unconditional,P_up_given_positive_past,probability_edge,N
30,7,IS,0.022562491862876812,0.8941490864747311,0.3712421288938914,0.9601412442354105,0.0030006605196675196,0.575591985428051,0.6014814814814815,0.025889496053430494,2196
30,7,OOS,0.023682165899510894,1.1647235961264284,0.24413089447597203,0.5616880716166301,0.0031406310207893195,0.5175097276264592,0.5345622119815668,0.017052484355107644,2056
30,7,FULL,0.02646972474593635,1.4385704548554124,0.15027226231534688,0.3696352537951564,0.004093445388336003,0.5475070555032926,0.5716632443531827,0.024156188849890126,4252
30,30,IS,0.05391345640465723,0.6246709993559907,0.5321870106353919,0.9601412442354105,0.002764570936914623,0.6284153005464481,0.6229629629629629,-0.005452337583485178,2196
30,30,OOS,0.11733429951134788,1.945284804924935,0.05174070990968113,0.41392567927744905,0.016916253482485044,0.5223807181505165,0.5308988764044944,0.008518158253977948,2033
30,30,FULL,0.09347294851388721,1.4342693574693344,0.15149541120392643,0.3696352537951564,0.00886501818479235,0.5774414755261291,0.5822994210090985,0.004857945482969361,4229
90,7,IS,0.011037610251705965,0.8844236915219418,0.37646753847224823,0.9601412442354105,0.003701123179083887,0.5777153558052435,0.5794053662073967,0.0016900104021532192,2136
90,7,OOS,0.01169882622783065,1.0784252229357798,0.2808440358083151,0.5616880716166301,0.004688236448244454,0.5175097276264592,0.5218579234972678,0.004348195870808591,2056
90,7,FULL,0.013195424397649442,1.4838197864053364,0.1378567364397628,0.3696352537951564,0.0056115815829540505,0.5481870229007634,0.5538958417440453,0.005708818843281893,4192
90,30,IS,0.03802688972077131,0.6580321965941871,0.5105174426806096,0.9601412442354105,0.006815622783557407,0.6273408239700374,0.6287164612037709,0.0013756372337334621,2136
90,30,OOS,0.048523155907124686,1.3692854883679868,0.17091005234211254,0.5616880716166301,0.01760417544782511,0.5223807181505165,0.5018214936247724,-0.020559224525744102,2033
90,30,FULL,0.05146769130925819,1.3260666339803997,0.1848176268975782,0.3696352537951564,0.014422911791263093,0.5761573518829456,0.5724666935809447,-0.003690658302000882,4169
180,7,IS,0.0024078144368471846,0.34976226213450107,0.7265171227484488,0.9601412442354105,0.0006425799110895136,0.5806451612903226,0.5714285714285714,-0.009216589861751223,2046
180,7,OOS,0.00023653713371992358,0.04388100060648659,0.9649992600308577,0.9956755435796638,7.51853457836571e-06,0.5175097276264592,0.5218093699515347,0.0042996423250755145,2056
180,7,FULL,0.0028282642801265114,0.6060743572148009,0.5444653779877049,0.7259538373169399,0.0009732410691637439,0.5490004875670405,0.5484474373363262,-0.0005530502307142804,4102
180,30,IS,0.016387259160288277,0.4530209849649608,0.6505336307818188,0.9601412442354105,0.004619408313959683,0.6392961876832844,0.6411149825783972,0.0018187948951127186,2046
180,30,OOS,0.00011994158185820616,0.005419928903332294,0.9956755435796638,0.9956755435796638,4.231106903729298e-07,0.5223807181505165,0.49797898140662894,-0.024401736743887514,2033
180,30,FULL,0.01602930935273386,0.6748161889812874,0.4997925536455441,0.7259538373169399,0.005277197140445056,0.5810247609708262,0.5748502994011976,-0.006174461569628642,4079
365,7,IS,0.0001688281832855406,0.05952667548358098,0.9525326191811215,0.9601412442354105,2.742755200879632e-05,0.5765717356260075,0.5701809107922645,-0.006390824833742981,1861
365,7,OOS,0.0005653911510969277,0.20449765445453622,0.837964624742271,0.9956755435796638,0.00013923090161271912,0.5175097276264592,0.5432766615146831,0.02576693388822393,2056
365,7,FULL,0.0009055652704526463,0.3906112974430052,0.6960845736590859,0.7657635425521062,0.0006512205267806825,0.5455705897370436,0.5581636175353815,0.01259302779833782,3917
365,30,IS,-0.0006203889124821351,-0.04997633807377152,0.9601412442354105,0.9601412442354105,5.7002128964867005e-05,0.629768941429339,0.611353711790393,-0.01841522963894604,1861
365,30,OOS,0.0021492643345101094,0.1811092132038226,0.8562818530944435,0.9956755435796638,0.00043806142900371103,0.5223807181505165,0.5394126738794436,0.01703195572892713,2033
365,30,FULL,0.0031057514818546173,0.2979208913876148,0.7657635425521062,0.7657635425521062,0.0012912425059214971,0.573703133025167,0.5792198826372109,0.0055167496120439585,3894
