snapshot_date,asset_id,symbol,asset_name,slug,cmc_rank,circulating_supply,price,market_cap,volume,quote_last_updated,item_last_updated,source
2016-03-04,1,BTC,Bitcoin,bitcoin,1,15279700.0,410.93887329,6279022702.224737,90856072.0,2016-03-04T00:00:00.000Z,2016-03-04T23:59:22.000Z,coinmarketcap_data_api_listings_historical
2016-03-04,1027,ETH,Ethereum,ethereum,2,77512370.49948,10.4059763,806591890.02337,35520116.0,2016-03-04T00:00:00.000Z,2016-03-04T23:59:23.000Z,coinmarketcap_data_api_listings_historical
2016-03-04,52,XRP,XRP,xrp,3,34090841338.0,0.00809603,276000505.3326272,567973.75,2016-03-04T00:00:00.000Z,2016-03-04T23:59:01.000Z,coinmarketcap_data_api_listings_historical
2016-03-04,2,LTC,Litecoin,litecoin,4,44768801.1218872,3.25023389,145509074.55951995,1459955.125,2016-03-04T00:00:00.000Z,2016-03-04T23:59:02.000Z,coinmarketcap_data_api_listings_historical
2016-03-04,291,MAID,MaidSafeCoin,maidsafecoin,5,452552412.0,0.09830067,44486206.69795211,1037986.875,2016-03-04T00:00:00.000Z,2016-03-04T23:59:08.000Z,coinmarketcap_data_api_listings_historical
2016-03-04,131,DASH,Dash,dash,6,6265212.24587618,4.63467789,29037240.65309143,657277.875,2016-03-04T00:00:00.000Z,2016-03-04T23:59:05.000Z,coinmarketcap_data_api_listings_historical
2016-03-04,74,DOGE,Dogecoin,dogecoin,7,103351073491.829,0.00023849,24647925.29083966,135461.6875,2016-03-04T00:00:00.000Z,2016-03-04T23:59:04.000Z,coinmarketcap_data_api_listings_historical
2016-03-04,328,XMR,Monero,monero,8,11205624.073699,1.09932637,12318638.06057824,822635.5,2016-03-04T00:00:00.000Z,2016-03-04T23:59:10.000Z,coinmarketcap_data_api_listings_historical
2016-03-04,5,PPC,Peercoin,peercoin,9,23028880.26561,0.47334078,10900508.13692447,45391.28515625,2016-03-04T00:00:00.000Z,2016-03-04T23:59:00.000Z,coinmarketcap_data_api_listings_historical
2016-03-04,463,BTS,BitShares,bitshares,10,2545068688.29468,0.00418801,10658773.12596336,349495.9375,2016-03-04T00:00:00.000Z,2016-03-04T23:59:11.000Z,coinmarketcap_data_api_listings_historical
2016-03-04,1087,FCT,Factom,factom,11,8753363.0,1.16589093,10205466.54693198,368855.4375,2016-03-04T00:00:00.000Z,2016-03-04T23:59:24.000Z,coinmarketcap_data_api_listings_historical
2016-03-04,512,XLM,Stellar,stellar,12,4837356606.0,0.00191399,9258653.91057328,25208.0234375,2016-03-04T00:00:00.000Z,2016-03-04T23:59:12.000Z,coinmarketcap_data_api_listings_historical
2016-03-04,66,NXT,Nxt,nxt,13,999997096.0,0.00722699,7226970.47999465,50459.4140625,2016-03-04T00:00:00.000Z,2016-03-04T23:59:03.000Z,coinmarketcap_data_api_listings_historical
2016-03-04,558,EMC,Emercoin,emercoin,14,37216253.044728,0.19354911,7203172.70962593,9400.57617188,2016-03-04T00:00:00.000Z,2016-03-04T23:59:13.000Z,coinmarketcap_data_api_listings_historical
2016-03-04,873,XEM,NEM,nem,15,8999999999.0,0.00063659,5729337.28044523,21493.48632813,2016-03-04T00:00:00.000Z,2016-03-04T23:59:19.000Z,coinmarketcap_data_api_listings_historical
2016-03-04,3,NMC,Namecoin,namecoin,16,13770250.0,0.41307554,5688153.40634436,22244.14257813,2016-03-04T00:00:00.000Z,2016-03-04T23:59:00.000Z,coinmarketcap_data_api_listings_historical
2016-03-04,372,BCN,Bytecoin,bytecoin-bcn,17,179256260739.01,3.163e-05,5670114.07869559,6693.38232422,2016-03-04T00:00:00.000Z,2016-03-04T23:59:10.000Z,coinmarketcap_data_api_listings_historical
2016-03-04,95,YBC,YbCoin,ybcoin,18,3006659.1213285,1.84681022,5552728.79835301,154158.84375,2016-03-04T00:00:00.000Z,2016-03-04T23:59:04.000Z,coinmarketcap_data_api_listings_historical
2016-03-04,735,VASH,VPNCoin,vpncoin,19,400339746.0,0.01195886,4787606.54631569,48741.40234375,2016-03-04T00:00:00.000Z,2016-03-04T23:59:17.000Z,coinmarketcap_data_api_listings_historical
2016-03-04,1125,AMP,HyperSpace,synereo,20,184800000.0,0.01849226,3417368.79050732,2329.14550781,2016-03-04T00:00:00.000Z,2016-03-04T23:59:26.000Z,coinmarketcap_data_api_listings_historical
2016-03-04,8,FTC,Feathercoin,feathercoin,21,113701480.0,0.02887908,3283594.55694109,6915.79492188,2016-03-04T00:00:00.000Z,2016-03-04T23:59:00.000Z,coinmarketcap_data_api_listings_historical
2016-03-04,215,RBY,Rubycoin,rubycoin,22,22781194.3918338,0.12416041,2828522.41259931,4235.55029297,2016-03-04T00:00:00.000Z,2016-03-04T23:59:07.000Z,coinmarketcap_data_api_listings_historical
2016-03-04,170,BLK,BlackCoin,blackcoin,23,75302317.0973223,0.03537955,2664161.91407631,64689.6875,2016-03-04T00:00:00.000Z,2016-03-04T23:59:06.000Z,coinmarketcap_data_api_listings_historical
2016-03-04,1063,BCY,BitCrystals,bitcrystals,24,42530221.066149,0.05880169,2500848.95893769,1963.68017578,2016-03-04T00:00:00.000Z,2016-03-04T23:59:24.000Z,coinmarketcap_data_api_listings_historical
2016-03-04,549,SJCX,Storjcoin X,storjcoin-x,25,44575870.0,0.0520595,2320597.56709605,30060.12304688,2016-03-04T00:00:00.000Z,2016-03-04T23:59:13.000Z,coinmarketcap_data_api_listings_historical
2016-03-04,833,GRC,GridCoin,gridcoin,26,373685247.88226,0.00588599,2199506.36585552,1345.21728516,2016-03-04T00:00:00.000Z,2016-03-04T23:59:18.000Z,coinmarketcap_data_api_listings_historical
2016-03-04,87,TIPS,FedoraCoin,fedoracoin,27,280846322360.0,7.27e-06,2040649.04945559,11236.78417969,2016-03-04T00:00:00.000Z,2016-03-04T23:59:05.000Z,coinmarketcap_data_api_listings_historical
2016-03-04,213,MONA,MonaCoin,monacoin,28,29805749.9939447,0.06558217,1954725.795345,3091.20141602,2016-03-04T00:00:00.000Z,2016-03-04T23:59:07.000Z,coinmarketcap_data_api_listings_historical
2016-03-04,277,XSI,StabilityShares,stabilityshares,29,9235915.31777136,0.20453788,1889094.57036706,22652.2265625,2016-03-04T00:00:00.000Z,2016-03-04T23:59:08.000Z,coinmarketcap_data_api_listings_historical
2016-03-04,85,EAC,EarthCoin,earthcoin,30,9346468332.44513,0.00019632,1834876.6740658,55866.3203125,2016-03-04T00:00:00.000Z,2016-03-04T23:59:04.000Z,coinmarketcap_data_api_listings_historical
2016-03-04,1168,DCR,Decred,decred,31,1031208.1167312,1.7370553,1791265.52628921,17232.54492188,2016-03-04T00:00:00.000Z,2016-03-04T23:59:28.000Z,coinmarketcap_data_api_listings_historical
2016-03-04,132,XCP,Counterparty,counterparty,32,2628043.0783785,0.62696177,1647682.53394227,2030.56262207,2016-03-04T00:00:00.000Z,2016-03-04T23:59:05.000Z,coinmarketcap_data_api_listings_historical
2016-03-04,1161,FLVR,FlavorCoin,flavorcoin,33,50328161.4245393,0.02917667,1468408.11709116,563.93988037,2016-03-04T00:00:00.000Z,2016-03-04T23:59:27.000Z,coinmarketcap_data_api_listings_historical
2016-03-04,109,DGB,DigiByte,digibyte,34,6039394054.86345,0.00024247,1464372.62137825,73780.609375,2016-03-04T00:00:00.000Z,2016-03-04T23:59:06.000Z,coinmarketcap_data_api_listings_historical
2016-03-04,825,USDT,Tether,tether,35,1451600.0,1.00000036,1451600.51913262,150575.21875,2016-03-04T00:00:00.000Z,2016-03-04T23:59:18.000Z,coinmarketcap_data_api_listings_historical
2016-03-04,895,XAUR,Xaurum,xaurum,36,6188.03648,215.34822083,1332582.6463694,1129.97119141,2016-03-04T00:00:00.000Z,2016-03-04T23:59:19.000Z,coinmarketcap_data_api_listings_historical
2016-03-04,381,FC2,FuelCoin,fuelcoin,37,100206032.03195,0.01233978,1236520.40068334,781.70440674,2016-03-04T00:00:00.000Z,2016-03-04T23:59:10.000Z,coinmarketcap_data_api_listings_historical
2016-03-04,346,SCOT,Scotcoin,scotcoin,38,1000000000.0,0.00123263,1232628.59415263,959.73065186,2016-03-04T00:00:00.000Z,2016-03-04T23:59:09.000Z,coinmarketcap_data_api_listings_historical
2016-03-04,541,SYS,Syscoin,syscoin,39,428751485.440903,0.00285397,1223643.29653604,60944.05078125,2016-03-04T00:00:00.000Z,2016-03-04T23:59:13.000Z,coinmarketcap_data_api_listings_historical
2016-03-04,389,START,Startcoin,startcoin,40,37770016.0,0.03216922,1215031.77965331,6934.33837891,2016-03-04T00:00:00.000Z,2016-03-04T23:59:11.000Z,coinmarketcap_data_api_listings_historical
2016-03-04,6,NVC,Novacoin,novacoin,41,1311979.336512,0.90219295,1183658.50827312,16571.65625,2016-03-04T00:00:00.000Z,2016-03-04T23:59:00.000Z,coinmarketcap_data_api_listings_historical
2016-03-04,1044,GCR,Global Currency Reserve,global-currency-reserve,42,100533449.049679,0.01176948,1183226.05063951,1133.57861328,2016-03-04T00:00:00.000Z,2016-03-04T23:59:23.000Z,coinmarketcap_data_api_listings_historical
2016-03-04,53,QRK,Quark,quark,43,249664587.0,0.00460314,1149241.64231334,6339.75927734,2016-03-04T00:00:00.000Z,2016-03-04T23:59:02.000Z,coinmarketcap_data_api_listings_historical
2016-03-04,42,XPM,Primecoin,primecoin,44,13613826.3202737,0.08361547,1138326.54620843,5230.24804688,2016-03-04T00:00:00.000Z,2016-03-04T23:59:26.000Z,coinmarketcap_data_api_listings_historical
2016-03-04,836,XVC,Vcash,vcash,45,13685540.195735,0.08297426,1135547.50317682,12968.89648438,2016-03-04T00:00:00.000Z,2016-03-04T23:59:18.000Z,coinmarketcap_data_api_listings_historical
2016-03-04,323,VRC,VeriCoin,vericoin,46,27485977.4174077,0.0410649,1128709.00035595,1680.6628418,2016-03-04T00:00:00.000Z,2016-03-04T23:59:09.000Z,coinmarketcap_data_api_listings_historical
2016-03-04,83,OMNI,Omni,omni,47,551272.46350194,2.0033381,1104385.12880172,4247.31884766,2016-03-04T00:00:00.000Z,2016-03-04T23:59:03.000Z,coinmarketcap_data_api_listings_historical
2016-03-04,460,CLAM,Clams,clams,48,1618278.01908207,0.65316749,1057006.58568166,26554.265625,2016-03-04T00:00:00.000Z,2016-03-04T23:59:11.000Z,coinmarketcap_data_api_listings_historical
2016-03-04,99,VTC,Vertcoin,vertcoin,49,23076649.9975982,0.04318804,996635.26501062,12522.84277344,2016-03-04T00:00:00.000Z,2016-03-04T23:59:04.000Z,coinmarketcap_data_api_listings_historical
2016-03-04,1154,RADS,Radium,radium,50,2657161.0,0.36033434,957466.34659332,117392.078125,2016-03-04T00:00:00.000Z,2016-03-04T23:59:27.000Z,coinmarketcap_data_api_listings_historical
2016-03-04,467,BTCD,BitcoinDark,bitcoindark,51,1255113.76170305,0.75360721,945862.78457898,2161.40844727,2016-03-04T00:00:00.000Z,2016-03-04T23:59:11.000Z,coinmarketcap_data_api_listings_historical
2016-03-04,141,MINT,MintCoin,mintcoin,52,22745602711.3693,4.118e-05,936617.06706674,951.88061523,2016-03-04T00:00:00.000Z,2016-03-04T23:59:05.000Z,coinmarketcap_data_api_listings_historical
2016-03-04,1051,MI,Xiaomicoin,xiaomicoin,53,404316480.348584,0.00224173,906367.06213766,1447.0760498,2016-03-04T00:00:00.000Z,2016-03-04T23:59:23.000Z,coinmarketcap_data_api_listings_historical
2016-03-04,779,GEMZ,GetGems,gems,54,88135217.0,0.01017956,897177.53897616,1101.55041504,2016-03-04T00:00:00.000Z,2016-03-04T23:59:17.000Z,coinmarketcap_data_api_listings_historical
2016-03-04,1042,SC,Siacoin,siacoin,55,11127701219.0,7.815e-05,869651.45052183,9369.46289063,2016-03-04T00:00:00.000Z,2016-03-04T23:59:23.000Z,coinmarketcap_data_api_listings_historical
2016-03-04,41,IFC,Infinitecoin,infinitecoin,56,90596274910.0705,9.42e-06,853015.09872882,9797.91894531,2016-03-04T00:00:00.000Z,2016-03-04T23:59:02.000Z,coinmarketcap_data_api_listings_historical
2016-03-04,118,RDD,ReddCoin,reddcoin,57,28012164357.3276,2.903e-05,813148.1249384,19571.16796875,2016-03-04T00:00:00.000Z,2016-03-04T23:59:05.000Z,coinmarketcap_data_api_listings_historical
2016-03-04,16,WDC,WorldCoin,worldcoin,58,99330186.2,0.00815518,810055.93196661,2743.3581543,2016-03-04T00:00:00.000Z,2016-03-04T23:59:00.000Z,coinmarketcap_data_api_listings_historical
2016-03-04,1080,NEU,NeuCoin,neucoin,59,212340035.598236,0.00373484,793056.07557108,795.44110107,2016-03-04T00:00:00.000Z,2016-03-04T23:59:24.000Z,coinmarketcap_data_api_listings_historical
2016-03-04,626,USNBT,NuBits,nubits,60,757084.0,1.00847816,763502.68282318,31108.65039063,2016-03-04T00:00:00.000Z,2016-03-04T23:59:14.000Z,coinmarketcap_data_api_listings_historical
2016-03-04,576,GAME,GameCredits,gamecredits,61,53589150.9841,0.01397778,749057.1136644,2211.55493164,2016-03-04T00:00:00.000Z,2016-03-04T23:59:13.000Z,coinmarketcap_data_api_listings_historical
2016-03-04,184,NOTE,DNotes,dnotes,62,109480185.711332,0.00679819,744267.62059422,690.26068115,2016-03-04T00:00:00.000Z,2016-03-04T23:59:07.000Z,coinmarketcap_data_api_listings_historical
2016-03-04,1070,EXP,Expanse,expanse,63,1170378.5918124,0.62792146,734905.83653342,221227.0625,2016-03-04T00:00:00.000Z,2016-03-04T23:59:25.000Z,coinmarketcap_data_api_listings_historical
2016-03-04,37,MEC,Megacoin,megacoin,64,32006312.5,0.02284278,731113.14722616,2959.11035156,2016-03-04T00:00:00.000Z,2016-03-04T23:59:01.000Z,coinmarketcap_data_api_listings_historical
2016-03-04,562,BILS,BilShares,bilshares,65,1000000000.0,0.00067514,675143.79043132,3376.13208008,2016-03-04T00:00:00.000Z,2016-03-04T23:59:13.000Z,coinmarketcap_data_api_listings_historical
2016-03-04,56,ZET,Zetacoin,zetacoin,66,163823583.604746,0.00399141,653887.34101124,3876.44262695,2016-03-04T00:00:00.000Z,2016-03-04T23:59:02.000Z,coinmarketcap_data_api_listings_historical
2016-03-04,516,ZCC,ZcCoin,zccoin,67,58037121.008834,0.01087355,631069.29876026,10704.3828125,2016-03-04T00:00:00.000Z,2016-03-04T23:59:12.000Z,coinmarketcap_data_api_listings_historical
2016-03-04,1172,SFT,Safex Token,safex-token,68,2147483647.0,0.00028766,617739.37471234,4759.88769531,2016-03-04T00:00:00.000Z,2016-03-04T23:59:28.000Z,coinmarketcap_data_api_listings_historical
2016-03-04,18,DGC,Digitalcoin,digitalcoin,69,30796393.0,0.01867944,575259.3759225,2716.80371094,2016-03-04T00:00:00.000Z,2016-03-04T23:59:01.000Z,coinmarketcap_data_api_listings_historical
2016-03-04,176,UNC,UnionCoin,unioncoin,70,8388608.0,0.06444555,540608.4375,2567.56811523,2016-03-04T00:00:00.000Z,2016-03-04T23:59:07.000Z,coinmarketcap_data_api_listings_historical
2016-03-04,493,SDC,ShadowCash,shadowcash,71,6513498.09341,0.0822046,535439.47415794,1383.7434082,2016-03-04T00:00:00.000Z,2016-03-04T23:59:12.000Z,coinmarketcap_data_api_listings_historical
2016-03-04,254,NLG,Gulden,gulden,72,298732253.0,0.00174589,521553.16962185,530.65045166,2016-03-04T00:00:00.000Z,2016-03-04T23:59:08.000Z,coinmarketcap_data_api_listings_historical
2016-03-04,115,APC,Applecoin,applecoin,73,22286047.937985,0.02301627,512941.61912495,1889.77246094,2016-03-04T00:00:00.000Z,2016-03-04T23:59:04.000Z,coinmarketcap_data_api_listings_historical
2016-03-04,1123,OBITS,OBITS,obits,74,4971418.0,0.100091,497594.17632332,9006.50390625,2016-03-04T00:00:00.000Z,2016-03-04T23:59:26.000Z,coinmarketcap_data_api_listings_historical
2016-03-04,43,ANC,Anoncoin,anoncoin,75,2048956.862,0.24180926,495456.75041026,2164.04248047,2016-03-04T00:00:00.000Z,2016-03-04T23:59:05.000Z,coinmarketcap_data_api_listings_historical
2016-03-04,405,XDN,DigitalNote,digitalnote,76,6855996994.89635,6.624e-05,454160.88134869,4976.84814453,2016-03-04T00:00:00.000Z,2016-03-04T23:59:11.000Z,coinmarketcap_data_api_listings_historical
2016-03-04,1173,HMP,HempCoin,hempcoin-hmp,77,1204834003.0,0.00036985,445601.95678721,535.24578857,2016-03-04T00:00:00.000Z,2016-03-04T23:59:28.000Z,coinmarketcap_data_api_listings_historical
2016-03-04,509,XCR,Crypti,crypti,78,100000000.0,0.00435156,435156.14233911,631.09973145,2016-03-04T00:00:00.000Z,2016-03-04T23:59:12.000Z,coinmarketcap_data_api_listings_historical
2016-03-04,362,CLOAK,CloakCoin,cloakcoin,79,4717882.429066,0.09035006,426260.96834736,2162.421875,2016-03-04T00:00:00.000Z,2016-03-04T23:59:10.000Z,coinmarketcap_data_api_listings_historical
2016-03-04,693,XVG,Verge,verge,80,9736250000.0,4.111e-05,400277.57743246,4681.95166016,2016-03-04T00:00:00.000Z,2016-03-04T23:59:16.000Z,coinmarketcap_data_api_listings_historical
2016-03-04,67,UNO,Unobtanium,unobtanium,81,196783.23337492,2.00239468,394037.69887703,537.32226563,2016-03-04T00:00:00.000Z,2016-03-04T23:59:02.000Z,coinmarketcap_data_api_listings_historical
2016-03-04,160,RIC,Riecoin,riecoin,82,21244074.9999408,0.01563987,332254.60013729,3660.71020508,2016-03-04T00:00:00.000Z,2016-03-04T23:59:06.000Z,coinmarketcap_data_api_listings_historical
2016-03-04,181,ZEIT,Zeitcoin,zeitcoin,83,33858415405.8042,9.53e-06,322685.73208099,859.44561768,2016-03-04T00:00:00.000Z,2016-03-04T23:59:06.000Z,coinmarketcap_data_api_listings_historical
2016-03-04,1008,CPC,Capricoin,capricoin,84,372496.871579736,0.82039005,305592.72547712,13107.09765625,2016-03-04T00:00:00.000Z,2016-03-04T23:59:22.000Z,coinmarketcap_data_api_listings_historical
2016-03-04,506,CANN,CannabisCoin,cannabiscoin,85,77220604.3478188,0.00380546,293859.62892512,1119.90344238,2016-03-04T00:00:00.000Z,2016-03-04T23:59:12.000Z,coinmarketcap_data_api_listings_historical
2016-03-04,344,QORA,Qora,qora,86,10000000000.0,2.869e-05,286906.14271909,2128.95703125,2016-03-04T00:00:00.000Z,2016-03-04T23:59:09.000Z,coinmarketcap_data_api_listings_historical
2016-03-04,61,TAG,TagCoin,tagcoin,87,4116650.981095,0.06889626,283621.87212172,3062.08496094,2016-03-04T00:00:00.000Z,2016-03-04T23:59:02.000Z,coinmarketcap_data_api_listings_historical
2016-03-04,128,MAX,Maxcoin,maxcoin,88,41459435.0,0.00673243,279122.56372985,1327.92260742,2016-03-04T00:00:00.000Z,2016-03-04T23:59:05.000Z,coinmarketcap_data_api_listings_historical
2016-03-04,1166,WARP,WARP,warp,89,1095224.0,0.23659758,259127.35091269,2538.40991211,2016-03-04T00:00:00.000Z,2016-03-04T23:59:27.000Z,coinmarketcap_data_api_listings_historical
2016-03-04,1082,SIB,SIBCoin,sibcoin,90,9150874.0,0.02753032,251926.45530687,9426.1484375,2016-03-04T00:00:00.000Z,2016-03-04T23:59:24.000Z,coinmarketcap_data_api_listings_historical
2016-03-04,49,CBX,Bullion,bullion,91,968845.107129,0.23843259,231004.24451328,533.98181152,2016-03-04T00:00:00.000Z,2016-03-04T23:59:01.000Z,coinmarketcap_data_api_listings_historical
2016-03-04,25,GLC,GoldCoin,goldcoin,92,37255741.0,0.00608503,226702.34637158,521.93011475,2016-03-04T00:00:00.000Z,2016-03-04T23:59:01.000Z,coinmarketcap_data_api_listings_historical
2016-03-04,788,COVAL,Circuits of Value,circuits-of-value,93,400000000.0,0.0005265,210598.90277684,5860.27636719,2016-03-04T00:00:00.000Z,2016-03-04T23:59:17.000Z,coinmarketcap_data_api_listings_historical
2016-03-04,501,XCN,Cryptonite,cryptonite,94,193445626.657247,0.00106906,206805.03849901,11606.68847656,2016-03-04T00:00:00.000Z,2016-03-04T23:59:12.000Z,coinmarketcap_data_api_listings_historical
2016-03-04,1026,AEON,Aeon,aeon,95,10603003.39002,0.01809834,191896.79391876,550.78729248,2016-03-04T00:00:00.000Z,2016-03-04T23:59:23.000Z,coinmarketcap_data_api_listings_historical
2016-03-04,702,SPR,SpreadCoin,spreadcoin,96,5025867.58451831,0.0376569,189258.57201686,830.97277832,2016-03-04T00:00:00.000Z,2016-03-04T23:59:16.000Z,coinmarketcap_data_api_listings_historical
2016-03-04,284,DIEM,Diem,diem,97,21739971929.0816,8.17e-06,177567.02946606,989.38110352,2016-03-04T00:00:00.000Z,2016-03-04T23:59:08.000Z,coinmarketcap_data_api_listings_historical
2016-03-04,272,NRS,NoirShares,noirshares,98,2477480.606737,0.06910277,171200.77646177,1344.57653809,2016-03-04T00:00:00.000Z,2016-03-04T23:59:08.000Z,coinmarketcap_data_api_listings_historical
2016-03-04,1153,CRB,Creditbit,creditbit,99,11426479.0153005,0.01416792,161889.45905424,2045.8248291,2016-03-04T00:00:00.000Z,2016-03-04T23:59:27.000Z,coinmarketcap_data_api_listings_historical
2016-03-04,130,HUC,HunterCoin,huntercoin,100,11253180.0,0.01233978,138861.76670607,2858.48901367,2016-03-04T00:00:00.000Z,2016-03-04T23:59:05.000Z,coinmarketcap_data_api_listings_historical
2016-03-04,1175,RBIES,Rubies,rubies,101,5013740.81078328,0.0270331,135536.9749116,2029.55322266,2016-03-04T00:00:00.000Z,2016-03-04T23:59:27.000Z,coinmarketcap_data_api_listings_historical
2016-03-04,734,BYC,Bytecent,bytecent,102,928095.33213393,0.13092917,121514.75340959,12342.19628906,2016-03-04T00:00:00.000Z,2016-03-04T23:59:17.000Z,coinmarketcap_data_api_listings_historical
2016-03-04,353,HYPER,Hyper,hyper,103,5662626.48570244,0.01998222,113151.83054618,899.67114258,2016-03-04T00:00:00.000Z,2016-03-04T23:59:09.000Z,coinmarketcap_data_api_listings_historical
2016-03-04,406,BBR,Boolberry,boolberry,104,6588523.40374582,0.01668686,109941.78302666,649.59008789,2016-03-04T00:00:00.000Z,2016-03-04T23:59:11.000Z,coinmarketcap_data_api_listings_historical
2016-03-04,450,TRUST,TrustPlus,trustplus,105,32086595.2637433,0.00329472,105716.38711974,633.02288818,2016-03-04T00:00:00.000Z,2016-03-04T23:59:11.000Z,coinmarketcap_data_api_listings_historical
2016-03-04,623,BITUSD,bitUSD,bitusd,106,102145.0597,1.00600791,102758.73800262,5965.29052734,2016-03-04T00:00:00.000Z,2016-03-04T23:59:14.000Z,coinmarketcap_data_api_listings_historical
2016-03-04,306,SILK,Silkcoin,silkcoin,107,43755188.153978,0.00205663,89988.23679029,593.78082275,2016-03-04T00:00:00.000Z,2016-03-04T23:59:09.000Z,coinmarketcap_data_api_listings_historical
2016-03-04,525,HYP,HyperStake,hyperstake,108,385796096.914179,0.00023207,89531.44776781,762.86749268,2016-03-04T00:00:00.000Z,2016-03-04T23:59:12.000Z,coinmarketcap_data_api_listings_historical
2016-03-04,374,ABY,ArtByte,artbyte,109,636520850.0,0.00013628,86744.52152507,1285.7253418,2016-03-04T00:00:00.000Z,2016-03-04T23:59:10.000Z,coinmarketcap_data_api_listings_historical
2016-03-04,267,NAS,Nas,nas,110,10000000000.0,8.23e-06,82265.1963972,738.43713379,2016-03-04T00:00:00.000Z,2016-03-04T23:59:08.000Z,coinmarketcap_data_api_listings_historical
2016-03-04,1169,PIVX,PIVX,pivx,111,11706751.0,0.00689541,80722.83035262,1554.21435547,2016-03-04T00:00:00.000Z,2016-03-04T23:59:27.000Z,coinmarketcap_data_api_listings_historical
2016-03-04,543,BTM,Bitmark,bitmark,112,1120600.0,0.06992542,78358.42563659,599.05737305,2016-03-04T00:00:00.000Z,2016-03-04T23:59:13.000Z,coinmarketcap_data_api_listings_historical
2016-03-04,760,OK,OKCash,okcash,113,62855731.3464138,0.00124339,78153.88945246,894.36444092,2016-03-04T00:00:00.000Z,2016-03-04T23:59:17.000Z,coinmarketcap_data_api_listings_historical
2016-03-04,1140,RHC,RhinoCoin,rhinocoin-rhc,114,138364.669218998,0.56074786,77587.69242182,201434.453125,2016-03-04T00:00:00.000Z,2016-03-04T23:59:26.000Z,coinmarketcap_data_api_listings_historical
2016-03-04,624,BITCNY,bitCNY,bitcny,115,506382.4793,0.15284708,77399.08404465,938.14318848,2016-03-04T00:00:00.000Z,2016-03-04T23:59:14.000Z,coinmarketcap_data_api_listings_historical
2016-03-04,510,LXC,Librexcoin,librexcoin,116,9780364.88632565,0.00721877,70602.21586295,1193.44799805,2016-03-04T00:00:00.000Z,2016-03-04T23:59:12.000Z,coinmarketcap_data_api_listings_historical
2016-03-04,182,XMY,Myriad,myriad,117,1111495000.0,6.161e-05,68478.49589663,529.10620117,2016-03-04T00:00:00.000Z,2016-03-04T23:59:07.000Z,coinmarketcap_data_api_listings_historical
2016-03-04,823,GEO,GeoCoin,geocoin,118,2390444.28334197,0.02560412,61205.22559956,2035.63513184,2016-03-04T00:00:00.000Z,2016-03-04T23:59:18.000Z,coinmarketcap_data_api_listings_historical
2016-03-04,1141,MOIN,Moin,moin,119,9213414.42282281,0.00648447,59744.12533543,1298.84216309,2016-03-04T00:00:00.000Z,2016-03-04T23:59:26.000Z,coinmarketcap_data_api_listings_historical
2016-03-04,17,YAC,Yacoin,yacoin,120,86757572.0,0.000688,59689.108544,1074.52783203,2016-03-04T00:00:00.000Z,2016-03-04T23:59:00.000Z,coinmarketcap_data_api_listings_historical
2016-03-04,1111,SOIL,SOILcoin,soilcoin,121,3381312.0,0.01694712,57303.5142653,2885.51416016,2016-03-04T00:00:00.000Z,2016-03-04T23:59:25.000Z,coinmarketcap_data_api_listings_historical
2016-03-04,819,BITB,Bean Cash,bean-cash,122,1233572000.0,4.108e-05,50680.09929339,1811.88574219,2016-03-04T00:00:00.000Z,2016-03-04T23:59:18.000Z,coinmarketcap_data_api_listings_historical
2016-03-04,69,DTC,Datacoin,datacoin,123,13998538.0,0.00315723,44196.53700159,688.55322266,2016-03-04T00:00:00.000Z,2016-03-04T23:59:02.000Z,coinmarketcap_data_api_listings_historical
2016-03-04,12,BQC,BBQCoin,bbqcoin,124,47780031.56,0.00077673,37112.08993449,580.5690918,2016-03-04T00:00:00.000Z,2016-03-04T23:59:01.000Z,coinmarketcap_data_api_listings_historical
2016-03-04,914,SPHR,Sphere,sphere,125,3082940.27603443,0.01142252,35214.9571274,1011.01220703,2016-03-04T00:00:00.000Z,2016-03-04T23:59:20.000Z,coinmarketcap_data_api_listings_historical
2016-03-04,1142,BUCKS,SwagBucks,swagbucks,126,77689.019,0.44779903,34789.06711415,1938.28039551,2016-03-04T00:00:00.000Z,2016-03-04T23:59:26.000Z,coinmarketcap_data_api_listings_historical
2016-03-04,461,QTL,Quatloo,quatloo,127,5062001.87,0.00480045,24299.89659303,538.2175293,2016-03-04T00:00:00.000Z,2016-03-04T23:59:11.000Z,coinmarketcap_data_api_listings_historical
2016-03-04,625,BITBTC,bitBTC,bitbtc,128,55.39877646,414.23480225,22948.10121158,1010.09692383,2016-03-04T00:00:00.000Z,2016-03-04T23:59:14.000Z,coinmarketcap_data_api_listings_historical
2016-03-04,473,APEX,ApexCoin,apexcoin,129,6133914.20996267,0.00308495,18922.78813675,1150.55541992,2016-03-04T00:00:00.000Z,2016-03-04T23:59:11.000Z,coinmarketcap_data_api_listings_historical
2016-03-04,1181,CYG,Cygnus,cygnus,130,12876032.1321187,0.001315,16932.04372867,1875.8494873,2016-03-04T00:00:00.000Z,2016-03-04T23:59:28.000Z,coinmarketcap_data_api_listings_historical
2016-03-04,1180,DES,Destiny,destiny,131,147561.97249947,0.06782959,10009.06868685,2626.46386719,2016-03-04T00:00:00.000Z,2016-03-04T23:59:28.000Z,coinmarketcap_data_api_listings_historical
2016-03-04,1083,KNC,KhanCoin,khancoin,132,70631.1400003433,0.06994598,4940.36455931,3114.74121094,2016-03-04T00:00:00.000Z,2016-03-04T23:59:24.000Z,coinmarketcap_data_api_listings_historical
2016-03-04,1037,AGRS,Agoras Tokens,agoras-tokens,133,42000000.0,0.17673856,7423019.528389,93.46824646,2016-03-04T00:00:00.000Z,2016-03-04T23:59:23.000Z,coinmarketcap_data_api_listings_historical
2016-03-04,699,NSR,NuShares,nushares,134,819278116.0,0.00239893,1965390.48926383,169.16789246,2016-03-04T00:00:00.000Z,2016-03-04T23:59:16.000Z,coinmarketcap_data_api_listings_historical
2016-03-04,920,XSD,SounDAC,bitshares-music,135,1359468713.4752,0.00142792,1941206.17110795,453.14178467,2016-03-04T00:00:00.000Z,2016-03-04T23:59:20.000Z,coinmarketcap_data_api_listings_historical
2016-03-04,793,CELL,SolarFarm,solarfarm,136,290646350.0,0.00646018,1877628.29047034,0.64602238,2016-03-04T00:00:00.000Z,2016-03-04T20:44:18.000Z,coinmarketcap_data_api_listings_historical
2016-03-04,703,RBT,Rimbit,rimbit,137,113868126.000289,0.011326,1289670.08768612,10.41575336,2016-03-04T00:00:00.000Z,2016-03-04T23:59:16.000Z,coinmarketcap_data_api_listings_historical
2016-03-04,1057,BKS,BlockShares,blockshares,138,187361.6565,5.54663992,1039227.64328552,105.89040375,2016-03-04T00:00:00.000Z,2016-03-04T23:59:24.000Z,coinmarketcap_data_api_listings_historical
2016-03-04,224,FAIR,FairCoin,faircoin,139,52419125.43244,0.01521906,797769.90083188,339.27252197,2016-03-04T00:00:00.000Z,2016-03-04T23:59:07.000Z,coinmarketcap_data_api_listings_historical
2016-03-04,350,BOST,BoostCoin,boostcoin,140,12289620.2807918,0.06291113,773153.90513187,290.47750854,2016-03-04T00:00:00.000Z,2016-03-04T23:59:09.000Z,coinmarketcap_data_api_listings_historical
2016-03-04,643,UNITY,SuperNET,supernet-unity,141,816061.0,0.89841318,733159.95914888,139.62753296,2016-03-04T00:00:00.000Z,2016-03-04T23:59:15.000Z,coinmarketcap_data_api_listings_historical
2016-03-04,804,AMBER,AmberCoin,ambercoin,142,43247088.7982547,0.01562216,675612.91765297,40.98957825,2016-03-04T00:00:00.000Z,2016-03-04T23:59:18.000Z,coinmarketcap_data_api_listings_historical
2016-03-04,233,SLR,SolarCoin,solarcoin,143,34260937.8847504,0.01621914,555682.91721911,427.96957397,2016-03-04T00:00:00.000Z,2016-03-04T23:59:07.000Z,coinmarketcap_data_api_listings_historical
2016-03-04,607,SWARM,Swarm,swarm,144,99945431.02,0.00519916,519632.32980416,61.41217422,2016-03-04T00:00:00.000Z,2016-03-04T23:59:14.000Z,coinmarketcap_data_api_listings_historical
2016-03-04,148,AUR,Auroracoin,auroracoin,145,7826209.13596773,0.06232288,487751.90123146,427.77563477,2016-03-04T00:00:00.000Z,2016-03-04T23:59:05.000Z,coinmarketcap_data_api_listings_historical
2016-03-04,77,DMD,Diamond,diamond,146,1544522.64341941,0.30519518,471380.87012934,400.51260376,2016-03-04T00:00:00.000Z,2016-03-04T23:59:03.000Z,coinmarketcap_data_api_listings_historical
2016-03-04,45,CSC,CasinoCoin,casinocoin,147,36556445.0,0.01275522,466285.4579355,12.93699646,2016-03-04T00:00:00.000Z,2016-03-04T23:59:01.000Z,coinmarketcap_data_api_listings_historical
2016-03-04,764,XPY,PayCoin,paycoin2,148,16797435.2547561,0.02369941,398089.27812595,52.31856155,2016-03-04T00:00:00.000Z,2016-03-04T23:59:17.000Z,coinmarketcap_data_api_listings_historical
2016-03-04,375,VOOT,VootCoin,vootcoin,149,69280656.2239512,0.00534724,370460.15223916,154.66859436,2016-03-04T00:00:00.000Z,2016-03-04T23:59:10.000Z,coinmarketcap_data_api_listings_historical
2016-03-04,333,CURE,Curecoin,curecoin,150,26431310.0,0.01270225,335737.05614996,416.12796021,2016-03-04T00:00:00.000Z,2016-03-04T23:59:09.000Z,coinmarketcap_data_api_listings_historical
2016-03-04,495,IOC,I/O Coin,iocoin,151,16234391.1196558,0.01803212,292740.46733621,300.95248413,2016-03-04T00:00:00.000Z,2016-03-04T23:59:12.000Z,coinmarketcap_data_api_listings_historical
2016-03-04,116,KARMA,Karmacoin,karmacoin,152,70624394065.0,4.11e-06,290496.48240953,0.04935912,2016-03-04T00:00:00.000Z,2016-03-04T23:59:04.000Z,coinmarketcap_data_api_listings_historical
2016-03-04,659,BITS,Bitswift,bitswift,153,4045038.54045571,0.06770015,273849.70635297,0.19302295,2016-03-04T00:00:00.000Z,2016-03-04T23:59:15.000Z,coinmarketcap_data_api_listings_historical
2016-03-04,269,AC,AsiaCoin,asiacoin,154,394473921.358668,0.00061913,244230.76733349,7.0489645,2016-03-04T00:00:00.000Z,2016-03-04T23:59:08.000Z,coinmarketcap_data_api_listings_historical
2016-03-04,57,SRC,SecureCoin,securecoin,155,5543825.95,0.04207307,233245.76217004,256.87194824,2016-03-04T00:00:00.000Z,2016-03-04T23:59:02.000Z,coinmarketcap_data_api_listings_historical
2016-03-04,810,LQD,LIQUID,liquid,156,341714.02,0.62005854,211882.69515283,4.64813757,2016-03-04T00:00:00.000Z,2016-03-04T23:59:18.000Z,coinmarketcap_data_api_listings_historical
2016-03-04,603,DEX,InstantDEX,instantdex,157,1000000.0,0.20054276,200542.76287556,34.89444351,2016-03-04T00:00:00.000Z,2016-03-04T10:19:14.000Z,coinmarketcap_data_api_listings_historical
2016-03-04,234,EFL,e-Gulden,e-gulden,158,14114578.75,0.01414356,199630.37943357,252.61624146,2016-03-04T00:00:00.000Z,2016-03-04T23:59:07.000Z,coinmarketcap_data_api_listings_historical
2016-03-04,75,NET,NetCoin,netcoin,159,617377660.045331,0.00030849,190457.60701329,78.91805267,2016-03-04T00:00:00.000Z,2016-03-04T23:59:03.000Z,coinmarketcap_data_api_listings_historical
2016-03-04,520,VTA,Virtacoin,virtacoin,160,11683628879.9499,1.587e-05,185443.29550765,110.67577362,2016-03-04T00:00:00.000Z,2016-03-04T23:59:12.000Z,coinmarketcap_data_api_listings_historical
2016-03-04,688,MED,MediterraneanCoin,mediterraneancoin,161,40431896.9,0.00456572,184600.66305311,265.79101563,2016-03-04T00:00:00.000Z,2016-03-04T23:59:16.000Z,coinmarketcap_data_api_listings_historical
2016-03-04,723,BAY,BitBay,bitbay,162,1003583089.40506,0.00018136,182014.00146103,265.57476807,2016-03-04T00:00:00.000Z,2016-03-04T23:59:17.000Z,coinmarketcap_data_api_listings_historical
2016-03-04,707,BLOCK,Blocknet,blocknet,163,3910516.33690673,0.04579781,179093.09860491,235.82426453,2016-03-04T00:00:00.000Z,2016-03-04T23:59:16.000Z,coinmarketcap_data_api_listings_historical
2016-03-04,122,POT,PotCoin,potcoin,164,212470293.044177,0.0008385,178156.21319997,390.48147583,2016-03-04T00:00:00.000Z,2016-03-04T23:59:04.000Z,coinmarketcap_data_api_listings_historical
2016-03-04,694,XTC,TileCoin,tilecoin,165,100000000.0,0.00171117,171117.06547439,346.21389771,2016-03-04T00:00:00.000Z,2016-03-04T23:59:16.000Z,coinmarketcap_data_api_listings_historical
2016-03-04,757,SKYNET,SkyNET,skynet-asset,166,894222.7424,0.18067475,161563.46741621,252.38818359,2016-03-04T00:00:00.000Z,2016-03-04T23:59:17.000Z,coinmarketcap_data_api_listings_historical
2016-03-04,573,BURST,Burst,burst,167,1114878762.0,0.00014067,156827.84107608,172.69770813,2016-03-04T00:00:00.000Z,2016-03-04T23:59:14.000Z,coinmarketcap_data_api_listings_historical
2016-03-04,1156,YOC,Yocoin,yocoin,168,17152500.0,0.00889645,152596.39935801,125.82572937,2016-03-04T00:00:00.000Z,2016-03-04T23:59:27.000Z,coinmarketcap_data_api_listings_historical
2016-03-04,645,JINN,Jinn,jinn,169,58703.0,2.52221942,148061.8465817,37.83329391,2016-03-04T00:00:00.000Z,2016-03-04T23:59:15.000Z,coinmarketcap_data_api_listings_historical
2016-03-04,59,TIX,Tickets,tickets,170,66876281414.0,2.1e-06,140584.13504219,275.32672119,2016-03-04T00:00:00.000Z,2016-03-04T23:59:03.000Z,coinmarketcap_data_api_listings_historical
2016-03-04,335,XC,XCurrency,xcurrency,171,5662485.29844779,0.02474714,140130.28878239,205.60038757,2016-03-04T00:00:00.000Z,2016-03-04T23:59:09.000Z,coinmarketcap_data_api_listings_historical
2016-03-04,448,XST,Stealth,stealth,172,23177831.6158082,0.005738,132994.3419876,59.52427673,2016-03-04T00:00:00.000Z,2016-03-04T23:59:11.000Z,coinmarketcap_data_api_listings_historical
2016-03-04,502,CARBON,Carboncoin,carboncoin,173,15385322911.1352,8.23e-06,126567.66109189,16.54817963,2016-03-04T00:00:00.000Z,2016-03-04T23:59:12.000Z,coinmarketcap_data_api_listings_historical
2016-03-04,948,ADC,AudioCoin,audiocoin,174,757949986.775602,0.00016454,124712.79630948,35.59732056,2016-03-04T00:00:00.000Z,2016-03-04T23:59:21.000Z,coinmarketcap_data_api_listings_historical
2016-03-04,321,NAUT,NautilusCoin,nautiluscoin,175,5979119.0,0.02075368,124088.69892052,116.67333221,2016-03-04T00:00:00.000Z,2016-03-04T23:59:09.000Z,coinmarketcap_data_api_listings_historical
2016-03-04,7,DVC,Devcoin,devcoin,176,10768460049.9997,1.139e-05,122645.42985128,77.44696808,2016-03-04T00:00:00.000Z,2016-03-04T23:59:00.000Z,coinmarketcap_data_api_listings_historical
2016-03-04,444,FIMK,FIMKrypto,fimkrypto,177,454311198.0,0.00026736,121465.50596689,1.06944764,2016-03-04T00:00:00.000Z,2016-03-04T23:59:11.000Z,coinmarketcap_data_api_listings_historical
2016-03-04,470,VIA,Viacoin,viacoin,178,20257770.0,0.00586756,118863.6323254,481.28317261,2016-03-04T00:00:00.000Z,2016-03-04T23:59:12.000Z,coinmarketcap_data_api_listings_historical
2016-03-04,89,MOON,Mooncoin,mooncoin,179,211007365395.0,5.5e-07,115940.61622376,89.51628113,2016-03-04T00:00:00.000Z,2016-03-04T23:59:03.000Z,coinmarketcap_data_api_listings_historical
2016-03-04,1032,TX,TransferCoin,transfercoin,180,5339985.99999998,0.02147126,114656.20852615,374.22900391,2016-03-04T00:00:00.000Z,2016-03-04T23:59:23.000Z,coinmarketcap_data_api_listings_historical
2016-03-04,377,NAV,NavCoin,nav-coin,181,59599414.0216761,0.0019149,114126.6629266,102.96360779,2016-03-04T00:00:00.000Z,2016-03-04T23:59:10.000Z,coinmarketcap_data_api_listings_historical
2016-03-04,64,FLO,FLO,flo,182,101569400.0,0.00110647,112383.18743913,110.04665375,2016-03-04T00:00:00.000Z,2016-03-04T23:59:03.000Z,coinmarketcap_data_api_listings_historical
2016-03-04,481,JLH,jl777hodl,jl777hodl,183,10000000.0,0.01076822,107682.15171993,36.88113785,2016-03-04T00:00:00.000Z,2016-03-04T23:59:12.000Z,coinmarketcap_data_api_listings_historical
2016-03-04,964,ERC,EuropeCoin,europecoin,184,94961503.5115468,0.00113048,107352.5308963,18.58641434,2016-03-04T00:00:00.000Z,2016-03-04T23:59:21.000Z,coinmarketcap_data_api_listings_historical
2016-03-04,164,MAZA,MAZA,mazacoin,185,865886100.0,0.00012367,107087.62820245,117.585495,2016-03-04T00:00:00.000Z,2016-03-04T23:59:06.000Z,coinmarketcap_data_api_listings_historical
2016-03-04,325,TEK,TEKcoin,tekcoin,186,109308918.602718,0.00095789,104706.12432704,37.41542053,2016-03-04T00:00:00.000Z,2016-03-04T23:59:09.000Z,coinmarketcap_data_api_listings_historical
2016-03-04,532,NXTTY,Nxttycoin,nxttycoin,187,1000000000.0,0.00010335,103345.95572203,6.82083321,2016-03-04T00:00:00.000Z,2016-03-04T23:59:12.000Z,coinmarketcap_data_api_listings_historical
2016-03-04,121,UTC,UltraCoin,ultracoin,188,32255289.734461,0.00315076,101628.58538035,21.90977287,2016-03-04T00:00:00.000Z,2016-03-04T23:59:04.000Z,coinmarketcap_data_api_listings_historical
2016-03-04,799,SMLY,SmileyCoin,smileycoin,189,25259260000.0,3.89e-06,98327.45853169,247.19433594,2016-03-04T00:00:00.000Z,2016-03-04T23:59:18.000Z,coinmarketcap_data_api_listings_historical
2016-03-04,258,GRS,Groestlcoin,groestlcoin,190,62621436.3419563,0.00153626,96202.53867133,102.1944809,2016-03-04T00:00:00.000Z,2016-03-04T23:59:08.000Z,coinmarketcap_data_api_listings_historical
2016-03-04,62,PTS,BitShares PTS,bitshares-pts,191,999999386.0,9.46e-05,94604.91867882,46.52441406,2016-03-04T00:00:00.000Z,2016-03-04T23:59:02.000Z,coinmarketcap_data_api_listings_historical
2016-03-04,588,UBQ,Ubiq,ubiq,192,3533888.46064438,0.02573255,90935.97739397,173.82925415,2016-03-04T00:00:00.000Z,2016-03-04T23:59:14.000Z,coinmarketcap_data_api_listings_historical
2016-03-04,1159,SLS,SaluS,salus,193,1000306.8591153,0.08675333,86779.95217522,58.53095627,2016-03-04T00:00:00.000Z,2016-03-04T23:59:27.000Z,coinmarketcap_data_api_listings_historical
2016-03-04,58,SXC,Sexcoin,sexcoin,194,110977576.394311,0.00077286,85770.49985135,207.14006042,2016-03-04T00:00:00.000Z,2016-03-04T23:59:03.000Z,coinmarketcap_data_api_listings_historical
2016-03-04,161,PND,Pandacoin,pandacoin-pnd,195,32514916897.7707,2.63e-06,85536.98480959,14.20312595,2016-03-04T00:00:00.000Z,2016-03-04T23:59:06.000Z,coinmarketcap_data_api_listings_historical
2016-03-04,854,CV2,Colossuscoin V2,colossuscoin-v2,196,20533717756.255,4.11e-06,84412.05377617,0.56313103,2016-03-04T00:00:00.000Z,2016-03-04T23:59:19.000Z,coinmarketcap_data_api_listings_historical
2016-03-04,679,SMBR,Sembro Token,sembro-token,197,2502482.47887597,0.03314512,82945.07831844,0.10142407,2016-03-04T00:00:00.000Z,2016-03-04T21:59:16.000Z,coinmarketcap_data_api_listings_historical
2016-03-04,466,HZ,Horizon,next-horizon,198,997271589.3805,8.227e-05,82040.74678979,319.15054321,2016-03-04T00:00:00.000Z,2016-03-04T23:59:12.000Z,coinmarketcap_data_api_listings_historical
2016-03-04,81,MMC,Memorycoin,memorycoin,199,10073034.0287852,0.00776254,78192.32620688,34.71525955,2016-03-04T00:00:00.000Z,2016-03-04T23:59:05.000Z,coinmarketcap_data_api_listings_historical
2016-03-04,322,ENRG,Energycoin,energycoin,200,119421934.968292,0.00063756,76138.08999735,187.25840759,2016-03-04T00:00:00.000Z,2016-03-04T23:59:09.000Z,coinmarketcap_data_api_listings_historical
2016-03-04,72,DEM,Deutsche eMark,deutsche-emark,201,18831642.866173,0.00403908,76062.43969628,26.11297035,2016-03-04T00:00:00.000Z,2016-03-04T23:59:03.000Z,coinmarketcap_data_api_listings_historical
2016-03-04,970,INDEX,CoinoIndex,coinoindex,202,338.390000000014,222.61160278,75329.54026581,317.16775513,2016-03-04T00:00:00.000Z,2016-03-04T23:59:21.000Z,coinmarketcap_data_api_listings_historical
2016-03-04,622,NXTV,NXTventure,nxtventure,203,1000000.0,0.0722699,72269.90163326,6.21521139,2016-03-04T00:00:00.000Z,2016-03-04T23:59:14.000Z,coinmarketcap_data_api_listings_historical
2016-03-04,1062,FLY,Flycoin,flycoin,204,191444.39213689,0.37476322,71746.3169532,3.74763227,2016-03-04T00:00:00.000Z,2016-03-04T23:59:24.000Z,coinmarketcap_data_api_listings_historical
2016-03-04,651,MARYJ,MaryJane,maryjane,205,51882309.3362584,0.00136591,70866.34433561,246.56582642,2016-03-04T00:00:00.000Z,2016-03-04T23:59:15.000Z,coinmarketcap_data_api_listings_historical
2016-03-04,595,NODE,Node,node,206,1000000000.0,6.99e-05,69899.74644966,0.78534424,2016-03-04T00:00:00.000Z,2016-03-04T23:14:14.000Z,coinmarketcap_data_api_listings_historical
2016-03-04,279,CCN,CannaCoin,cannacoin,207,4667291.77402468,0.01438818,67153.84877428,2.57401228,2016-03-04T00:00:00.000Z,2016-03-04T23:59:08.000Z,coinmarketcap_data_api_listings_historical
2016-03-04,789,NXS,Nexus,nexus,208,34164315.4807,0.0019538,66750.19104048,28.45888138,2016-03-04T00:00:00.000Z,2016-03-04T23:59:17.000Z,coinmarketcap_data_api_listings_historical
2016-03-04,78,HBN,HoboNickels,hobonickels,209,20207439.504448,0.00326182,65912.93516551,39.29976654,2016-03-04T00:00:00.000Z,2016-03-04T23:59:04.000Z,coinmarketcap_data_api_listings_historical
2016-03-04,117,NOBL,NobleCoin,noblecoin,210,2259967883.77038,2.879e-05,65070.84768884,88.64858246,2016-03-04T00:00:00.000Z,2016-03-04T23:59:04.000Z,coinmarketcap_data_api_listings_historical
2016-03-04,276,BITS,Bitstar,bitstar,211,18820916.473907,0.00331154,62326.17392179,115.80623627,2016-03-04T00:00:00.000Z,2016-03-04T23:59:08.000Z,coinmarketcap_data_api_listings_historical
2016-03-04,729,BLITZ,Blitzcash,blitzcash,212,3944145.34863012,0.01579492,62297.45212936,328.33905029,2016-03-04T00:00:00.000Z,2016-03-04T23:59:17.000Z,coinmarketcap_data_api_listings_historical
2016-03-04,341,SUPER,SuperCoin,supercoin,213,37590459.4397886,0.00165433,62186.97446789,58.6054039,2016-03-04T00:00:00.000Z,2016-03-04T23:59:09.000Z,coinmarketcap_data_api_listings_historical
2016-03-04,313,PINK,Pinkcoin,pinkcoin,214,364709706.35979,0.00016463,60040.72359229,151.66246033,2016-03-04T00:00:00.000Z,2016-03-04T23:59:08.000Z,coinmarketcap_data_api_listings_historical
2016-03-04,536,J,Joincoin,joincoin,215,2425630.50557592,0.02432993,59015.42624391,117.79907227,2016-03-04T00:00:00.000Z,2016-03-04T23:59:13.000Z,coinmarketcap_data_api_listings_historical
2016-03-04,201,EMC2,Einsteinium,einsteinium,216,195374069.4,0.00029563,57758.274345,428.534729,2016-03-04T00:00:00.000Z,2016-03-04T23:59:07.000Z,coinmarketcap_data_api_listings_historical
2016-03-04,621,MRKT,FreeMarket,freemarket,217,720000.0,0.07949689,57237.76102066,64.47197723,2016-03-04T00:00:00.000Z,2016-03-04T23:59:14.000Z,coinmarketcap_data_api_listings_historical
2016-03-04,218,FLT,FlutterCoin,fluttercoin,218,289004345.916679,0.00019538,56465.88205542,30.34278679,2016-03-04T00:00:00.000Z,2016-03-04T23:59:08.000Z,coinmarketcap_data_api_listings_historical
2016-03-04,80,ORB,Orbitcoin,orbitcoin,219,2459498.279225,0.02264998,55707.59865674,71.19702911,2016-03-04T00:00:00.000Z,2016-03-04T23:59:03.000Z,coinmarketcap_data_api_listings_historical
2016-03-04,268,XWC,WhiteCoin,whitecoin,220,306584145.993991,0.00018098,55486.65207677,2.14709711,2016-03-04T00:00:00.000Z,2016-03-04T23:59:08.000Z,coinmarketcap_data_api_listings_historical
2016-03-04,926,BGCAFFE,Buongiorno Caffe,buongiorno-caffe,221,109295.0,0.5058893,55291.17066443,3.03533578,2016-03-04T00:00:00.000Z,2016-03-04T23:59:20.000Z,coinmarketcap_data_api_listings_historical
2016-03-04,96,EXC,Extremecoin,extremecoin,222,3679580.8045996,0.01465601,53927.96994969,52.86549759,2016-03-04T00:00:00.000Z,2016-03-04T23:59:06.000Z,coinmarketcap_data_api_listings_historical
2016-03-04,202,HEX,Heisenberg,heisenberg,223,12473553843.0,4.16e-06,51851.81643267,0.05985994,2016-03-04T00:00:00.000Z,2016-03-04T21:24:07.000Z,coinmarketcap_data_api_listings_historical
2016-03-04,103,RED,RedCoin,redcoin,224,73961749.0,0.00068685,50800.98829085,13.75531292,2016-03-04T00:00:00.000Z,2016-03-04T23:59:04.000Z,coinmarketcap_data_api_listings_historical
2016-03-04,939,GAM,Gambit,gambit,225,2010422.59361643,0.02520176,50666.18442551,8.74024487,2016-03-04T00:00:00.000Z,2016-03-04T20:04:21.000Z,coinmarketcap_data_api_listings_historical
2016-03-04,10,FRC,Freicoin,freicoin,226,45962594.0,0.00108265,49761.49503683,14.24432945,2016-03-04T00:00:00.000Z,2016-03-04T23:59:25.000Z,coinmarketcap_data_api_listings_historical
2016-03-04,908,DRZ,Droidz,droidz,227,8019165.11466138,0.00610408,48949.60677399,85.74952698,2016-03-04T00:00:00.000Z,2016-03-04T23:59:20.000Z,coinmarketcap_data_api_listings_historical
2016-03-04,4,TRC,Terracoin,terracoin,228,14308200.0,0.00329061,47082.67823858,59.42116928,2016-03-04T00:00:00.000Z,2016-03-04T23:59:00.000Z,coinmarketcap_data_api_listings_historical
2016-03-04,859,LOG,Woodcoin,woodcoin,229,8035193.05359805,0.00576268,46304.22359915,315.6244812,2016-03-04T00:00:00.000Z,2016-03-04T23:59:18.000Z,coinmarketcap_data_api_listings_historical
2016-03-04,963,CORE,CORE,core,230,437498.0,0.10479136,45846.00959185,52.39567566,2016-03-04T00:00:00.000Z,2016-03-04T23:59:21.000Z,coinmarketcap_data_api_listings_historical
2016-03-04,530,SSD,Sonic,sonicscrewdriver,231,22384823.627819,0.00197848,44287.88469931,1.23263299,2016-03-04T00:00:00.000Z,2016-03-04T23:59:12.000Z,coinmarketcap_data_api_listings_historical
2016-03-04,1073,STEPS,Steps,steps,232,13610428.668,0.00320568,43630.65120809,23.83648872,2016-03-04T00:00:00.000Z,2016-03-04T23:59:24.000Z,coinmarketcap_data_api_listings_historical
2016-03-04,155,MRC,microCoin,microcoin,233,18399612507.298,2.35e-06,43286.55511653,20.02977753,2016-03-04T00:00:00.000Z,2016-03-04T23:59:06.000Z,coinmarketcap_data_api_listings_historical
2016-03-04,63,I0C,I0Coin,i0coin,234,20914203.375,0.00205663,43012.78008374,0.3176319,2016-03-04T00:00:00.000Z,2016-03-04T23:59:03.000Z,coinmarketcap_data_api_listings_historical
2016-03-04,570,FIBRE,Fibre,fibre,235,638164.87119883,0.06596611,42097.25690072,41.82495117,2016-03-04T00:00:00.000Z,2016-03-04T23:59:13.000Z,coinmarketcap_data_api_listings_historical
2016-03-04,853,LDOGE,LiteDoge,litedoge,236,9982940138.75,4.11e-06,41062.42655679,2.21948624,2016-03-04T00:00:00.000Z,2016-03-04T23:59:18.000Z,coinmarketcap_data_api_listings_historical
2016-03-04,579,CNMT,Coinomat,coinomat,237,3000000.0,0.0134422,40326.60461962,8.17285824,2016-03-04T00:00:00.000Z,2016-03-04T23:59:13.000Z,coinmarketcap_data_api_listings_historical
2016-03-04,629,XMG,Magi,magi,238,3977915.73063251,0.00995214,39588.7670119,160.48416138,2016-03-04T00:00:00.000Z,2016-03-04T23:59:14.000Z,coinmarketcap_data_api_listings_historical
2016-03-04,29,CAP,Bottlecaps,bottlecaps,239,45361411.74578,0.0008679,39369.07297319,33.31387329,2016-03-04T00:00:00.000Z,2016-03-04T23:59:01.000Z,coinmarketcap_data_api_listings_historical
2016-03-04,1129,TVE,The Viral Exchange,the-viral-exchange,240,488918.233,0.07949689,38867.47913764,23.84906769,2016-03-04T00:00:00.000Z,2016-03-04T23:59:26.000Z,coinmarketcap_data_api_listings_historical
2016-03-04,1113,SCRT,SecretCoin,secretcoin,241,4204523.55606067,0.0092009,38685.38845839,142.86618042,2016-03-04T00:00:00.000Z,2016-03-04T23:59:26.000Z,coinmarketcap_data_api_listings_historical
2016-03-04,529,QBK,Qibuck,qibuck,242,516797.94847632,0.07403456,38260.91089338,99.06028748,2016-03-04T00:00:00.000Z,2016-03-04T23:59:13.000Z,coinmarketcap_data_api_listings_historical
2016-03-04,168,UFO,Uniform Fiscal Object,uniform-fiscal-object,243,2314151262.133,1.645e-05,38074.82161444,448.60443115,2016-03-04T00:00:00.000Z,2016-03-04T23:59:06.000Z,coinmarketcap_data_api_listings_historical
2016-03-04,1071,GSY,GenesysCoin,genesyscoin,244,1718549.25,0.02167021,37241.32504448,5.62403488,2016-03-04T00:00:00.000Z,2016-03-04T20:49:24.000Z,coinmarketcap_data_api_listings_historical
2016-03-04,661,ARCH,ARCHcoin,archcoin,245,16498315.3559335,0.00225464,37197.84215487,461.5977478,2016-03-04T00:00:00.000Z,2016-03-04T23:59:15.000Z,coinmarketcap_data_api_listings_historical
2016-03-04,627,SLG,Sterlingcoin,sterlingcoin,246,3881156.1090703,0.00950661,36896.63111107,0.17253827,2016-03-04T00:00:00.000Z,2016-03-04T23:59:14.000Z,coinmarketcap_data_api_listings_historical
2016-03-04,513,TIT,Titcoin,titcoin,247,42535074.15,0.00085939,36554.23030265,142.77626038,2016-03-04T00:00:00.000Z,2016-03-04T23:59:13.000Z,coinmarketcap_data_api_listings_historical
2016-03-04,1075,FUND,Cryptofund,cryptofund,248,1000000.0,0.03642403,36424.0296185,137.71925354,2016-03-04T00:00:00.000Z,2016-03-04T23:59:24.000Z,coinmarketcap_data_api_listings_historical
2016-03-04,329,SYNC,Sync,sync,249,1176.91784886,30.90917397,36377.55853346,27.14060211,2016-03-04T00:00:00.000Z,2016-03-04T23:59:09.000Z,coinmarketcap_data_api_listings_historical
2016-03-04,19,FRK,Franko,franko,250,618015.39912876,0.05869622,36275.1687949,432.61700439,2016-03-04T00:00:00.000Z,2016-03-04T23:59:01.000Z,coinmarketcap_data_api_listings_historical
2016-03-04,652,XCH,ClearingHouse,clearinghouse,251,103807696.513561,0.00034799,36123.89422052,64.14964294,2016-03-04T00:00:00.000Z,2016-03-04T23:59:15.000Z,coinmarketcap_data_api_listings_historical
2016-03-04,550,LTBC,LTBcoin,ltbcoin,252,435976686.0099,8.227e-05,35865.70928528,170.56155396,2016-03-04T00:00:00.000Z,2016-03-04T23:59:13.000Z,coinmarketcap_data_api_listings_historical
2016-03-04,249,CESC,CryptoEscudo,cryptoescudo,253,144105100.0,0.00024821,35768.0389089,39.02487946,2016-03-04T00:00:00.000Z,2016-03-04T23:59:07.000Z,coinmarketcap_data_api_listings_historical
2016-03-04,945,BTA,Bata,bata,254,4176620.25,0.00822305,34344.53884206,67.24675751,2016-03-04T00:00:00.000Z,2016-03-04T23:59:21.000Z,coinmarketcap_data_api_listings_historical
2016-03-04,831,WBB,Wild Beast Block,wild-beast-block,255,1372890.0,0.024809,34060.0242872,325.48876953,2016-03-04T00:00:00.000Z,2016-03-04T23:59:18.000Z,coinmarketcap_data_api_listings_historical
2016-03-04,145,DOPE,DopeCoin,dopecoin,256,141097296.258458,0.00023446,33081.08174357,9.69934273,2016-03-04T00:00:00.000Z,2016-03-04T23:59:05.000Z,coinmarketcap_data_api_listings_historical
2016-03-04,606,FLDC,FoldingCoin,foldingcoin,257,275500000.0,0.00011928,32862.89008247,32.95661163,2016-03-04T00:00:00.000Z,2016-03-04T23:59:14.000Z,coinmarketcap_data_api_listings_historical
2016-03-04,304,CDN,Canada eCoin,canada-ecoin,258,91460303.6949879,0.00035374,32353.02448791,17.56117058,2016-03-04T00:00:00.000Z,2016-03-04T23:59:09.000Z,coinmarketcap_data_api_listings_historical
2016-03-04,400,KORE,Kore,korecoin,259,1830948.808323,0.01732627,31723.51553571,1.01391578,2016-03-04T00:00:00.000Z,2016-03-04T16:59:10.000Z,coinmarketcap_data_api_listings_historical
2016-03-04,82,LOT,LottoCoin,lottocoin,260,14491014421.1776,2.12e-06,30651.45307638,0.32376704,2016-03-04T00:00:00.000Z,2016-03-04T23:59:03.000Z,coinmarketcap_data_api_listings_historical
2016-03-04,265,COMM,CommunityCoin,communitycoin,261,1057344895.65236,2.879e-05,30443.9408868,82.17059326,2016-03-04T00:00:00.000Z,2016-03-04T23:59:08.000Z,coinmarketcap_data_api_listings_historical
2016-03-04,748,NOXT,NobleNXT,noblenxt,262,551428.0,0.05461587,30116.71797328,77.96844482,2016-03-04T00:00:00.000Z,2016-03-04T23:59:17.000Z,coinmarketcap_data_api_listings_historical
2016-03-04,872,BCR,Bitcredits,bitcredits,263,26216378.9981032,0.00114188,29936.04884765,1.14188349,2016-03-04T00:00:00.000Z,2016-03-04T04:14:19.000Z,coinmarketcap_data_api_listings_historical
2016-03-04,671,GAIA,GAIA,gaia,264,24101381.448726,0.00122164,29443.16759654,9.02596474,2016-03-04T00:00:00.000Z,2016-03-04T23:59:15.000Z,coinmarketcap_data_api_listings_historical
2016-03-04,648,Privatebet,Privatebet,privatebet,265,400000.0,0.0722699,28907.96065331,352.51373291,2016-03-04T00:00:00.000Z,2016-03-04T23:59:15.000Z,coinmarketcap_data_api_listings_historical
2016-03-04,367,C2,Coin2.1,coin2-1,266,99976323.0,0.0002869,28683.09959107,8.18764973,2016-03-04T00:00:00.000Z,2016-03-04T23:59:10.000Z,coinmarketcap_data_api_listings_historical
2016-03-04,638,TROLL,Trollcoin,trollcoin,267,503379380.012,5.599e-05,28184.22428792,12.16376686,2016-03-04T00:00:00.000Z,2016-03-04T23:59:14.000Z,coinmarketcap_data_api_listings_historical
2016-03-04,386,PIGGY,Piggycoin,piggycoin,268,478658187.202048,5.756e-05,27553.34609103,6.26515388,2016-03-04T00:00:00.000Z,2016-03-04T23:59:10.000Z,coinmarketcap_data_api_listings_historical
2016-03-04,380,URO,Uro,uro,269,1135321.2,0.02425533,27537.59429965,7.79114294,2016-03-04T00:00:00.000Z,2016-03-04T23:59:10.000Z,coinmarketcap_data_api_listings_historical
2016-03-04,100,PRT,Particle,particle,270,714506932.000451,3.806e-05,27196.06999648,0.41868982,2016-03-04T00:00:00.000Z,2016-03-04T13:54:08.000Z,coinmarketcap_data_api_listings_historical
2016-03-04,835,ZRC,ZiftrCOIN,ziftrcoin,271,12773629.71088,0.00212231,27109.6287137,224.96018982,2016-03-04T00:00:00.000Z,2016-03-04T23:59:18.000Z,coinmarketcap_data_api_listings_historical
2016-03-04,101,KDC,KlondikeCoin,klondikecoin,272,7320629.0,0.00364435,26678.92225379,145.09524536,2016-03-04T00:00:00.000Z,2016-03-04T23:59:04.000Z,coinmarketcap_data_api_listings_historical
2016-03-04,951,SNRG,Synergy,synergy,273,1067263.77933758,0.02494692,26624.94672227,24.94833755,2016-03-04T00:00:00.000Z,2016-03-04T23:59:21.000Z,coinmarketcap_data_api_listings_historical
2016-03-04,989,MMBTCD,MMBTCD,mmbtcd,274,400000.0,0.06503424,26013.6961937,0.6503424,2016-03-04T00:00:00.000Z,2016-03-04T23:59:22.000Z,coinmarketcap_data_api_listings_historical
2016-03-04,114,TES,TeslaCoin,teslacoin,275,65936650.308361,0.00037826,24941.2978344,4.31403542,2016-03-04T00:00:00.000Z,2016-03-04T21:29:04.000Z,coinmarketcap_data_api_listings_historical
2016-03-04,337,CRYPT,CryptCoin,cryptcoin,276,6028751.09512795,0.00408858,24649.03482022,19.16665268,2016-03-04T00:00:00.000Z,2016-03-04T23:59:09.000Z,coinmarketcap_data_api_listings_historical
2016-03-04,1004,HNC,Hellenic Coin,helleniccoin,277,5794000.0,0.00421913,24445.62928099,193.77824402,2016-03-04T00:00:00.000Z,2016-03-04T06:14:24.000Z,coinmarketcap_data_api_listings_historical
2016-03-04,660,DSH,Dashcoin,dashcoin,278,12058917.0,0.00200861,24221.61842892,40.72013855,2016-03-04T00:00:00.000Z,2016-03-04T23:59:15.000Z,coinmarketcap_data_api_listings_historical
2016-03-04,154,MARS,Marscoin,marscoin,279,18863731.2896446,0.00125454,23665.38551258,276.68371582,2016-03-04T00:00:00.000Z,2016-03-04T23:59:06.000Z,coinmarketcap_data_api_listings_historical
2016-03-04,370,FCN,Fantomcoin,fantomcoin,280,3768993.28847859,0.00616989,23254.27420256,3.61425996,2016-03-04T00:00:00.000Z,2016-03-04T23:59:10.000Z,coinmarketcap_data_api_listings_historical
2016-03-04,904,BTX,BitcoinTX,bitcointx,281,72485598.9213099,0.00031942,23153.26851431,5.14264393,2016-03-04T00:00:00.000Z,2016-03-04T19:29:22.000Z,coinmarketcap_data_api_listings_historical
2016-03-04,1100,CUBE,DigiCube,digicube,282,3074782.254379,0.00742992,22845.37513402,245.38700867,2016-03-04T00:00:00.000Z,2016-03-04T23:59:25.000Z,coinmarketcap_data_api_listings_historical
2016-03-04,894,NTRN,Neutron,neutron,283,12617683.8877,0.00177945,22452.5697484,75.11224365,2016-03-04T00:00:00.000Z,2016-03-04T23:59:20.000Z,coinmarketcap_data_api_listings_historical
2016-03-04,575,MNTA,Moneta,moneta,284,16712687.5196268,0.00130688,21841.5359796,1.19515133,2016-03-04T00:00:00.000Z,2016-03-04T23:59:14.000Z,coinmarketcap_data_api_listings_historical
2016-03-04,416,THC,HempCoin,hempcoin,285,167558889.1735,0.00012751,21365.61078762,4.43455887,2016-03-04T00:00:00.000Z,2016-03-04T23:59:11.000Z,coinmarketcap_data_api_listings_historical
2016-03-04,842,BITZ,Bitz,bitz,286,1981071.90302014,0.01071916,21235.41856318,0.10218161,2016-03-04T00:00:00.000Z,2016-03-04T23:59:19.000Z,coinmarketcap_data_api_listings_historical
2016-03-04,1136,ADZ,Adzcoin,adzcoin,287,1614760.00001,0.01314999,21234.08199089,346.93096924,2016-03-04T00:00:00.000Z,2016-03-04T23:59:26.000Z,coinmarketcap_data_api_listings_historical
2016-03-04,818,CON,PayCon,paycon,288,16668964.9950625,0.0012546,20912.87777937,92.87203217,2016-03-04T00:00:00.000Z,2016-03-04T23:59:18.000Z,coinmarketcap_data_api_listings_historical
2016-03-04,477,TRI,Triangles,triangles,289,64490.30579,0.32206678,20770.18537884,0.3093321,2016-03-04T00:00:00.000Z,2016-03-04T23:59:12.000Z,coinmarketcap_data_api_listings_historical
2016-03-04,978,XRA,Ratecoin,ratecoin,290,84586412.43056,0.00024268,20527.6279865,61.44940186,2016-03-04T00:00:00.000Z,2016-03-04T23:59:21.000Z,coinmarketcap_data_api_listings_historical
2016-03-04,923,VIRAL,Viral,viral,291,5369378.81467714,0.00381036,20459.25802678,3.84041333,2016-03-04T00:00:00.000Z,2016-03-04T19:59:22.000Z,coinmarketcap_data_api_listings_historical
2016-03-04,388,SFR,SaffronCoin,saffroncoin,292,20386026.0,0.00098718,20124.72548844,5.50928831,2016-03-04T00:00:00.000Z,2016-03-04T23:59:10.000Z,coinmarketcap_data_api_listings_historical
2016-03-04,616,HTML5,HTML5COIN,htmlcoin5,293,40659020000.0,4.9e-07,19930.36148274,31.43567085,2016-03-04T00:00:00.000Z,2016-03-04T23:59:14.000Z,coinmarketcap_data_api_listings_historical
2016-03-04,745,DARK,DarkCoin,fudcoin,294,13061360.9006115,0.00150545,19663.26677454,0.18160689,2016-03-04T00:00:00.000Z,2016-03-04T23:59:17.000Z,coinmarketcap_data_api_listings_historical
2016-03-04,796,METAL,MetalCoin,metalcoin,295,76925527.458029,0.00025091,19301.2968834,5.05531168,2016-03-04T00:00:00.000Z,2016-03-04T23:59:17.000Z,coinmarketcap_data_api_listings_historical
2016-03-04,314,OC,OrangeCoin,orangecoin,296,60439298.296108,0.00028793,17402.17903473,0.41144529,2016-03-04T00:00:00.000Z,2016-03-04T23:59:09.000Z,coinmarketcap_data_api_listings_historical
2016-03-04,815,KOBO,Kobocoin,kobocoin,297,24290004.4720389,0.00071571,17384.5324035,0.07157072,2016-03-04T00:00:00.000Z,2016-03-04T23:59:18.000Z,coinmarketcap_data_api_listings_historical
2016-03-04,468,TRK,Truckcoin,truckcoin,298,54660892.115825,0.00031672,17312.25289599,139.53025818,2016-03-04T00:00:00.000Z,2016-03-04T23:59:12.000Z,coinmarketcap_data_api_listings_historical
2016-03-04,113,SMC,SmartCoin,smartcoin,299,20969525.999,0.00081854,17164.36880955,22.32009888,2016-03-04T00:00:00.000Z,2016-03-04T23:59:04.000Z,coinmarketcap_data_api_listings_historical
2016-03-04,366,BSD,BitSend,bitsend,300,9118000.0,0.00184931,16862.01395071,2.21301985,2016-03-04T00:00:00.000Z,2016-03-04T23:59:10.000Z,coinmarketcap_data_api_listings_historical
2016-03-04,293,XBC,Bitcoin Plus,bitcoin-plus,301,83677.24608868,0.20001139,16736.40208965,134.75479126,2016-03-04T00:00:00.000Z,2016-03-04T23:59:09.000Z,coinmarketcap_data_api_listings_historical
2016-03-04,212,ECC,ECC,eccoin,302,19476158736.7978,8.4e-07,16281.03630451,0.1192569,2016-03-04T00:00:00.000Z,2016-03-04T23:59:07.000Z,coinmarketcap_data_api_listings_historical
2016-03-04,1002,SPRTS,Sprouts,sprouts,303,673441249.416476,2.399e-05,16155.29211197,122.4646225,2016-03-04T00:00:00.000Z,2016-03-04T23:59:22.000Z,coinmarketcap_data_api_listings_historical
2016-03-04,706,MUE,MonetaryUnit,monetaryunit,304,84416119.975,0.0001897,16013.38941235,167.57749939,2016-03-04T00:00:00.000Z,2016-03-04T23:59:16.000Z,coinmarketcap_data_api_listings_historical
2016-03-04,382,GRN,Granite,granitecoin,305,28598400.0,0.00054902,15701.165515,73.30327606,2016-03-04T00:00:00.000Z,2016-03-04T23:59:10.000Z,coinmarketcap_data_api_listings_historical
2016-03-04,151,PTC,Pesetacoin,pesetacoin,306,115164649.414,0.00013574,15632.17002365,49.68907928,2016-03-04T00:00:00.000Z,2016-03-04T23:59:05.000Z,coinmarketcap_data_api_listings_historical
2016-03-04,14,BTB,BitBar,bitbar,307,23563.130705,0.65812159,15507.40494707,0.38637158,2016-03-04T00:00:00.000Z,2016-03-04T23:59:00.000Z,coinmarketcap_data_api_listings_historical
2016-03-04,76,PHS,Philosopher Stones,philosopher-stones,308,2429218.6911,0.00637555,15487.61272358,32.01024246,2016-03-04T00:00:00.000Z,2016-03-04T23:59:03.000Z,coinmarketcap_data_api_listings_historical
2016-03-04,797,NKA,IncaKoin,incakoin,309,3719843535.54401,4.11e-06,15300.68295092,233.0846405,2016-03-04T00:00:00.000Z,2016-03-04T23:59:18.000Z,coinmarketcap_data_api_listings_historical
2016-03-04,90,DIME,Dimecoin,dimecoin,310,468849736399.918,3e-08,15287.7624244,0.99253833,2016-03-04T00:00:00.000Z,2016-03-04T23:59:03.000Z,coinmarketcap_data_api_listings_historical
2016-03-04,733,XQN,Quotient,quotient,311,18413921.653667,0.00082265,15148.24975067,20.76103783,2016-03-04T00:00:00.000Z,2016-03-04T23:59:16.000Z,coinmarketcap_data_api_listings_historical
2016-03-04,680,STV,Sativacoin,sativacoin,312,7058031.84125645,0.00210638,14866.87046662,0.25623983,2016-03-04T00:00:00.000Z,2016-03-04T22:39:16.000Z,coinmarketcap_data_api_listings_historical
2016-03-04,1049,020,020LondonCoin,o2olondoncoin,313,148844350248.347,1e-07,14491.28619469,7.28704309,2016-03-04T00:00:00.000Z,2016-03-04T23:59:23.000Z,coinmarketcap_data_api_listings_historical
2016-03-04,724,DTC,DayTraderCoin,daytradercoin,314,1124327.49705457,0.0126236,14193.05505318,194.62692261,2016-03-04T00:00:00.000Z,2016-03-04T23:59:16.000Z,coinmarketcap_data_api_listings_historical
2016-03-04,719,VIP,Limitless VIP,limitless-vip,315,1253757268.0,1.102e-05,13813.73894818,0.22630201,2016-03-04T00:00:00.000Z,2016-03-04T23:59:16.000Z,coinmarketcap_data_api_listings_historical
2016-03-04,890,8BIT,8Bit,8bit,316,581034.78618273,0.02365124,13742.19556953,104.18598175,2016-03-04T00:00:00.000Z,2016-03-04T23:59:19.000Z,coinmarketcap_data_api_listings_historical
2016-03-04,785,GP,GoldPieces,goldpieces,317,1220160.94807913,0.01108112,13520.7532932,16.99308586,2016-03-04T00:00:00.000Z,2016-03-04T23:59:17.000Z,coinmarketcap_data_api_listings_historical
2016-03-04,921,UNIT,Universal Currency,universal-currency,318,11780197.9987037,0.00113115,13325.12911983,214.84507751,2016-03-04T00:00:00.000Z,2016-03-04T23:59:20.000Z,coinmarketcap_data_api_listings_historical
2016-03-04,958,G3N,G3N,genstake,319,4767678.0,0.00277098,13211.12431311,0.92786425,2016-03-04T00:00:00.000Z,2016-03-04T23:59:21.000Z,coinmarketcap_data_api_listings_historical
2016-03-04,1066,PAK,Pakcoin,pakcoin,320,23895050.0,0.00051381,12277.39660187,247.71366882,2016-03-04T00:00:00.000Z,2016-03-04T23:59:24.000Z,coinmarketcap_data_api_listings_historical
2016-03-04,720,CRW,Crown,crown,321,7440090.0,0.00162748,12108.59096079,33.45252609,2016-03-04T00:00:00.000Z,2016-03-04T23:59:16.000Z,coinmarketcap_data_api_listings_historical
2016-03-04,527,MWC,MultiWalletCoin,multiwalletcoin,322,27254738.2358011,0.00043343,11813.11050914,0.4399474,2016-03-04T00:00:00.000Z,2016-03-04T11:54:12.000Z,coinmarketcap_data_api_listings_historical
2016-03-04,867,MCZ,MangoCoinz,mangocoinz,323,1432365.86545,0.00822652,11783.38698642,2.99561334,2016-03-04T00:00:00.000Z,2016-03-04T23:59:19.000Z,coinmarketcap_data_api_listings_historical
2016-03-04,275,POP,PopularCoin,popularcoin,324,3187505961.48596,3.63e-06,11571.03160443,0.86741441,2016-03-04T00:00:00.000Z,2016-03-04T23:59:08.000Z,coinmarketcap_data_api_listings_historical
2016-03-04,1035,AMS,AmsterdamCoin,amsterdamcoin,325,9603706.824823,0.00117506,11284.9568504,8.23530579,2016-03-04T00:00:00.000Z,2016-03-04T23:59:23.000Z,coinmarketcap_data_api_listings_historical
2016-03-04,261,ADN,Aiden,aiden,326,14639403.0,0.00076918,11260.33022303,204.82647705,2016-03-04T00:00:00.000Z,2016-03-04T23:59:08.000Z,coinmarketcap_data_api_listings_historical
2016-03-04,893,SLING,Sling,sling,327,1074095.017,0.01042711,11199.71178387,1.47315168,2016-03-04T00:00:00.000Z,2016-03-04T23:59:19.000Z,coinmarketcap_data_api_listings_historical
2016-03-04,551,DONU,Donu,donu,328,8505375.43573485,0.00127658,10857.78157764,19.7339592,2016-03-04T00:00:00.000Z,2016-03-04T23:59:13.000Z,coinmarketcap_data_api_listings_historical
2016-03-04,125,BLC,Blakecoin,blakecoin,329,9661202.264657,0.00111881,10809.01852772,135.58158875,2016-03-04T00:00:00.000Z,2016-03-04T23:59:05.000Z,coinmarketcap_data_api_listings_historical
2016-03-04,811,DEBUNE,DeBuNe,debune,330,231731.0,0.04605056,10671.3431199,25.60411263,2016-03-04T00:00:00.000Z,2016-03-04T10:19:18.000Z,coinmarketcap_data_api_listings_historical
2016-03-04,778,BITGOLD,bitGold,bitgold,331,8.428785,1254.49047852,10573.83052796,0.06197207,2016-03-04T00:00:00.000Z,2016-03-04T23:59:17.000Z,coinmarketcap_data_api_listings_historical
2016-03-04,813,BITSILVER,bitSilver,bitsilver,332,666.8171,15.6365633,10426.7277944,291.2013855,2016-03-04T00:00:00.000Z,2016-03-04T23:59:18.000Z,coinmarketcap_data_api_listings_historical
2016-03-04,338,QCN,QuazarCoin,quazarcoin-old,333,3610236.93932812,0.00287928,10394.89021332,3.34324956,2016-03-04T00:00:00.000Z,2016-03-04T23:59:09.000Z,coinmarketcap_data_api_listings_historical
2016-03-04,857,SONG,SongCoin,songcoin,334,21386500.0,0.0004648,9940.41072151,168.63917542,2016-03-04T00:00:00.000Z,2016-03-04T23:59:19.000Z,coinmarketcap_data_api_listings_historical
2016-03-04,701,HAM,HamRadioCoin,hamradiocoin,335,4824571.87499991,0.00205482,9913.61588503,273.53530884,2016-03-04T00:00:00.000Z,2016-03-04T23:59:16.000Z,coinmarketcap_data_api_listings_historical
2016-03-04,205,BTCS,Bitcoin Scrypt,bitcoin-scrypt,336,12792950.0,0.00067869,8682.42011805,6.76317835,2016-03-04T00:00:00.000Z,2016-03-04T23:59:07.000Z,coinmarketcap_data_api_listings_historical
2016-03-04,1048,MAD,SatoshiMadness,satoshimadness,337,2000683485.05154,4.11e-06,8229.33099132,0.0411326,2016-03-04T00:00:00.000Z,2016-03-04T23:59:23.000Z,coinmarketcap_data_api_listings_historical
2016-03-04,960,FJC,FujiCoin,fujicoin,338,501677023.0,1.624e-05,8146.80283862,13.42105865,2016-03-04T00:00:00.000Z,2016-03-04T23:59:21.000Z,coinmarketcap_data_api_listings_historical
2016-03-04,717,DICE,NeoDICE,neodice,339,1000000.0,0.00810868,8108.68293047,10.13585377,2016-03-04T00:00:00.000Z,2016-03-04T23:59:16.000Z,coinmarketcap_data_api_listings_historical
2016-03-04,644,BSTY,GlobalBoost-Y,globalboost-y,340,8118890.63116613,0.00099107,8046.40172013,6.5103035,2016-03-04T00:00:00.000Z,2016-03-04T23:59:15.000Z,coinmarketcap_data_api_listings_historical
2016-03-04,737,VIOR,Viorcoin,viorcoin,341,4955678.88226828,0.00159111,7885.01936378,21.5571785,2016-03-04T00:00:00.000Z,2016-03-04T22:24:17.000Z,coinmarketcap_data_api_listings_historical
2016-03-04,236,NEC,Neocoin,neocoin,342,6150310.116329,0.00127511,7842.32587209,0.20977627,2016-03-04T00:00:00.000Z,2016-03-04T23:59:08.000Z,coinmarketcap_data_api_listings_historical
2016-03-04,1069,INFX,Influxcoin,influxcoin,343,1518821.48088147,0.00502953,7638.95082455,74.14186096,2016-03-04T00:00:00.000Z,2016-03-04T23:59:24.000Z,coinmarketcap_data_api_listings_historical
2016-03-04,120,NYAN,Nyancoin,nyancoin,344,264338983.718906,2.879e-05,7611.06468429,3.80807543,2016-03-04T00:00:00.000Z,2016-03-04T23:59:04.000Z,coinmarketcap_data_api_listings_historical
2016-03-04,773,XAI,Sapience AIFX,sapience-aifx,345,684468.22556967,0.01102765,7548.07601149,1.33694112,2016-03-04T00:00:00.000Z,2016-03-04T23:59:17.000Z,coinmarketcap_data_api_listings_historical
2016-03-04,1164,FRN,Francs,francs,346,849940.0,0.00862972,7334.74319298,17.43898964,2016-03-04T00:00:00.000Z,2016-03-04T23:59:27.000Z,coinmarketcap_data_api_listings_historical
2016-03-04,633,EXCL,ExclusiveCoin,exclusivecoin,347,12806826.7284203,0.00055529,7111.50388809,21.21508789,2016-03-04T00:00:00.000Z,2016-03-04T23:59:15.000Z,coinmarketcap_data_api_listings_historical
2016-03-04,93,42,42-coin,42-coin,348,61.5155663,111.09915924,6834.32769615,15.5043745,2016-03-04T00:00:00.000Z,2016-03-04T23:59:04.000Z,coinmarketcap_data_api_listings_historical
2016-03-04,1176,ADCN,Asiadigicoin,asiadigicoin,349,82150.0,0.0821878,6751.7279014,271.12240601,2016-03-04T00:00:00.000Z,2016-03-04T23:59:28.000Z,coinmarketcap_data_api_listings_historical
2016-03-04,434,AM,AeroMe,aerocoin,350,12109617.5477073,0.00054706,6624.73091154,0.23582965,2016-03-04T00:00:00.000Z,2016-03-04T23:59:11.000Z,coinmarketcap_data_api_listings_historical
2016-03-04,157,CAGE,CageCoin,cagecoin,351,100797088395.0,7e-08,6578.49821215,85.77156067,2016-03-04T00:00:00.000Z,2016-03-04T23:59:06.000Z,coinmarketcap_data_api_listings_historical
2016-03-04,1134,RNC,ReturnCoin,returncoin,352,250000516.495831,2.466e-05,6164.09761475,0.49312681,2016-03-04T00:00:00.000Z,2016-03-04T23:59:26.000Z,coinmarketcap_data_api_listings_historical
2016-03-04,837,XCO,X-Coin,x-coin,353,11938156.0,0.00050593,6039.88292797,130.16493225,2016-03-04T00:00:00.000Z,2016-03-04T23:59:19.000Z,coinmarketcap_data_api_listings_historical
2016-03-04,47,SPT,Spots,spots,354,16584316.979492,0.00036332,6025.41252755,5.93976641,2016-03-04T00:00:00.000Z,2016-03-04T23:59:01.000Z,coinmarketcap_data_api_listings_historical
2016-03-04,722,QSLV,Quicksilver,quicksilver,355,3487894.30540263,0.00168644,5882.11257801,2.78973627,2016-03-04T00:00:00.000Z,2016-03-04T23:59:16.000Z,coinmarketcap_data_api_listings_historical
2016-03-04,1155,LTCR,Litecred,litecred,356,30168900.0255,0.00019278,5815.90227854,366.54943848,2016-03-04T00:00:00.000Z,2016-03-04T23:59:27.000Z,coinmarketcap_data_api_listings_historical
2016-03-04,1019,MANNA,Manna,manna,357,37101617.9413719,0.0001563,5799.12692198,7.05815649,2016-03-04T00:00:00.000Z,2016-03-04T23:59:23.000Z,coinmarketcap_data_api_listings_historical
2016-03-04,298,NYC,NewYorkCoin,newyorkcoin,358,59719935819.0571,1e-07,5785.40477275,5.81107283,2016-03-04T00:00:00.000Z,2016-03-04T23:59:08.000Z,coinmarketcap_data_api_listings_historical
2016-03-04,708,GAP,Gapcoin,gapcoin,359,6692627.94088744,0.00085144,5698.40353854,4.74603176,2016-03-04T00:00:00.000Z,2016-03-04T23:59:16.000Z,coinmarketcap_data_api_listings_historical
2016-03-04,35,PXC,Phoenixcoin,phoenixcoin,360,47642500.0,0.00011928,5683.01357805,3.2003305,2016-03-04T00:00:00.000Z,2016-03-04T23:59:02.000Z,coinmarketcap_data_api_listings_historical
2016-03-04,730,GCN,GCN Coin,gcn-coin,361,88621910000.0,6e-08,5549.61135436,2.82209659,2016-03-04T00:00:00.000Z,2016-03-04T23:59:17.000Z,coinmarketcap_data_api_listings_historical
2016-03-04,999,CHC,ChainCoin,chaincoin,362,9701424.0,0.0005543,5377.49678845,9.20816612,2016-03-04T00:00:00.000Z,2016-03-04T23:59:22.000Z,coinmarketcap_data_api_listings_historical
2016-03-04,938,ARB,ARbit,arbit,363,3155665.0,0.00166176,5243.94842626,1.66175699,2016-03-04T00:00:00.000Z,2016-03-04T23:59:20.000Z,coinmarketcap_data_api_listings_historical
2016-03-04,1132,ANTI,AntiBitcoin,antibitcoin,364,16168752.4851952,0.00031046,5019.82695345,23.15558624,2016-03-04T00:00:00.000Z,2016-03-04T23:59:26.000Z,coinmarketcap_data_api_listings_historical
2016-03-04,334,UNB,UnbreakableCoin,unbreakablecoin,365,2278150.0,0.0021718,4947.6888362,0.59568536,2016-03-04T00:00:00.000Z,2016-03-04T23:59:09.000Z,coinmarketcap_data_api_listings_historical
2016-03-04,882,CYP,Cypher,cypher,366,6365284.67510838,0.00074861,4765.13692784,82.69482422,2016-03-04T00:00:00.000Z,2016-03-04T23:59:19.000Z,coinmarketcap_data_api_listings_historical
2016-03-04,423,MCN,MonetaVerde,monetaverde,367,18446258.360373,0.00025502,4704.20374066,0.93733382,2016-03-04T00:00:00.000Z,2016-03-04T23:59:11.000Z,coinmarketcap_data_api_listings_historical
2016-03-04,990,ZNY,Bitzeny,bitzeny,368,75614500.0,6.17e-05,4665.3313385,2.01765275,2016-03-04T00:00:00.000Z,2016-03-04T23:59:22.000Z,coinmarketcap_data_api_listings_historical
2016-03-04,594,BUN,BunnyCoin,bunnycoin,369,99078267796.6182,5e-08,4528.10829879,0.63861513,2016-03-04T00:00:00.000Z,2016-03-04T23:59:14.000Z,coinmarketcap_data_api_listings_historical
2016-03-04,312,GUN,Guncoin,guncoin,370,66699828.0,6.658e-05,4440.86992708,11.88984776,2016-03-04T00:00:00.000Z,2016-03-04T23:59:09.000Z,coinmarketcap_data_api_listings_historical
2016-03-04,725,U,UCoin,ucoin,371,2689812.1443019,0.00158981,4276.2924641,15.48232746,2016-03-04T00:00:00.000Z,2016-03-04T23:59:16.000Z,coinmarketcap_data_api_listings_historical
2016-03-04,303,VGC,VegasCoin,vegascoin,372,29487180.0,0.00014396,4245.09549296,8.4621315,2016-03-04T00:00:00.000Z,2016-03-04T23:59:09.000Z,coinmarketcap_data_api_listings_historical
2016-03-04,883,TRON,Positron,positron,373,1644785.31403027,0.00257289,4231.85153106,25.76329994,2016-03-04T00:00:00.000Z,2016-03-04T21:59:20.000Z,coinmarketcap_data_api_listings_historical
2016-03-04,356,BTQ,BitQuark,bitquark,374,5009623.06481,0.00081031,4059.35880515,3.43481898,2016-03-04T00:00:00.000Z,2016-03-04T23:59:09.000Z,coinmarketcap_data_api_listings_historical
2016-03-04,217,BELA,Bela,belacoin,375,6118900.0,0.00065401,4001.81172906,39.85715866,2016-03-04T00:00:00.000Z,2016-03-04T23:59:07.000Z,coinmarketcap_data_api_listings_historical
2016-03-04,961,CIRC,CryptoCircuits,cryptocircuits,376,2716961.8947827,0.00135481,3680.95851466,0.29087329,2016-03-04T00:00:00.000Z,2016-03-04T21:59:22.000Z,coinmarketcap_data_api_listings_historical
2016-03-04,739,GUA,Guarany,guarany,377,272107.0,0.01281281,3486.45402865,2.58834291,2016-03-04T00:00:00.000Z,2016-03-04T23:59:17.000Z,coinmarketcap_data_api_listings_historical
2016-03-04,957,VCN,Vcoin,vcoin,378,10072561.0,0.00032495,3273.05378427,7.9601903,2016-03-04T00:00:00.000Z,2016-03-04T23:59:21.000Z,coinmarketcap_data_api_listings_historical
2016-03-04,1085,SWING,Swing,swing,379,796634.41092541,0.00409681,3263.65741572,450.96633911,2016-03-04T00:00:00.000Z,2016-03-04T23:59:25.000Z,coinmarketcap_data_api_listings_historical
2016-03-04,983,MTLMC3,Metal Music Coin,metal-music-coin,380,72729519.366801,4.402e-05,3201.389275,5.72232628,2016-03-04T00:00:00.000Z,2016-03-04T23:59:22.000Z,coinmarketcap_data_api_listings_historical
2016-03-04,50,EMD,Emerald Crypto,emerald,381,17223484.3108266,0.0001851,3188.01001581,3.19476676,2016-03-04T00:00:00.000Z,2016-03-04T23:59:02.000Z,coinmarketcap_data_api_listings_historical
2016-03-04,632,ROS,RosCoin,roscoin,382,75787225.8951754,4.204e-05,3186.01909842,0.2126711,2016-03-04T00:00:00.000Z,2016-03-04T18:49:15.000Z,coinmarketcap_data_api_listings_historical
2016-03-04,656,PXI,Prime-XI,prime-xi,383,4524561.3764839,0.00070237,3177.93284001,134.64768982,2016-03-04T00:00:00.000Z,2016-03-04T23:59:15.000Z,coinmarketcap_data_api_listings_historical
2016-03-04,1056,MAPC,MapCoin,mapcoin,384,3004718.71673186,0.00102832,3089.79747062,0.04132592,2016-03-04T00:00:00.000Z,2016-03-04T23:59:24.000Z,coinmarketcap_data_api_listings_historical
2016-03-04,146,CGA,Cryptographic Anomaly,cryptographic-anomaly,385,211281.50951075,0.01421131,3002.58763482,420.12322998,2016-03-04T00:00:00.000Z,2016-03-04T23:59:06.000Z,coinmarketcap_data_api_listings_historical
2016-03-04,991,FIC,Full Integrity Coin,full-integrity-coin,386,374411050.0,7.79e-06,2915.80818603,1.39708495,2016-03-04T00:00:00.000Z,2016-03-04T23:59:22.000Z,coinmarketcap_data_api_listings_historical
2016-03-04,1139,MND,MindCoin,mindcoin,387,8869750.0,0.00031619,2804.52556207,22.29879189,2016-03-04T00:00:00.000Z,2016-03-04T23:59:26.000Z,coinmarketcap_data_api_listings_historical
2016-03-04,959,UNIC,UniCoin,unicoin,388,2532287.8718,0.00110235,2791.47685181,0.18097961,2016-03-04T00:00:00.000Z,2016-03-04T23:59:21.000Z,coinmarketcap_data_api_listings_historical
2016-03-04,1148,EGC,EverGreenCoin,evergreencoin,389,2404507.32818514,0.00115685,2781.66106754,179.50961304,2016-03-04T00:00:00.000Z,2016-03-04T23:59:27.000Z,coinmarketcap_data_api_listings_historical
2016-03-04,918,BUB,Bubble,bubble,390,768753.0,0.00361133,2776.21840077,0.39645147,2016-03-04T00:00:00.000Z,2016-03-04T08:24:20.000Z,coinmarketcap_data_api_listings_historical
2016-03-04,565,BOB,Dobbscoin,dobbscoin,391,4332070.00000001,0.00063756,2761.93427633,0.85562801,2016-03-04T00:00:00.000Z,2016-03-04T23:59:13.000Z,coinmarketcap_data_api_listings_historical
2016-03-04,260,XPD,PetroDollar,petrodollar,392,63762337.6707121,4.113e-05,2622.7107316,0.11031281,2016-03-04T00:00:00.000Z,2016-03-04T23:59:07.000Z,coinmarketcap_data_api_listings_historical
2016-03-04,1121,BST,BitStone,bitstone,393,453922.46612352,0.00554768,2518.21508942,38.16027069,2016-03-04T00:00:00.000Z,2016-03-04T23:59:26.000Z,coinmarketcap_data_api_listings_historical
2016-03-04,1184,SPEX,SproutsExtreme,sproutsextreme,394,304746121.482956,8.22e-06,2504.6412795,69.27767944,2016-03-04T00:00:00.000Z,2016-03-04T23:59:28.000Z,coinmarketcap_data_api_listings_historical
2016-03-04,832,MTR,MasterTraderCoin,mastertradercoin,395,286330.90017218,0.00822241,2354.3291206,332.13647461,2016-03-04T00:00:00.000Z,2016-03-04T23:59:18.000Z,coinmarketcap_data_api_listings_historical
2016-03-04,968,BOD,Bloodcoin,bloodcoin,396,278761248.0,8.35e-06,2328.29757961,0.04269278,2016-03-04T00:00:00.000Z,2016-03-04T20:29:22.000Z,coinmarketcap_data_api_listings_historical
2016-03-04,1174,MMXVI,MMXVI,mmxvi,397,3120473.91229715,0.00074188,2315.01312646,11.27021027,2016-03-04T00:00:00.000Z,2016-03-04T23:59:28.000Z,coinmarketcap_data_api_listings_historical
2016-03-04,142,ARI,Aricoin,aricoin,398,140262505.130972,1.645e-05,2307.74450635,0.86497462,2016-03-04T00:00:00.000Z,2016-03-04T23:59:05.000Z,coinmarketcap_data_api_listings_historical
2016-03-04,1045,DCRE,DeltaCredits,deltacredits,399,92679.13362641,0.02264761,2098.96086741,312.16088867,2016-03-04T00:00:00.000Z,2016-03-04T23:59:25.000Z,coinmarketcap_data_api_listings_historical
2016-03-04,870,PURA,Pura,pura,400,166090474.0,1.234e-05,2049.51997056,2.49643207,2016-03-04T00:00:00.000Z,2016-03-04T23:59:19.000Z,coinmarketcap_data_api_listings_historical
2016-03-04,994,ACP,AnarchistsPrime,anarchistsprime,401,2227766.24529988,0.0008819,1964.65957823,87.15457153,2016-03-04T00:00:00.000Z,2016-03-04T23:59:22.000Z,coinmarketcap_data_api_listings_historical
2016-03-04,1115,LYB,Lyrabar,lyrabar,402,1086721.0,0.00170574,1853.66726995,1.88917291,2016-03-04T00:00:00.000Z,2016-03-04T23:59:25.000Z,coinmarketcap_data_api_listings_historical
2016-03-04,1114,DGCS,Digital Credits,digital-credits,403,5430137.67194021,0.00033661,1827.81753864,5.11201143,2016-03-04T00:00:00.000Z,2016-03-04T23:59:25.000Z,coinmarketcap_data_api_listings_historical
2016-03-04,343,XDQ,Dirac,dirac,404,451885.0,0.00387884,1752.78740957,4.30550718,2016-03-04T00:00:00.000Z,2016-03-04T20:39:10.000Z,coinmarketcap_data_api_listings_historical
2016-03-04,1097,MAZE,MazeCoin,mazecoin,405,9636077.54936145,0.00016867,1625.33260504,0.16867159,2016-03-04T00:00:00.000Z,2016-03-04T15:14:52.000Z,coinmarketcap_data_api_listings_historical
2016-03-04,668,GHC,GamerholicCoin,gamerholiccoin,406,780330.40711699,0.00197025,1537.4471992,3.36837339,2016-03-04T00:00:00.000Z,2016-03-04T23:59:15.000Z,coinmarketcap_data_api_listings_historical
2016-03-04,1064,PRIME,PrimeChain,primechain,407,3585867.237337,0.00041544,1489.71000217,0.3783212,2016-03-04T00:00:00.000Z,2016-03-04T23:59:24.000Z,coinmarketcap_data_api_listings_historical
2016-03-04,1116,QDOS,Quedos,quedos,408,39923950.0,3.331e-05,1329.82202815,2.12344098,2016-03-04T00:00:00.000Z,2016-03-04T20:59:25.000Z,coinmarketcap_data_api_listings_historical
2016-03-04,1084,ISL,IslaCoin,islacoin,409,1513704.20190432,0.00086378,1307.51434057,8.97814846,2016-03-04T00:00:00.000Z,2016-03-04T23:59:24.000Z,coinmarketcap_data_api_listings_historical
2016-03-04,954,BITEUR,bitEUR,biteur,410,1179.3935,1.10620856,1304.65518867,0.03886123,2016-03-04T00:00:00.000Z,2016-03-04T23:59:21.000Z,coinmarketcap_data_api_listings_historical
2016-03-04,956,XCE,Cerium,cerium,411,2341765.89988632,0.00054706,1281.09487219,0.05470636,2016-03-04T00:00:00.000Z,2016-03-04T23:59:21.000Z,coinmarketcap_data_api_listings_historical
2016-03-04,1040,SDP,SydPak,sydpak,412,154937.79899742,0.00822652,1274.59896137,2.42881012,2016-03-04T00:00:00.000Z,2016-03-04T23:59:23.000Z,coinmarketcap_data_api_listings_historical
2016-03-04,1133,FLOZ,Floz,floz,413,4322629.1567,0.00027944,1207.90903906,6.40634155,2016-03-04T00:00:00.000Z,2016-03-04T23:59:26.000Z,coinmarketcap_data_api_listings_historical
2016-03-04,653,BVC,BeaverCoin,beavercoin,414,2859500.0,0.00041133,1176.18671831,9.16437244,2016-03-04T00:00:00.000Z,2016-03-04T23:59:15.000Z,coinmarketcap_data_api_listings_historical
2016-03-04,1033,GCC,GuccioneCoin,guccionecoin,415,12435614.0,9.178e-05,1141.35945943,2.66902447,2016-03-04T00:00:00.000Z,2016-03-04T23:59:23.000Z,coinmarketcap_data_api_listings_historical
2016-03-04,993,BSC,BowsCoin,bowscoin,416,3564952.41646465,0.00031122,1109.47175269,11.36355114,2016-03-04T00:00:00.000Z,2016-03-04T23:59:22.000Z,coinmarketcap_data_api_listings_historical
2016-03-04,1089,DUO,ParallelCoin,parallelcoin,417,244321.98578758,0.00453215,1107.30434123,0.87719089,2016-03-04T00:00:00.000Z,2016-03-04T23:59:25.000Z,coinmarketcap_data_api_listings_historical
2016-03-04,909,IEC,IvugeoCoin,ivugeocoin,418,1196460.00000001,0.00084322,1008.87696112,30.96790314,2016-03-04T00:00:00.000Z,2016-03-04T23:59:20.000Z,coinmarketcap_data_api_listings_historical
2016-03-04,864,BTCRY,BitCrystal,bitcrystal,419,244830116.0184,4.11e-06,1007.04987891,13.2932291,2016-03-04T00:00:00.000Z,2016-03-04T23:59:19.000Z,coinmarketcap_data_api_listings_historical
2016-03-04,1036,AUM,Alexium,alexium,420,20297335.9504382,4.936e-05,1001.85867082,5.23364639,2016-03-04T00:00:00.000Z,2016-03-04T23:59:24.000Z,coinmarketcap_data_api_listings_historical
2016-03-04,1110,$$$,Money,money,421,45887217.5418592,2.055e-05,942.84234609,1.95463336,2016-03-04T00:00:00.000Z,2016-03-04T23:59:25.000Z,coinmarketcap_data_api_listings_historical
2016-03-04,1093,PR,Prototanium,prototanium,422,158292.999,0.00575856,911.54036358,9.94224834,2016-03-04T00:00:00.000Z,2016-03-04T23:59:25.000Z,coinmarketcap_data_api_listings_historical
2016-03-04,135,TOP,TopCoin,topcoin,423,31374934.153937,2.879e-05,903.37282058,0.01533986,2016-03-04T00:00:00.000Z,2016-03-04T23:59:05.000Z,coinmarketcap_data_api_listings_historical
2016-03-04,1105,TRBO,TurboStake,turbostake,424,31743767.474171,2.817e-05,894.28964461,72.65162659,2016-03-04T00:00:00.000Z,2016-03-04T23:59:25.000Z,coinmarketcap_data_api_listings_historical
2016-03-04,933,CTO,Crypto,crypto,425,4148393.37895605,0.00020978,870.23445898,2.64187288,2016-03-04T00:00:00.000Z,2016-03-04T23:59:20.000Z,coinmarketcap_data_api_listings_historical
2016-03-04,1067,CAID,Coinaid,coinaid,426,100643070.368211,8.45e-06,850.77415444,0.04235143,2016-03-04T00:00:00.000Z,2016-03-04T16:04:24.000Z,coinmarketcap_data_api_listings_historical
2016-03-04,308,CRT,CRTCoin,crtcoin,427,79270.3032220006,0.01028315,815.14840105,4.11325502,2016-03-04T00:00:00.000Z,2016-03-04T23:59:08.000Z,coinmarketcap_data_api_listings_historical
2016-03-04,795,SOON,SoonCoin,sooncoin,428,12462620.0,5.347e-05,666.40595725,0.06657317,2016-03-04T00:00:00.000Z,2016-03-04T23:59:18.000Z,coinmarketcap_data_api_listings_historical
2016-03-04,1109,1337,Elite,1337coin,429,18645995.8740675,3.262e-05,608.24816866,147.49961853,2016-03-04T00:00:00.000Z,2016-03-04T23:59:25.000Z,coinmarketcap_data_api_listings_historical
2016-03-04,1138,BNT,Bantam,bantam,430,2394076.86546531,0.00024702,591.38406103,7.97383213,2016-03-04T00:00:00.000Z,2016-03-04T23:59:26.000Z,coinmarketcap_data_api_listings_historical
2016-03-04,1103,HEEL,HeelCoin,heelcoin,431,5280042.70359394,0.00011106,586.39108651,1.33901417,2016-03-04T00:00:00.000Z,2016-03-04T23:59:25.000Z,coinmarketcap_data_api_listings_historical
2016-03-04,1163,BTCU,BitcoinUltra,bitcoinultra,432,980258.24889469,0.00052183,511.52410309,10.1545372,2016-03-04T00:00:00.000Z,2016-03-04T23:59:27.000Z,coinmarketcap_data_api_listings_historical
2016-03-04,584,N8V,NativeCoin,native-coin,433,23099900.9609573,2.057e-05,475.07949334,0.21175377,2016-03-04T00:00:00.000Z,2016-03-04T23:59:14.000Z,coinmarketcap_data_api_listings_historical
2016-03-04,865,SLFI,Selfiecoin,selfiecoin,434,107829280.730784,4.11e-06,443.52984783,0.41132599,2016-03-04T00:00:00.000Z,2016-03-04T23:59:19.000Z,coinmarketcap_data_api_listings_historical
2016-03-04,1165,EVIL,Evil Coin,evil-coin,435,4962880.0,8.27e-05,410.41383809,1.80211687,2016-03-04T00:00:00.000Z,2016-03-04T23:59:28.000Z,coinmarketcap_data_api_listings_historical
2016-03-04,1038,EUC,Eurocoin,eurocoin,436,3220631.94940002,0.0001234,397.41888562,1.38779068,2016-03-04T00:00:00.000Z,2016-03-04T23:59:23.000Z,coinmarketcap_data_api_listings_historical
2016-03-04,1020,AXIOM,Axiom,axiom,437,1647964.22027556,0.00020566,338.92527157,0.6922164,2016-03-04T00:00:00.000Z,2016-03-04T23:59:22.000Z,coinmarketcap_data_api_listings_historical
2016-03-04,1179,ZMC,ZombieCoin,zombiecoin,438,6735804.86007504,4.931e-05,332.16058313,4.62418556,2016-03-04T00:00:00.000Z,2016-03-04T23:59:28.000Z,coinmarketcap_data_api_listings_historical
2016-03-04,1090,SANDG,Save and Gain,save-and-gain,439,3064800.039,0.00010677,327.22934546,3.04135394,2016-03-04T00:00:00.000Z,2016-03-04T23:59:25.000Z,coinmarketcap_data_api_listings_historical
2016-03-04,875,URC,Unrealcoin,unrealcoin,440,7024402.0,4.64e-05,325.94447092,0.12296461,2016-03-04T00:00:00.000Z,2016-03-04T16:54:22.000Z,coinmarketcap_data_api_listings_historical
2016-03-04,949,FIST,FistBump,fistbump,441,38179123.1796836,8.23e-06,314.08130666,4.19963837,2016-03-04T00:00:00.000Z,2016-03-04T23:59:21.000Z,coinmarketcap_data_api_listings_historical
2016-03-04,927,CLV,CleverCoin,clevercoin,442,2319498.0,0.00010614,246.19674065,1.78465033,2016-03-04T00:00:00.000Z,2016-03-04T04:34:31.000Z,coinmarketcap_data_api_listings_historical
2016-03-04,1007,OZC,Ozziecoin,ozziecoin,443,198202500.0,1.17e-06,231.91333273,0.08999729,2016-03-04T00:00:00.000Z,2016-03-04T23:59:22.000Z,coinmarketcap_data_api_listings_historical
2016-03-04,1170,JIF,JiffyCoin,jiffycoin,444,1313750.0,0.00016849,221.35393565,1.71632004,2016-03-04T00:00:00.000Z,2016-03-04T23:59:27.000Z,coinmarketcap_data_api_listings_historical
2016-03-04,1130,EVO,Evotion,evotion,445,1474165.17172155,0.00014419,212.56647578,0.31161714,2016-03-04T00:00:00.000Z,2016-03-04T23:59:26.000Z,coinmarketcap_data_api_listings_historical
2016-03-04,1000,ZOOM,Zoom,zoom,446,67416.508,0.00275026,185.41291343,8.25e-06,2016-03-04T00:00:00.000Z,2016-03-04T16:44:22.000Z,coinmarketcap_data_api_listings_historical
2016-03-04,1096,OS76,OsmiumCoin,osmiumcoin,447,70425.0092151249,0.00253377,178.44063974,0.28898531,2016-03-04T00:00:00.000Z,2016-03-04T23:59:25.000Z,coinmarketcap_data_api_listings_historical
2016-03-04,654,DP,DigitalPrice,digitalprice,448,3633880.0,4.525e-05,164.41802184,3.88428712,2016-03-04T00:00:00.000Z,2016-03-04T23:59:15.000Z,coinmarketcap_data_api_listings_historical
2016-03-04,385,DON,Donationcoin,donationcoin,449,4607050.0,3.291e-05,151.59994922,0.67615002,2016-03-04T00:00:00.000Z,2016-03-04T23:59:10.000Z,coinmarketcap_data_api_listings_historical
2016-03-04,884,P7C,P7Coin,p7coin,450,35220238.0,4.12e-06,145.00242868,1.1207763,2016-03-04T00:00:00.000Z,2016-03-04T23:19:19.000Z,coinmarketcap_data_api_listings_historical
2016-03-04,966,HUN,Hundredcoin,hundredcoin,451,25445500.0,4.88e-06,124.05559081,1.97670698,2016-03-04T00:00:00.000Z,2016-03-04T23:59:21.000Z,coinmarketcap_data_api_listings_historical
2016-03-04,1058,SPACE,SpaceCoin,spacecoin,452,1927642.73829381,3.702e-05,71.36006406,0.29166716,2016-03-04T00:00:00.000Z,2016-03-04T23:59:23.000Z,coinmarketcap_data_api_listings_historical
2016-03-04,898,CF,Californium,californium,453,111110.0,8.638e-05,9.59751057,0.32956672,2016-03-04T00:00:00.000Z,2016-03-04T23:59:20.000Z,coinmarketcap_data_api_listings_historical
2016-03-04,1012,CHAO,23 Skidoo,23-skidoo,454,,2262.29296875,0.0,0.03789341,2016-03-04T00:00:00.000Z,2016-03-04T23:59:22.000Z,coinmarketcap_data_api_listings_historical
2016-03-04,553,XDE,XDECoin,xdecoin,455,,41.13259888,0.0,0.0822652,2016-03-04T00:00:00.000Z,2016-03-04T23:59:13.000Z,coinmarketcap_data_api_listings_historical
2016-03-04,1104,REP,Augur,augur,456,,7.89002895,0.0,20309.51171875,2016-03-04T00:00:00.000Z,2016-03-04T23:59:25.000Z,coinmarketcap_data_api_listings_historical
2016-03-04,1143,ACCI,NxttyACCI,nxttyacci,457,,1.753214,0.0,175.32139587,2016-03-04T00:00:00.000Z,2016-03-04T23:59:27.000Z,coinmarketcap_data_api_listings_historical
2016-03-04,1128,GBC,GBCGoldCoin,gbcgoldcoin,458,,0.89999998,0.0,1317.89929199,2016-03-04T00:00:00.000Z,2016-03-04T23:59:26.000Z,coinmarketcap_data_api_listings_historical
2016-03-04,1178,BLITZMM,BlitzMM,blitzmm,459,,0.37580347,0.0,0.75160694,2016-03-04T00:00:00.000Z,2016-03-04T23:59:28.000Z,coinmarketcap_data_api_listings_historical
2016-03-04,1135,CLUB,ClubCoin,clubcoin,460,,0.29183245,0.0,19105.39453125,2016-03-04T00:00:00.000Z,2016-03-04T23:59:26.000Z,coinmarketcap_data_api_listings_historical
2016-03-04,940,ABC,Asset Backed Coin,asset-backed-coin,461,,0.2332315,0.0,207819.703125,2016-03-04T00:00:00.000Z,2016-03-04T23:59:20.000Z,coinmarketcap_data_api_listings_historical
2016-03-04,941,TRMB,TRMB,trmb,462,0.0,0.15342644,0.0,649112.1875,2016-03-04T00:00:00.000Z,2016-03-04T23:59:21.000Z,coinmarketcap_data_api_listings_historical
2016-03-04,1022,LEO,LEOcoin,leocoin,463,,0.09938533,0.0,5904.51074219,2016-03-04T00:00:00.000Z,2016-03-04T23:59:23.000Z,coinmarketcap_data_api_listings_historical
2016-03-04,899,TP1,KolschCoin,kolschcoin,464,,0.08439998,0.0,0.03860189,2016-03-04T00:00:00.000Z,2016-03-04T23:59:20.000Z,coinmarketcap_data_api_listings_historical
2016-03-04,1157,APC,AlpaCoin,alpacoin,465,,0.07405121,0.0,459.45770264,2016-03-04T00:00:00.000Z,2016-03-04T23:59:27.000Z,coinmarketcap_data_api_listings_historical
2016-03-04,841,SAK,Sharkcoin,sharkcoin,466,,0.0705794,0.0,62120.48828125,2016-03-04T00:00:00.000Z,2016-03-04T23:59:19.000Z,coinmarketcap_data_api_listings_historical
2016-03-04,969,SHELL,ShellPay,shellpay,467,,0.05938197,0.0,0.29690984,2016-03-04T00:00:00.000Z,2016-03-04T23:59:22.000Z,coinmarketcap_data_api_listings_historical
2016-03-04,855,UNC,UNCoin,uncoin,468,,0.04744646,0.0,158.89764404,2016-03-04T00:00:00.000Z,2016-03-04T23:59:18.000Z,coinmarketcap_data_api_listings_historical
2016-03-04,1006,FUTC,FutCoin,futcoin,469,,0.0205663,0.0,279.19085693,2016-03-04T00:00:00.000Z,2016-03-04T23:59:22.000Z,coinmarketcap_data_api_listings_historical
2016-03-04,1162,TK,Timekoin,timekoin,470,,0.01101835,0.0,164.27264404,2016-03-04T00:00:00.000Z,2016-03-04T23:59:27.000Z,coinmarketcap_data_api_listings_historical
2016-03-04,1017,NOC,Nocturna,nocturna,471,,0.00896691,0.0,0.01249197,2016-03-04T00:00:00.000Z,2016-03-04T23:59:23.000Z,coinmarketcap_data_api_listings_historical
2016-03-04,1158,BAC,BitAlphaCoin,bitalphacoin,472,,0.00823111,0.0,962.72045898,2016-03-04T00:00:00.000Z,2016-03-04T23:59:27.000Z,coinmarketcap_data_api_listings_historical
2016-03-04,986,CREVA,CrevaCoin,crevacoin,473,,0.00687139,0.0,5650.47412109,2016-03-04T00:00:00.000Z,2016-03-04T23:59:21.000Z,coinmarketcap_data_api_listings_historical
2016-03-04,911,AIB,Advanced Internet Blocks,advanced-internet-blocks,474,,0.00532256,0.0,0.02663645,2016-03-04T00:00:00.000Z,2016-03-04T23:59:20.000Z,coinmarketcap_data_api_listings_historical
2016-03-04,1050,SHIFT,Shift,shift,475,,0.00408053,0.0,34.52051163,2016-03-04T00:00:00.000Z,2016-03-04T23:59:23.000Z,coinmarketcap_data_api_listings_historical
2016-03-04,805,BCENT,BitCent,bitcent,476,,0.0039076,0.0,17.16982841,2016-03-04T00:00:00.000Z,2016-03-04T23:59:18.000Z,coinmarketcap_data_api_listings_historical
2016-03-04,766,VTR,vTorrent,vtorrent,477,,0.00287928,0.0,4.11259794,2016-03-04T00:00:00.000Z,2016-03-04T23:59:17.000Z,coinmarketcap_data_api_listings_historical
2016-03-04,874,XPB,Pebblecoin,pebblecoin,478,,0.00287928,0.0,139.37557983,2016-03-04T00:00:00.000Z,2016-03-04T23:59:19.000Z,coinmarketcap_data_api_listings_historical
2016-03-04,1182,KLC,KiloCoin,kilocoin,479,,0.00246563,0.0,230.40687561,2016-03-04T00:00:00.000Z,2016-03-04T23:59:28.000Z,coinmarketcap_data_api_listings_historical
2016-03-04,1185,TRUMP,TrumpCoin,trumpcoin,480,,0.0020547,0.0,1042.05004883,2016-03-04T00:00:00.000Z,2016-03-04T23:59:28.000Z,coinmarketcap_data_api_listings_historical
2016-03-04,1126,AX,AmeroX,amerox,481,,0.00143829,0.0,9.41030216,2016-03-04T00:00:00.000Z,2016-03-04T23:59:26.000Z,coinmarketcap_data_api_listings_historical
2016-03-04,1091,PLS,PLAY,play,482,,0.00108944,0.0,13.0460434,2016-03-04T00:00:00.000Z,2016-03-04T23:59:25.000Z,coinmarketcap_data_api_listings_historical
2016-03-04,1160,HIRE,Bithire,bithire,483,,0.00108802,0.0,613.97039795,2016-03-04T00:00:00.000Z,2016-03-04T23:59:27.000Z,coinmarketcap_data_api_listings_historical
2016-03-04,980,DUB,Dubstep,dubstep,484,,0.00084733,0.0,442.13412476,2016-03-04T00:00:00.000Z,2016-03-04T23:59:21.000Z,coinmarketcap_data_api_listings_historical
2016-03-04,11,CNC,CHNCoin,chncoin,485,,0.00071709,0.0,350.0430603,2016-03-04T00:00:00.000Z,2016-03-04T23:59:04.000Z,coinmarketcap_data_api_listings_historical
2016-03-04,1053,BOLI,Bolivarcoin,bolivarcoin,486,,0.00064168,0.0,5.94533587,2016-03-04T00:00:00.000Z,2016-03-04T23:59:24.000Z,coinmarketcap_data_api_listings_historical
2016-03-04,360,MOTO,Motocoin,motocoin,487,,0.00051827,0.0,9.23632526,2016-03-04T00:00:00.000Z,2016-03-04T23:59:09.000Z,coinmarketcap_data_api_listings_historical
2016-03-04,1137,DEUR,DigiEuro,digieuro,488,,0.00047669,0.0,6903.90917969,2016-03-04T00:00:00.000Z,2016-03-04T23:59:26.000Z,coinmarketcap_data_api_listings_historical
2016-03-04,1011,OFF,Cthulhu Offerings,cthulhu-offerings,489,,0.00044958,0.0,0.00819474,2016-03-04T00:00:00.000Z,2016-03-04T06:19:22.000Z,coinmarketcap_data_api_listings_historical
2016-03-04,988,IRL,IrishCoin,irishcoin,490,,0.0003414,0.0,3.41905594,2016-03-04T00:00:00.000Z,2016-03-04T23:59:22.000Z,coinmarketcap_data_api_listings_historical
2016-03-04,917,CHIPS,SmartChips,smartchips,491,,0.00029737,0.0,1.44778907,2016-03-04T00:00:00.000Z,2016-03-04T07:34:20.000Z,coinmarketcap_data_api_listings_historical
2016-03-04,1149,C0C0,c0fferC0in,c0fferc0in,492,,0.00029588,0.0,0.29587609,2016-03-04T00:00:00.000Z,2016-03-04T23:59:27.000Z,coinmarketcap_data_api_listings_historical
2016-03-04,790,FSC2,FriendshipCoin 2,friendshipcoin2,493,,0.0002468,0.0,86.30202484,2016-03-04T00:00:00.000Z,2016-03-04T23:59:17.000Z,coinmarketcap_data_api_listings_historical
2016-03-04,985,LFO,Local Family Owned,local-family-owned,494,,0.00024268,0.0,0.37607542,2016-03-04T00:00:00.000Z,2016-03-04T23:59:22.000Z,coinmarketcap_data_api_listings_historical
2016-03-04,861,PLANET,PlanetCoin,planetcoin,495,,0.00014385,0.0,5.75407839,2016-03-04T00:00:00.000Z,2016-03-04T13:44:19.000Z,coinmarketcap_data_api_listings_historical
2016-03-04,876,TRICK,TrickyCoin,trickycoin,496,,0.00013162,0.0,0.15605298,2016-03-04T00:00:00.000Z,2016-03-04T23:59:19.000Z,coinmarketcap_data_api_listings_historical
2016-03-04,1010,FLAX,Flaxscript,flaxscript,497,,0.00012656,0.0,0.00253118,2016-03-04T00:00:00.000Z,2016-03-04T16:14:23.000Z,coinmarketcap_data_api_listings_historical
2016-03-04,1117,RUBIT,RubleBit,rublebit,498,,0.00010726,0.0,3.92600632,2016-03-04T00:00:00.000Z,2016-03-04T23:59:26.000Z,coinmarketcap_data_api_listings_historical
2016-03-04,1151,OPES,Opescoin,opescoin,499,,0.00010633,0.0,3.81291127,2016-03-04T00:00:00.000Z,2016-03-04T23:59:27.000Z,coinmarketcap_data_api_listings_historical
2016-03-04,747,BCF,Bitcoin Fast,bitcoinfast,500,,8.227e-05,0.0,4.15859461,2016-03-04T00:00:00.000Z,2016-03-04T23:59:17.000Z,coinmarketcap_data_api_listings_historical
2016-03-04,1146,AV,AvatarCoin,avatarcoin,501,,7.397e-05,0.0,3.94018173,2016-03-04T00:00:00.000Z,2016-03-04T23:59:27.000Z,coinmarketcap_data_api_listings_historical
2016-03-04,199,SKC,Skeincoin,skeincoin,502,,6.581e-05,0.0,0.0033232,2016-03-04T00:00:00.000Z,2016-03-04T23:59:07.000Z,coinmarketcap_data_api_listings_historical
2016-03-04,996,DIGS,Diggits,diggits,503,,6.17e-05,0.0,46.70609283,2016-03-04T00:00:00.000Z,2016-03-04T23:59:22.000Z,coinmarketcap_data_api_listings_historical
2016-03-04,1098,LTS,LiteStarCoin,litestarcoin,504,,6.17e-05,0.0,0.61206955,2016-03-04T00:00:00.000Z,2016-03-04T23:59:25.000Z,coinmarketcap_data_api_listings_historical
2016-03-04,814,DOT,Dotcoin,dotcoin,505,,5.288e-05,0.0,42.17457581,2016-03-04T00:00:00.000Z,2016-03-04T23:59:18.000Z,coinmarketcap_data_api_listings_historical
2016-03-04,1092,WOP,WorldPay,worldpay,506,,5.002e-05,0.0,0.60021359,2016-03-04T00:00:00.000Z,2016-03-04T20:49:24.000Z,coinmarketcap_data_api_listings_historical
2016-03-04,1030,DETH,DarkEther,darkether,507,,3.374e-05,0.0,0.33736399,2016-03-04T00:00:00.000Z,2016-03-04T15:04:24.000Z,coinmarketcap_data_api_listings_historical
2016-03-04,1014,IBITS,iBits,ibits,508,,2.468e-05,0.0,2767.38623047,2016-03-04T00:00:00.000Z,2016-03-04T23:59:22.000Z,coinmarketcap_data_api_listings_historical
2016-03-04,206,CNO,Coin(O),coin,509,,1.656e-05,0.0,0.00308474,2016-03-04T00:00:00.000Z,2016-03-04T22:14:08.000Z,coinmarketcap_data_api_listings_historical
2016-03-04,1131,X2,X2,x2,510,,1.644e-05,0.0,0.1643756,2016-03-04T00:00:00.000Z,2016-03-04T23:59:26.000Z,coinmarketcap_data_api_listings_historical
2016-03-04,1119,CME,Cashme,cashme,511,,8.5e-06,0.0,0.0761701,2016-03-04T00:00:00.000Z,2016-03-04T08:14:25.000Z,coinmarketcap_data_api_listings_historical
2016-03-04,786,TTY,Trinity,trinity,512,,8.23e-06,0.0,0.45838168,2016-03-04T00:00:00.000Z,2016-03-04T23:59:18.000Z,coinmarketcap_data_api_listings_historical
2016-03-04,1102,DCYP,DarkCypher,darkcypher,513,,8.23e-06,0.0,7.29686165,2016-03-04T00:00:00.000Z,2016-03-04T23:59:25.000Z,coinmarketcap_data_api_listings_historical
2016-03-04,1183,STS,Stress,stress,514,,8.22e-06,0.0,656.11767578,2016-03-04T00:00:00.000Z,2016-03-04T23:59:28.000Z,coinmarketcap_data_api_listings_historical
2016-03-04,1099,MONETA,Moneta,moneta2,515,,4.22e-06,0.0,4.21862984,2016-03-04T00:00:00.000Z,2016-03-04T16:09:26.000Z,coinmarketcap_data_api_listings_historical
2016-03-04,1041,PURE,PurePOS,purepos,516,,4.11e-06,0.0,45.71247101,2016-03-04T00:00:00.000Z,2016-03-04T23:59:23.000Z,coinmarketcap_data_api_listings_historical
2016-03-04,1150,CIONZ,CIONZ,cionz,517,,4.11e-06,0.0,13.5662632,2016-03-04T00:00:00.000Z,2016-03-04T23:59:27.000Z,coinmarketcap_data_api_listings_historical
2016-03-04,1167,STRB,SuperTurboStake,superturbostake,518,,4.11e-06,0.0,0.09739254,2016-03-04T00:00:00.000Z,2016-03-04T23:59:27.000Z,coinmarketcap_data_api_listings_historical
2016-03-04,1003,BRC,Biebercoin,biebercoin,519,,2.44e-06,0.0,0.00150552,2016-03-04T00:00:00.000Z,2016-03-04T23:59:22.000Z,coinmarketcap_data_api_listings_historical
2016-03-04,965,FUNK,The Cypherfunks,the-cypherfunks,520,,2.6e-07,0.0,4.27267838,2016-03-04T00:00:00.000Z,2016-03-04T23:59:21.000Z,coinmarketcap_data_api_listings_historical
2016-03-04,1107,PAC,PAC Global,pac-global,521,,1e-08,0.0,35.5333786,2016-03-04T00:00:00.000Z,2016-03-04T23:59:25.000Z,coinmarketcap_data_api_listings_historical
