week,market_return,trailing_4w_market_return,state_cooper_4w,prior_state_1w,subsequent_state_1w,state,prior_state,transition,n_coins
2015-05-15,-0.029691651237145268,,,,DOWN,DOWN,,,26
2015-05-22,0.016843973585541544,,,DOWN,UP,UP,DOWN,DOWN->UP,29
2015-05-29,0.007040780638388128,,,UP,UP,UP,UP,UP->UP,33
2015-06-05,-0.05994298391581942,,,UP,DOWN,DOWN,UP,UP->DOWN,34
2015-06-12,0.020166162235945553,-0.06574988092903501,DOWN,DOWN,UP,UP,DOWN,DOWN->UP,34
2015-06-19,0.09063926376206988,-0.015892067455944195,DOWN,UP,UP,UP,UP,UP->UP,33
2015-06-26,-0.005062011760672588,0.057903222720584145,UP,UP,DOWN,DOWN,UP,UP->DOWN,40
2015-07-03,0.05323968827192726,0.04580043032152343,UP,DOWN,UP,UP,DOWN,DOWN->UP,41
2015-07-10,0.07725975671168529,0.1589831025092701,UP,UP,UP,UP,UP,UP->UP,41
2015-07-17,-0.03299485080707071,0.21607669698500984,UP,UP,DOWN,DOWN,UP,UP->DOWN,43
2015-07-24,0.03263940601367614,0.09244258241586925,UP,DOWN,UP,UP,DOWN,DOWN->UP,38
2015-07-31,-0.007248977220625344,0.130144000190218,UP,UP,DOWN,DOWN,UP,UP->DOWN,39
2015-08-07,-0.024590910955272403,0.06965533469766538,UP,DOWN,DOWN,DOWN,DOWN,DOWN->DOWN,37
2015-08-14,-0.0473389838857765,-0.03219533296929231,DOWN,DOWN,DOWN,DOWN,DOWN,DOWN->DOWN,40
2015-08-21,-0.12906519703817795,-0.04653946604799811,DOWN,DOWN,DOWN,DOWN,DOWN,DOWN->DOWN,36
2015-08-28,-0.01768128814775307,-0.2082440690998522,DOWN,DOWN,DOWN,DOWN,DOWN,DOWN->DOWN,35
2015-09-04,-0.008020630837022778,-0.21867638002697995,DOWN,DOWN,DOWN,DOWN,DOWN,DOWN->DOWN,32
2015-09-11,0.04880429480981277,-0.2021060999087303,DOWN,DOWN,UP,UP,DOWN,DOWN->UP,31
2015-09-18,-0.034661309611756994,-0.10596282121314103,DOWN,UP,DOWN,DOWN,UP,UP->DOWN,31
2015-09-25,-0.0019035842414157145,-0.011558933786720071,DOWN,DOWN,DOWN,DOWN,DOWN,DOWN->DOWN,34
2015-10-02,0.0004351893577637092,0.004218770119617285,UP,DOWN,UP,UP,DOWN,DOWN->UP,31
2015-10-09,0.01835925450549546,0.012674590314403773,UP,UP,UP,UP,UP,UP->UP,31
2015-10-16,0.068883088256967,-0.017770449989913537,DOWN,UP,UP,UP,UP,UP->UP,32
2015-10-23,0.037673289865942344,0.08577394787881044,UP,UP,UP,UP,UP,UP->UP,33
2015-10-30,0.16826796824309095,0.1253508219861685,UP,UP,UP,UP,UP,UP->UP,33
2015-11-06,0.11326686783105161,0.29318360087149575,UP,UP,UP,UP,UP,UP->UP,35
2015-11-13,-0.1027580421294537,0.38809121419705184,UP,UP,DOWN,DOWN,UP,UP->DOWN,33
2015-11-20,-0.04499891818490132,0.21645008381063122,UP,DOWN,DOWN,DOWN,DOWN,DOWN->DOWN,26
2015-11-27,0.10095233332445218,0.13377787575978753,UP,DOWN,UP,UP,DOWN,DOWN->UP,27
2015-12-04,0.014158407934772872,0.06646224084114877,UP,UP,UP,UP,UP,UP->UP,27
2015-12-11,0.2240313211972464,-0.032646219055129974,DOWN,UP,UP,UP,UP,UP->UP,25
2015-12-18,0.011581089419933906,0.2941431442715701,UP,UP,UP,UP,UP,UP->UP,29
2015-12-25,-0.01719171600119128,0.35072315187640535,UP,UP,DOWN,DOWN,UP,UP->DOWN,30
2016-01-01,-0.046905824161770575,0.2325791025507619,UP,DOWN,DOWN,DOWN,DOWN,DOWN->DOWN,32
2016-01-08,0.03981375656227172,0.17151487045421845,UP,DOWN,UP,UP,DOWN,DOWN->UP,35
2016-01-15,-0.20740514934365764,-0.012702694180756226,DOWN,UP,DOWN,DOWN,UP,UP->DOWN,32
2016-01-22,0.04954436761082656,-0.23168893294434778,DOWN,DOWN,UP,UP,DOWN,DOWN->UP,30
2016-01-29,0.013061516473550232,-0.16495284933232993,DOWN,UP,UP,UP,UP,UP->UP,33
2016-02-05,0.018391110072722597,-0.10498550869700911,DOWN,UP,UP,UP,UP,UP->UP,43
2016-02-12,0.02289196139742202,-0.12640815518655824,DOWN,UP,UP,UP,UP,UP->UP,46
2016-02-19,0.06836702782459864,0.10388895555452142,UP,UP,UP,UP,UP,UP->UP,50
2016-02-26,0.03307865434952787,0.1227116157682935,UP,UP,UP,UP,UP,UP->UP,56
2016-03-04,-0.009246923428611678,0.14272875364427112,UP,UP,DOWN,DOWN,UP,UP->DOWN,54
2016-03-11,0.03590008398244045,0.11509072014293686,UP,DOWN,UP,UP,DOWN,DOWN->UP,49
2016-03-18,-0.033527867224701004,0.12809884272795527,UP,UP,DOWN,DOWN,UP,UP->DOWN,56
2016-03-25,0.01709372608721966,0.026203947678655637,UP,DOWN,UP,UP,DOWN,DOWN->UP,57
2016-04-01,0.004064689215909275,0.010219019416347425,UP,UP,UP,UP,UP,UP->UP,59
2016-04-08,-0.0207803176044987,0.023530632060868376,UP,UP,DOWN,DOWN,UP,UP->DOWN,61
2016-04-15,-0.003426062150856214,-0.03314976952607077,DOWN,DOWN,DOWN,DOWN,DOWN,DOWN->DOWN,62
2016-04-22,0.028968658449890394,-0.003047964452225979,DOWN,DOWN,UP,UP,DOWN,DOWN->UP,58
2016-04-29,0.011869472750276507,0.008826967910444754,UP,UP,UP,UP,UP,UP->UP,56
2016-05-06,0.02233221730450316,0.01663175144481198,UP,UP,UP,UP,UP,UP->UP,58
2016-05-13,0.001358699922546185,0.05974428635381384,UP,UP,UP,UP,UP,UP->UP,58
2016-05-20,0.0020374581525260975,0.06452904842721624,UP,UP,UP,UP,UP,UP->UP,51
2016-05-27,0.02852451802716224,0.03759784812985195,UP,UP,UP,UP,UP,UP->UP,52
2016-06-03,0.176709079197175,0.05425289340673768,UP,UP,UP,UP,UP,UP->UP,51
2016-06-10,0.012488863270212603,0.20862975529940953,UP,UP,UP,UP,UP,UP->UP,52
2016-06-17,0.2354239333567534,0.21975991864707592,UP,UP,UP,UP,UP,UP->UP,50
2016-06-24,-0.11261323065215002,0.45314639385130323,UP,UP,DOWN,DOWN,UP,UP->DOWN,54
2016-07-01,0.003354439370390861,0.312008645171991,UP,DOWN,UP,UP,DOWN,DOWN->UP,56
2016-07-08,-0.02256252419849678,0.13865400534520683,UP,UP,DOWN,DOWN,UP,UP->DOWN,57
2016-07-15,0.00046638597988055955,0.10360261787649747,UP,DOWN,UP,UP,DOWN,DOWN->UP,62
2016-07-22,-0.003029278287816313,-0.1313549295003754,DOWN,UP,DOWN,DOWN,UP,UP->DOWN,64
2016-07-29,-0.00679719983581828,-0.02177097713604167,DOWN,DOWN,DOWN,DOWN,DOWN,DOWN->DOWN,61
2016-08-05,-0.12911063325205854,-0.03192261634225081,DOWN,DOWN,DOWN,DOWN,DOWN,DOWN->DOWN,64
2016-08-12,0.028148576724216307,-0.1384707253958126,DOWN,DOWN,UP,UP,DOWN,DOWN->UP,62
2016-08-19,-0.024814899346283916,-0.11078853465147682,DOWN,UP,DOWN,DOWN,UP,UP->DOWN,66
2016-08-26,0.005274231308841693,-0.13257415570994444,DOWN,DOWN,UP,UP,DOWN,DOWN->UP,63
2016-09-02,0.00236672972347882,-0.12050272456528446,DOWN,UP,UP,UP,UP,UP->UP,63
2016-09-09,0.06169382387720326,0.010974638410252903,UP,UP,UP,UP,UP,UP->UP,66
2016-09-16,-0.01732842538223765,0.04451988556323985,UP,UP,DOWN,DOWN,UP,UP->DOWN,77
2016-09-23,-0.002016845277956403,0.05200635952728612,UP,DOWN,DOWN,DOWN,DOWN,DOWN->DOWN,77
2016-09-30,0.00883542226287305,0.04471528294048803,UP,DOWN,UP,UP,DOWN,DOWN->UP,76
2016-10-07,-0.005316687811301121,0.051183975479882265,UP,UP,DOWN,DOWN,UP,UP->DOWN,75
2016-10-14,0.025224574491837036,-0.015826536208622122,DOWN,DOWN,UP,UP,DOWN,DOWN->UP,75
2016-10-21,-0.009634514068483766,0.02672646366545256,UP,UP,DOWN,DOWN,UP,UP->DOWN,79
2016-10-28,0.05327131791657684,0.0191087948749252,UP,DOWN,UP,UP,DOWN,DOWN->UP,76
2016-11-04,0.013905538141658706,0.06354469052862899,UP,UP,UP,UP,UP,UP->UP,77
2016-11-11,0.012341140627058073,0.08276691648158882,UP,UP,UP,UP,UP,UP->UP,73
2016-11-18,0.0314792222765807,0.06988348261680985,UP,UP,UP,UP,UP,UP->UP,67
2016-11-25,-0.014924323847507751,0.11099721896187431,UP,UP,DOWN,DOWN,UP,UP->DOWN,68
2016-12-02,0.027819457756645922,0.04280157719778972,UP,DOWN,UP,UP,DOWN,DOWN->UP,66
2016-12-09,-0.0011356762508146615,0.05671549681277694,UP,UP,DOWN,DOWN,UP,UP->DOWN,64
2016-12-16,0.009800168581311204,0.043238679934904205,UP,DOWN,UP,UP,DOWN,DOWN->UP,68
2016-12-23,0.13853773888033707,0.02155962623963471,UP,UP,UP,UP,UP,UP->UP,68
2016-12-30,0.04806319594680389,0.17502168896747955,UP,UP,UP,UP,UP,UP->UP,63
2017-01-06,-0.0484576416221339,0.1952654271576375,UP,UP,DOWN,DOWN,UP,UP->DOWN,68
2017-01-13,-0.08638105953027296,0.14794346178631826,UP,DOWN,DOWN,DOWN,DOWN,DOWN->DOWN,64
2017-01-20,0.08066793962617748,0.05176223367473409,UP,DOWN,UP,UP,DOWN,DOWN->UP,64
2017-01-27,0.0232119913792562,-0.006107565579425496,DOWN,UP,UP,UP,UP,UP->UP,74
2017-02-03,0.1068359426260766,-0.030958770146973187,DOWN,UP,UP,UP,UP,UP->UP,76
2017-02-10,-0.03902024251046428,0.12433481410123733,UP,UP,DOWN,DOWN,UP,UP->DOWN,84
2017-02-17,0.05721885675760329,0.171695631121046,UP,DOWN,UP,UP,DOWN,DOWN->UP,85
2017-02-24,0.0987277905500018,0.1482465482524718,UP,UP,UP,UP,UP,UP->UP,86
2017-03-03,0.10306571898524261,0.22376234742321743,UP,UP,UP,UP,UP,UP->UP,84
2017-03-10,-0.11636935034715061,0.21999212378238342,UP,UP,DOWN,DOWN,UP,UP->DOWN,89
2017-03-17,0.08445928174688436,0.1426430159456971,UP,DOWN,UP,UP,DOWN,DOWN->UP,86
2017-03-24,-0.0862658240675789,0.16988344093497815,UP,UP,DOWN,DOWN,UP,UP->DOWN,91
2017-03-31,0.09723871140758981,-0.015110173682602548,DOWN,DOWN,UP,UP,DOWN,DOWN->UP,103
2017-04-07,0.049792799867260824,-0.020937181260255344,DOWN,UP,UP,UP,UP,UP->UP,122
2017-04-14,0.01764237168148222,0.1452249689541561,UP,UP,UP,UP,UP,UP->UP,121
2017-04-21,0.04328632821566049,0.07840805888875393,UP,UP,UP,UP,UP,UP->UP,127
2017-04-28,0.14440714238845917,0.20796021117199337,UP,UP,UP,UP,UP,UP->UP,140
2017-05-05,0.24190140402952995,0.25512864215286274,UP,UP,UP,UP,UP,UP->UP,151
2017-05-12,0.12516608613017963,0.4472372463151318,UP,UP,UP,UP,UP,UP->UP,162
2017-05-19,0.24166952616092066,0.5547609607638292,UP,UP,UP,UP,UP,UP->UP,166
2017-05-26,0.06022157088698135,0.7531441587090895,UP,UP,UP,UP,UP,UP->UP,189
2017-06-02,0.1854710424304551,0.6689585872076116,UP,UP,UP,UP,UP,UP->UP,198
2017-06-09,0.13291206647000117,0.6125282256085367,UP,UP,UP,UP,UP,UP->UP,209
2017-06-16,-0.0010641203381585803,0.6202742059483582,UP,UP,DOWN,DOWN,UP,UP->DOWN,239
2017-06-23,0.04963734899478824,0.377540559449279,UP,DOWN,UP,UP,DOWN,DOWN->UP,239
2017-06-30,-0.14423102451892988,0.3669563375570859,UP,UP,DOWN,DOWN,UP,UP->DOWN,250
2017-07-07,-0.07560856882018764,0.03725427060770095,UP,DOWN,DOWN,DOWN,DOWN,DOWN->DOWN,245
2017-07-14,-0.17555392955830357,-0.17126636468248785,DOWN,DOWN,DOWN,DOWN,DOWN,DOWN->DOWN,245
2017-07-21,0.12685844489307976,-0.34575617390263286,DOWN,DOWN,UP,UP,DOWN,DOWN->UP,237
2017-07-28,-0.024460626711360747,-0.26853507800434134,DOWN,UP,DOWN,DOWN,UP,UP->DOWN,244
2017-08-04,0.07053490699009034,-0.1487646801967722,DOWN,DOWN,UP,UP,DOWN,DOWN->UP,242
2017-08-11,0.22158996207166873,-0.0026212043864942136,DOWN,UP,UP,UP,UP,UP->UP,247
2017-08-18,0.03658450494507007,0.39452268724347805,UP,UP,UP,UP,UP,UP->UP,259
2017-08-25,0.09293576031023215,0.3042487472954684,UP,UP,UP,UP,UP,UP->UP,263
2017-09-01,0.14307315032578283,0.4216451343170613,UP,UP,UP,UP,UP,UP->UP,277
2017-09-08,-0.19037440524802246,0.4941833776527538,UP,UP,DOWN,DOWN,UP,UP->DOWN,286
2017-09-15,-0.17159869807568773,0.08221901033306259,UP,DOWN,DOWN,DOWN,DOWN,DOWN->DOWN,278
2017-09-22,0.004183553854466051,-0.1259641926876952,DOWN,DOWN,UP,UP,DOWN,DOWN->UP,269
2017-09-29,0.1234764841047233,-0.2147163991434613,DOWN,UP,UP,UP,UP,UP->UP,273
2017-10-06,0.043492013887395486,-0.23431306536452084,DOWN,UP,UP,UP,UP,UP->UP,283
2017-10-13,0.16419393519896036,-0.0004466462291028983,DOWN,UP,UP,UP,UP,UP->UP,286
2017-10-20,-0.0026101359733238043,0.3353459870455452,UP,UP,DOWN,DOWN,UP,UP->DOWN,295
2017-10-27,-0.03341051369822113,0.32855229721775536,UP,DOWN,DOWN,DOWN,DOWN,DOWN->DOWN,301
2017-11-03,0.1391540689071848,0.1716652994148109,UP,DOWN,UP,UP,DOWN,DOWN->UP,305
2017-11-10,-0.049149626540976696,0.2673273544346002,UP,UP,DOWN,DOWN,UP,UP->DOWN,302
2017-11-17,0.14292078479163536,0.05398379269466316,UP,DOWN,UP,UP,DOWN,DOWN->UP,322
2017-11-24,0.12090647778385075,0.19951471345962235,UP,UP,UP,UP,UP,UP->UP,331
2017-12-01,0.20376890952480248,0.3538317049416942,UP,UP,UP,UP,UP,UP->UP,349
2017-12-08,0.2814050754744415,0.4184465455593119,UP,UP,UP,UP,UP,UP->UP,376
2017-12-15,0.15183156095966593,0.7490012475747301,UP,UP,UP,UP,UP,UP->UP,405
2017-12-22,-0.08413523137853282,0.7579120237427607,UP,UP,DOWN,DOWN,UP,UP->DOWN,409
2017-12-29,0.13572079222801012,0.552870314580377,UP,DOWN,UP,UP,DOWN,DOWN->UP,420
2018-01-05,0.18809019967778962,0.4848221972835847,UP,UP,UP,UP,UP,UP->UP,466
2018-01-12,-0.12090718999825092,0.3915073214869329,UP,UP,DOWN,DOWN,UP,UP->DOWN,517
2018-01-19,-0.24039467645487408,0.11876857052901599,UP,DOWN,DOWN,DOWN,DOWN,DOWN->DOWN,553
2018-01-26,-0.059299336897298965,-0.037490874547325276,DOWN,DOWN,DOWN,DOWN,DOWN,DOWN->DOWN,541
2018-02-02,-0.2509584149700267,-0.23251100367263433,DOWN,DOWN,DOWN,DOWN,DOWN,DOWN->DOWN,542
2018-02-09,0.0018343596666565091,-0.6715596183204506,DOWN,DOWN,UP,UP,DOWN,DOWN->UP,511
2018-02-16,0.12617364063345143,-0.5488180686555433,DOWN,UP,UP,UP,UP,UP->UP,519
2018-02-23,-0.07772986593282907,-0.1822497515672177,DOWN,UP,DOWN,DOWN,UP,UP->DOWN,544
2018-03-02,0.008758177685073523,-0.2006802806027478,DOWN,DOWN,UP,UP,DOWN,DOWN->UP,549
2018-03-09,-0.17961611201683647,0.05903631205235239,UP,UP,DOWN,DOWN,UP,UP->DOWN,567
2018-03-16,-0.15624783187689115,-0.12241415963114058,DOWN,DOWN,DOWN,DOWN,DOWN,DOWN->DOWN,560
2018-03-23,0.01353450107954996,-0.4048356321414832,DOWN,DOWN,UP,UP,DOWN,DOWN->UP,555
2018-03-30,-0.27091189820653844,-0.3135712651291041,DOWN,UP,DOWN,DOWN,UP,UP->DOWN,564
2018-04-06,-0.05071712893662898,-0.5932413410207161,DOWN,DOWN,DOWN,DOWN,DOWN,DOWN->DOWN,551
2018-04-13,0.22055864063691452,-0.4643423579405086,DOWN,DOWN,UP,UP,DOWN,DOWN->UP,551
2018-04-20,0.20833427206569088,-0.08753588542670293,DOWN,UP,UP,UP,UP,UP->UP,582
2018-04-27,0.021314236328911315,0.107263885559438,UP,UP,UP,UP,UP,UP->UP,609
2018-05-04,0.111612468108211,0.3994900200948877,UP,UP,UP,UP,UP,UP->UP,621
2018-05-11,-0.18023843171147816,0.5618196171397277,UP,UP,DOWN,DOWN,UP,UP->DOWN,649
2018-05-18,-0.02155500300475343,0.16102254479133504,UP,DOWN,DOWN,DOWN,DOWN,DOWN->DOWN,628
2018-05-25,-0.13148801827611176,-0.06886673027910928,DOWN,DOWN,DOWN,DOWN,DOWN,DOWN->DOWN,655
2018-06-01,0.0012165886371967173,-0.22166898488413234,DOWN,DOWN,UP,UP,DOWN,DOWN->UP,663
2018-06-08,0.019940950599088472,-0.3320648643551466,DOWN,UP,UP,UP,UP,UP->UP,691
2018-06-15,-0.21359924118410265,-0.13188548204458,DOWN,UP,DOWN,DOWN,UP,UP->DOWN,711
2018-06-22,-0.08781908028511767,-0.3239297202239292,DOWN,DOWN,DOWN,DOWN,DOWN,DOWN->DOWN,697
2018-06-29,-0.0317597556659942,-0.28026078223293516,DOWN,DOWN,DOWN,DOWN,DOWN,DOWN->DOWN,692
2018-07-06,0.07801026966324107,-0.31323712653612606,DOWN,DOWN,UP,UP,DOWN,DOWN->UP,696
2018-07-13,-0.08733254052345923,-0.25516780747197343,DOWN,UP,DOWN,DOWN,UP,UP->DOWN,713
2018-07-20,0.10527464610704773,-0.12890110681133005,DOWN,DOWN,UP,UP,DOWN,DOWN->UP,710
2018-07-27,0.07020340477016905,0.06419261958083536,UP,UP,UP,UP,UP,UP->UP,738
2018-08-03,-0.11689781131060205,0.16615578001699863,UP,UP,DOWN,DOWN,UP,UP->DOWN,749
2018-08-10,-0.21610323797867254,-0.0287523009568445,DOWN,DOWN,DOWN,DOWN,DOWN,DOWN->DOWN,738
2018-08-17,0.032870827208081224,-0.1575229984120578,DOWN,DOWN,UP,UP,DOWN,DOWN->UP,700
2018-08-24,-0.035484963245644985,-0.22992681731102432,DOWN,UP,DOWN,DOWN,UP,UP->DOWN,704
2018-08-31,0.04860381863335271,-0.33561518532683837,DOWN,DOWN,UP,UP,DOWN,DOWN->UP,718
2018-09-07,-0.12406063724222757,-0.17011355538288359,DOWN,UP,DOWN,DOWN,UP,UP->DOWN,735
2018-09-14,-0.012880313030187253,-0.07807095464643862,DOWN,DOWN,DOWN,DOWN,DOWN,DOWN->DOWN,718
2018-09-21,0.10251164626460338,-0.12382209488470709,DOWN,DOWN,UP,UP,DOWN,DOWN->UP,728
2018-09-28,-0.027885433810343092,0.01417451462554127,UP,UP,DOWN,DOWN,UP,UP->DOWN,742
2018-10-05,-0.004848302371300435,-0.06231473781815453,DOWN,DOWN,DOWN,DOWN,DOWN,DOWN->DOWN,747
2018-10-12,-0.09704593566594524,0.05689759705277261,UP,DOWN,DOWN,DOWN,DOWN,DOWN->DOWN,765
2018-10-19,0.03556201346331291,-0.027268025582985383,DOWN,DOWN,UP,UP,DOWN,DOWN->UP,741
2018-10-26,0.0019106138818916465,-0.09421765838427587,DOWN,UP,UP,UP,UP,UP->UP,747
2018-11-02,-0.010580885438449992,-0.06442161069204112,DOWN,UP,DOWN,DOWN,UP,UP->DOWN,745
2018-11-09,0.018575935058118095,-0.07015419375919067,DOWN,DOWN,UP,UP,DOWN,DOWN->UP,757
2018-11-16,-0.15313322969731427,0.045467676964872666,UP,UP,DOWN,DOWN,UP,UP->DOWN,770
2018-11-23,-0.2774476127668868,-0.14322756619575452,DOWN,DOWN,DOWN,DOWN,DOWN,DOWN->DOWN,732
2018-11-30,-0.08947573907424085,-0.4225857928445329,DOWN,DOWN,DOWN,DOWN,DOWN,DOWN->DOWN,675
2018-12-07,-0.19232980802961244,-0.5014806464803239,DOWN,DOWN,DOWN,DOWN,DOWN,DOWN->DOWN,666
2018-12-14,-0.06723252170982641,-0.7123863895680543,DOWN,DOWN,DOWN,DOWN,DOWN,DOWN->DOWN,657
2018-12-21,0.21895116094333447,-0.6264856815805664,DOWN,DOWN,UP,UP,DOWN,DOWN->UP,662
2018-12-28,0.032294216671171064,-0.13008690787034521,DOWN,UP,UP,UP,UP,UP->UP,713
2019-01-04,-0.007455733286743674,-0.008316952124933302,DOWN,UP,DOWN,DOWN,UP,UP->DOWN,729
2019-01-11,-0.07394063221333594,0.17655712261793546,UP,DOWN,DOWN,DOWN,DOWN,DOWN->DOWN,723
2019-01-18,-0.013910604671549674,0.16984901211442593,UP,DOWN,DOWN,DOWN,DOWN,DOWN->DOWN,693
2019-01-25,-0.015287267378446167,-0.06301275350045822,DOWN,DOWN,DOWN,DOWN,DOWN,DOWN->DOWN,696
2019-02-01,-0.05161478077628978,-0.11059423755007546,DOWN,DOWN,DOWN,DOWN,DOWN,DOWN->DOWN,702
2019-02-08,0.05701526982939369,-0.15475328503962155,DOWN,DOWN,UP,UP,DOWN,DOWN->UP,684
2019-02-15,-0.009729519386231168,-0.02379738299689193,DOWN,UP,DOWN,DOWN,UP,UP->DOWN,701
2019-02-22,0.11695239014840175,-0.019616297711573426,DOWN,DOWN,UP,UP,DOWN,DOWN->UP,707
2019-03-01,-0.042508939743026566,0.11262335981527449,UP,UP,DOWN,DOWN,UP,UP->DOWN,732
2019-03-08,0.010570603227519374,0.12172920084853772,UP,DOWN,UP,UP,DOWN,DOWN->UP,727
2019-03-15,0.030684762389545924,0.0752845342466634,UP,UP,UP,UP,UP,UP->UP,748
2019-03-22,0.013290852601709986,0.11569881602244048,UP,UP,UP,UP,UP,UP->UP,771
2019-03-29,0.027891476186324968,0.012037278475748717,UP,UP,UP,UP,UP,UP->UP,774
2019-04-05,0.20274341714770377,0.08243769440510025,UP,UP,UP,UP,UP,UP->UP,793
2019-04-12,-0.02827246554288804,0.27461050832528466,UP,UP,DOWN,DOWN,UP,UP->DOWN,819
2019-04-19,0.0394935432713929,0.2156532803928507,UP,DOWN,UP,UP,DOWN,DOWN->UP,807
2019-04-26,-0.062154374332361095,0.2418559710625336,UP,UP,DOWN,DOWN,UP,UP->DOWN,823
2019-05-03,0.07400847906072755,0.15181012054384754,UP,DOWN,UP,UP,DOWN,DOWN->UP,779
2019-05-10,0.04439260045754306,0.023075182456871315,UP,UP,UP,UP,UP,UP->UP,795
2019-05-17,0.17774850555309624,0.09574024845730242,UP,UP,UP,UP,UP,UP->UP,791
2019-05-24,0.06837327702978212,0.23399521073900575,UP,UP,UP,UP,UP,UP->UP,817
2019-05-31,0.08543318813519067,0.364522862101149,UP,UP,UP,UP,UP,UP->UP,820
2019-06-07,-0.06293136851892628,0.3759475711756121,UP,UP,DOWN,DOWN,UP,UP->DOWN,809
2019-06-14,0.055298447675242064,0.2686236021991427,UP,DOWN,UP,UP,DOWN,DOWN->UP,806
2019-06-21,0.11670468448232667,0.1461735443212886,UP,UP,UP,UP,UP,UP->UP,793
2019-06-28,0.11477860009166885,0.19450495177383315,UP,UP,UP,UP,UP,UP->UP,818
2019-07-05,-0.10616647131441138,0.2238503637303113,UP,UP,DOWN,DOWN,UP,UP->DOWN,822
2019-07-12,0.018766842979098388,0.1806152609348262,UP,DOWN,UP,UP,DOWN,DOWN->UP,800
2019-07-19,-0.12801500029041216,0.14408365623868252,UP,UP,DOWN,DOWN,UP,UP->DOWN,803
2019-07-26,-0.04385605893011126,-0.10063602853405629,DOWN,DOWN,DOWN,DOWN,DOWN,DOWN->DOWN,782
2019-08-02,0.032898412302298015,-0.25927068755583643,DOWN,DOWN,UP,UP,DOWN,DOWN->UP,775
2019-08-09,0.06307841185879046,-0.12020580393912703,DOWN,UP,UP,UP,UP,UP->UP,792
2019-08-16,-0.1249027382255646,-0.07589423505943496,DOWN,UP,DOWN,DOWN,UP,UP->DOWN,796
2019-08-23,0.010543743164204809,-0.07278197299458739,DOWN,DOWN,UP,UP,DOWN,DOWN->UP,774
2019-08-30,-0.09481811858901511,-0.018382170900271312,DOWN,UP,DOWN,DOWN,UP,UP->DOWN,778
2019-09-06,0.05046553136282981,-0.14609870179158443,DOWN,DOWN,UP,UP,DOWN,DOWN->UP,771
2019-09-13,0.007662107337940813,-0.1587115822875451,DOWN,UP,UP,UP,UP,UP->UP,766
2019-09-20,0.01738781157474084,-0.026146736724039672,DOWN,UP,UP,UP,UP,UP->UP,768
2019-09-27,-0.2205477673893183,-0.01930266831350365,DOWN,UP,DOWN,DOWN,UP,UP->DOWN,789
2019-10-04,0.0008546468141313121,-0.14503231711380685,DOWN,DOWN,UP,UP,DOWN,DOWN->UP,759
2019-10-11,0.01836146247608268,-0.19464320166250534,DOWN,UP,UP,UP,UP,UP->UP,768
2019-10-18,-0.034195966296928504,-0.18394384652436346,DOWN,UP,DOWN,DOWN,UP,UP->DOWN,767
2019-10-25,0.07446920468243323,-0.2355276243960328,DOWN,DOWN,UP,UP,DOWN,DOWN->UP,763
2019-11-01,0.05337038471262287,0.05948934767571872,UP,UP,UP,UP,UP,UP->UP,778
2019-11-08,-0.0373119634259444,0.11200508557421028,UP,UP,DOWN,DOWN,UP,UP->DOWN,780
2019-11-15,-0.03061692936104607,0.056331659672183204,UP,DOWN,DOWN,DOWN,DOWN,DOWN->DOWN,783
2019-11-22,-0.16759890196186025,0.05991069660806564,UP,DOWN,DOWN,DOWN,DOWN,DOWN->DOWN,766
2019-11-29,0.053872202292513494,-0.18215741003622785,DOWN,DOWN,UP,UP,DOWN,DOWN->UP,731
2019-12-06,-0.03372473759854501,-0.18165559245633722,DOWN,UP,DOWN,DOWN,UP,UP->DOWN,758
2019-12-13,-0.035823429567949,-0.17806836662893785,DOWN,DOWN,DOWN,DOWN,DOWN,DOWN->DOWN,758
2019-12-20,-0.03384749594639231,-0.18327486683584077,DOWN,DOWN,DOWN,DOWN,DOWN,DOWN->DOWN,742
2019-12-27,0.00027793488084595393,-0.04952346082037283,DOWN,DOWN,UP,UP,DOWN,DOWN->UP,747
2020-01-03,0.013414092100281797,-0.10311772823204036,DOWN,UP,UP,UP,UP,UP->UP,736
2020-01-10,0.1023592951631408,-0.055978898533213556,DOWN,UP,UP,UP,UP,UP->UP,750
2020-01-17,0.12057545027569877,0.08220382619787625,UP,UP,UP,UP,UP,UP->UP,759
2020-01-24,-0.060665870684868776,0.23662677241996732,UP,UP,DOWN,DOWN,UP,UP->DOWN,777
2020-01-31,0.10096348627493476,0.17568296685425258,UP,DOWN,UP,UP,DOWN,DOWN->UP,776
2020-02-07,0.07921800046399308,0.26323236102890557,UP,UP,UP,UP,UP,UP->UP,791
2020-02-14,0.09450732079772793,0.24009106632975782,UP,UP,UP,UP,UP,UP->UP,827
2020-02-21,-0.0940117646019346,0.21402293685178703,UP,UP,DOWN,DOWN,UP,UP->DOWN,844
2020-02-28,-0.13323623524689202,0.18067704293472117,UP,DOWN,DOWN,DOWN,DOWN,DOWN->DOWN,819
2020-03-06,0.05748550231495422,-0.05352267858710558,DOWN,DOWN,UP,UP,DOWN,DOWN->UP,795
2020-03-13,-0.5256522571850483,-0.07525517673614447,DOWN,UP,DOWN,DOWN,UP,UP->DOWN,814
2020-03-20,0.08232311209064844,-0.6954147547189207,DOWN,DOWN,UP,UP,DOWN,DOWN->UP,708
2020-03-27,0.03336171642204882,-0.5190798780263376,DOWN,UP,UP,UP,UP,UP->UP,714
2020-04-03,0.04076110332768971,-0.35248192635739684,DOWN,UP,UP,UP,UP,UP->UP,730
2020-04-10,0.0332361024501268,-0.3692063253446613,DOWN,UP,UP,UP,UP,UP->UP,731
2020-04-17,0.03725675163810495,0.18968203429051378,UP,UP,UP,UP,UP,UP->UP,745
2020-04-24,0.06276280731334076,0.14461567383797028,UP,UP,UP,UP,UP,UP->UP,765
2020-05-01,0.1401315028905472,0.17401676472926222,UP,UP,UP,UP,UP,UP->UP,790
2020-05-08,0.02972608247248129,0.27338716429211973,UP,UP,UP,UP,UP,UP->UP,810
2020-05-15,-0.059635823403651894,0.2698771443144742,UP,UP,DOWN,DOWN,UP,UP->DOWN,809
2020-05-22,-8.95083724085302e-05,0.17298456927271738,UP,DOWN,DOWN,DOWN,DOWN,DOWN->DOWN,811
2020-05-29,0.02103359264205731,0.11013225358696807,UP,DOWN,UP,UP,DOWN,DOWN->UP,819
2020-06-05,0.024469138463482122,-0.008965656661521826,DOWN,UP,UP,UP,UP,UP->UP,845
2020-06-12,-0.023905791234808186,-0.014222600670520995,DOWN,UP,DOWN,DOWN,UP,UP->DOWN,850
2020-06-19,-0.02986498688033962,0.021507431498322717,UP,DOWN,DOWN,DOWN,DOWN,DOWN->DOWN,864
2020-06-26,-0.008342285503534757,-0.008268047009608374,DOWN,DOWN,DOWN,DOWN,DOWN,DOWN->DOWN,859
2020-07-03,-0.01369222389695708,-0.03764392515520044,DOWN,DOWN,DOWN,DOWN,DOWN,DOWN->DOWN,860
2020-07-10,0.03987185898336354,-0.07580528751563964,DOWN,DOWN,UP,UP,DOWN,DOWN->UP,856
2020-07-17,-0.009069030436201634,-0.012027637297467919,DOWN,UP,DOWN,DOWN,UP,UP->DOWN,858
2020-07-24,0.04154786501793672,0.008768319146670065,UP,DOWN,UP,UP,DOWN,DOWN->UP,869
2020-07-31,0.15677881556164278,0.05865846966814155,UP,UP,UP,UP,UP,UP->UP,902
2020-08-07,0.03911357743789478,0.2291295091267414,UP,UP,UP,UP,UP,UP->UP,923
2020-08-14,0.04449490187416624,0.22837122758127265,UP,UP,UP,UP,UP,UP->UP,954
2020-08-21,-0.037017261244468996,0.28193515989164053,UP,UP,DOWN,DOWN,UP,UP->DOWN,965
2020-08-28,0.00042276512133873986,0.2033700336292348,UP,DOWN,UP,UP,DOWN,DOWN->UP,967
2020-09-04,-0.09067565683232302,0.04701398318893077,UP,UP,DOWN,DOWN,UP,UP->DOWN,979
2020-09-11,-0.013699610765636975,-0.08277525108128705,DOWN,DOWN,DOWN,DOWN,DOWN,DOWN->DOWN,946
2020-09-18,0.026090941405192466,-0.14096976372109027,DOWN,DOWN,UP,UP,DOWN,DOWN->UP,949
2020-09-25,-0.045271744572036095,-0.0778615610714288,DOWN,UP,DOWN,DOWN,UP,UP->DOWN,948
2020-10-02,-0.025621242549656344,-0.12355607076480363,DOWN,DOWN,DOWN,DOWN,DOWN,DOWN->DOWN,938
2020-10-09,0.0421359491873606,-0.05850165648213694,DOWN,DOWN,UP,UP,DOWN,DOWN->UP,942
2020-10-16,0.009875107577362999,-0.0026660965291393744,DOWN,UP,UP,UP,UP,UP->UP,940
2020-10-23,0.10250856741995232,-0.01888193035696884,DOWN,UP,UP,UP,UP,UP->UP,941
2020-10-30,0.007908209168665914,0.12889838163501957,UP,UP,UP,UP,UP,UP->UP,931
2020-11-06,0.11906272697386572,0.16242783335334182,UP,UP,UP,UP,UP,UP->UP,936
2020-11-13,0.039242398420993176,0.23935461113984696,UP,UP,UP,UP,UP,UP->UP,948
2020-11-20,0.10134421067176559,0.2687219019834771,UP,UP,UP,UP,UP,UP->UP,951
2020-11-27,-0.04124972590646859,0.2675575452352904,UP,UP,DOWN,DOWN,UP,UP->DOWN,953
2020-12-04,0.07272761843313216,0.2183996101601559,UP,DOWN,UP,UP,DOWN,DOWN->UP,956
2020-12-11,-0.04138045972256143,0.17206450161942233,UP,UP,DOWN,DOWN,UP,UP->DOWN,965
2020-12-18,0.20800011827203724,0.09144164347586774,UP,DOWN,UP,UP,DOWN,DOWN->UP,970
2020-12-25,0.0029476810471863275,0.19809755107613938,UP,UP,UP,UP,UP,UP->UP,1009
2021-01-01,0.14393433617522008,0.24229495802979428,UP,UP,UP,UP,UP,UP->UP,1005
2021-01-08,0.3246319897462109,0.3135016757718822,UP,UP,UP,UP,UP,UP->UP,1025
2021-01-15,-0.07938811988174996,0.6795141252406546,UP,UP,DOWN,DOWN,UP,UP->DOWN,1063
2021-01-22,-0.06743173968618088,0.39212588708686735,UP,DOWN,DOWN,DOWN,DOWN,DOWN->DOWN,1057
2021-01-29,0.049846765071897274,0.3217464663535001,UP,DOWN,UP,UP,DOWN,DOWN->UP,1045
2021-02-05,0.14542626833819924,0.22765889525017732,UP,UP,UP,UP,UP,UP->UP,1077
2021-02-12,0.2146980014940422,0.04845317384216569,UP,UP,UP,UP,UP,UP->UP,1138
2021-02-19,0.1391827397917878,0.34253929521795784,UP,UP,UP,UP,UP,UP->UP,1180
2021-02-26,-0.20903826428225747,0.5491537746959265,UP,UP,DOWN,DOWN,UP,UP->DOWN,1240
2021-03-05,0.055951889744198346,0.29026874534177177,UP,DOWN,UP,UP,DOWN,DOWN->UP,1203
2021-03-12,0.13506821528578308,0.20079436674777087,UP,UP,UP,UP,UP,UP->UP,1178
2021-03-19,0.03580019529116378,0.12116458053951176,UP,UP,UP,UP,UP,UP->UP,1239
2021-03-26,-0.04785787862966759,0.017782036038887727,UP,UP,DOWN,DOWN,UP,UP->DOWN,1270
2021-04-02,0.1112332326160262,0.17896242169147764,UP,DOWN,UP,UP,DOWN,DOWN->UP,1302
2021-04-09,0.007554045663652806,0.23424376456330548,UP,UP,UP,UP,UP,UP->UP,1308
2021-04-16,0.10104785015595483,0.1067295949411752,UP,UP,UP,UP,UP,UP->UP,1351
2021-04-23,-0.17975644130400845,0.17197724980596626,UP,UP,DOWN,DOWN,UP,UP->DOWN,1358
2021-04-30,0.14581510788440247,0.04007868713162539,UP,DOWN,UP,UP,DOWN,DOWN->UP,1346
2021-05-07,0.0703803373902671,0.07466056240000166,UP,UP,UP,UP,UP,UP->UP,1409
2021-05-14,-0.058082758403710244,0.13748685412661593,UP,UP,DOWN,DOWN,UP,UP->DOWN,1413
2021-05-21,-0.4099695963315382,-0.02164375443304914,DOWN,DOWN,DOWN,DOWN,DOWN,DOWN->DOWN,1417
2021-05-28,-0.041301228744555905,-0.2518569094605788,DOWN,DOWN,DOWN,DOWN,DOWN,DOWN->DOWN,1340
2021-06-04,0.06771049655290434,-0.4389732460895372,DOWN,DOWN,UP,UP,DOWN,DOWN->UP,1349
2021-06-11,-0.07335440757539778,-0.44164308692689996,DOWN,UP,DOWN,DOWN,UP,UP->DOWN,1353
2021-06-18,-0.03817278145260101,-0.4569147360985875,DOWN,DOWN,DOWN,DOWN,DOWN,DOWN->DOWN,1306
2021-06-25,-0.1762937642922518,-0.08511792121965037,DOWN,DOWN,DOWN,DOWN,DOWN,DOWN->DOWN,1317
2021-07-02,0.0911278225831705,-0.22011045676734625,DOWN,DOWN,UP,UP,DOWN,DOWN->UP,1287
2021-07-09,-0.0015004653455889317,-0.1966931307370801,DOWN,UP,DOWN,DOWN,UP,UP->DOWN,1304
2021-07-16,-0.09671696371780591,-0.12483918850727124,DOWN,DOWN,DOWN,DOWN,DOWN,DOWN->DOWN,1325
2021-07-23,0.06540369972965665,-0.18338337077247613,DOWN,DOWN,UP,UP,DOWN,DOWN->UP,1325
2021-07-30,0.1755195572688106,0.0583140932494323,UP,UP,UP,UP,UP,UP->UP,1335
2021-08-06,0.0579673075477679,0.14270582793507242,UP,UP,UP,UP,UP,UP->UP,1382
2021-08-13,0.14534678589102845,0.20217360082842928,UP,UP,UP,UP,UP,UP->UP,1418
2021-08-20,0.04801844728148055,0.44423735043726365,UP,UP,UP,UP,UP,UP->UP,1468
2021-08-27,0.005945249369644453,0.4268520979890875,UP,UP,UP,UP,UP,UP->UP,1477
2021-09-03,0.07155068316187485,0.25727779008992135,UP,UP,UP,UP,UP,UP->UP,1475
2021-09-10,-0.11983781112644963,0.2708611657040283,UP,UP,DOWN,DOWN,UP,UP->DOWN,1519
2021-09-17,0.02964205116618482,0.005676568686550226,UP,DOWN,UP,UP,DOWN,DOWN->UP,1471
2021-09-24,-0.10381361460484481,-0.012699827428745508,DOWN,UP,DOWN,DOWN,UP,UP->DOWN,1505
2021-10-01,0.09150496193198358,-0.12245869140323479,DOWN,DOWN,UP,UP,DOWN,DOWN->UP,1486
2021-10-08,0.07287995907195466,-0.10250441263312604,DOWN,UP,UP,UP,UP,UP->UP,1513
2021-10-15,0.07410052471939815,0.09021335756527826,UP,UP,UP,UP,UP,UP->UP,1525
2021-10-22,0.006817114173750719,0.1346718311184916,UP,UP,UP,UP,UP,UP->UP,1538
2021-10-29,0.039412839436259325,0.2453025598970871,UP,UP,UP,UP,UP,UP->UP,1537
2021-11-05,0.012617979676010823,0.19321043740136284,UP,UP,UP,UP,UP,UP->UP,1561
2021-11-12,0.03382408702711108,0.13294845800541902,UP,UP,UP,UP,UP,UP->UP,1573
2021-11-19,-0.08848726280825192,0.09267202031313196,UP,UP,DOWN,DOWN,UP,UP->DOWN,1585
2021-11-26,-0.07668705724829421,-0.0026323566688706904,DOWN,DOWN,DOWN,DOWN,DOWN,DOWN->DOWN,1590
2021-12-03,0.00958474472701286,-0.11873225335342423,DOWN,DOWN,UP,UP,DOWN,DOWN->UP,1585
2021-12-10,-0.14131866639347745,-0.12176548830242219,DOWN,UP,DOWN,DOWN,UP,UP->DOWN,1575
2021-12-17,-0.010060652838934508,-0.2969082417230107,DOWN,DOWN,DOWN,DOWN,DOWN,DOWN->DOWN,1538
2021-12-24,0.09048621916563832,-0.21848163175369328,DOWN,DOWN,UP,UP,DOWN,DOWN->UP,1518
2021-12-31,-0.08258454565412361,-0.05130835533976079,DOWN,UP,DOWN,DOWN,UP,UP->DOWN,1560
2022-01-07,-0.12120545243659482,-0.14347764572089727,DOWN,DOWN,DOWN,DOWN,DOWN,DOWN->DOWN,1540
2022-01-14,0.043883453873165945,-0.12336443176401463,DOWN,DOWN,UP,UP,DOWN,DOWN->UP,1532
2022-01-21,-0.22208224373136157,-0.06942032505191417,DOWN,UP,DOWN,DOWN,UP,UP->DOWN,1557
2022-01-28,-0.008227023107724708,-0.38198878794891405,DOWN,DOWN,DOWN,DOWN,DOWN,DOWN->DOWN,1508
2022-02-04,0.10177150510142853,-0.3076312654025152,DOWN,DOWN,UP,UP,DOWN,DOWN->UP,1507
2022-02-11,0.004094962997125328,-0.0846543078644918,DOWN,UP,UP,UP,UP,UP->UP,1541
2022-02-18,-0.052555338744625285,-0.1244427987405324,DOWN,UP,DOWN,DOWN,UP,UP->DOWN,1555
2022-02-25,-0.029080984430534595,0.04508410624620386,UP,DOWN,DOWN,DOWN,DOWN,DOWN->DOWN,1546
2022-03-04,-0.026017773973557038,0.02423014492339398,UP,DOWN,DOWN,DOWN,DOWN,DOWN->DOWN,1519
2022-03-11,-0.014182452615445616,-0.10355913415159158,DOWN,DOWN,DOWN,DOWN,DOWN,DOWN->DOWN,1525
2022-03-18,0.08209173609460867,-0.12183654976416254,DOWN,DOWN,UP,UP,DOWN,DOWN->UP,1522
2022-03-25,0.06420364602254693,0.012810525075071428,UP,UP,UP,UP,UP,UP->UP,1541
2022-04-01,0.07499680129637397,0.10609515552815293,UP,UP,UP,UP,UP,UP->UP,1563
2022-04-08,-0.10173290539584563,0.20710973079808395,UP,UP,DOWN,DOWN,UP,UP->DOWN,1573
2022-04-15,-0.044400124585525357,0.11955927801768393,UP,DOWN,DOWN,DOWN,DOWN,DOWN->DOWN,1559
2022-04-22,-0.02280460949832638,-0.0069325826624500875,DOWN,DOWN,DOWN,DOWN,DOWN,DOWN->DOWN,1557
2022-04-29,-0.05744848101734192,-0.0939408381833234,DOWN,DOWN,DOWN,DOWN,DOWN,DOWN->DOWN,1553
2022-05-06,-0.37210319296801286,-0.22638612049703927,DOWN,DOWN,DOWN,DOWN,DOWN,DOWN->DOWN,1522
2022-05-13,-0.518178549709669,-0.49675640806920646,DOWN,DOWN,DOWN,DOWN,DOWN,DOWN->DOWN,1508
2022-05-20,-0.012807345645859704,-0.9705348331933502,DOWN,DOWN,DOWN,DOWN,DOWN,DOWN->DOWN,1382
2022-05-27,-0.0675110283691554,-0.9605375693408835,DOWN,DOWN,DOWN,DOWN,DOWN,DOWN->DOWN,1382
2022-06-03,0.032719996597465335,-0.970600116692697,DOWN,DOWN,UP,UP,DOWN,DOWN->UP,1367
2022-06-10,-0.0381970750616825,-0.5657769271272188,DOWN,UP,DOWN,DOWN,UP,UP->DOWN,1378
2022-06-17,-0.3380479788722763,-0.08579545247923226,DOWN,DOWN,DOWN,DOWN,DOWN,DOWN->DOWN,1367
2022-06-24,0.08146139939686801,-0.41103608570564887,DOWN,DOWN,UP,UP,DOWN,DOWN->UP,1299
2022-07-01,-0.1169402378610038,-0.26206365793962544,DOWN,UP,DOWN,DOWN,UP,UP->DOWN,1318
2022-07-08,0.11145312774963398,-0.4117238923980946,DOWN,DOWN,UP,UP,DOWN,DOWN->UP,1289
2022-07-15,-0.025716616193061176,-0.26207368958677807,DOWN,UP,DOWN,DOWN,UP,UP->DOWN,1313
2022-07-22,0.1106100659928422,0.05025767309243702,UP,DOWN,UP,UP,DOWN,DOWN->UP,1311
2022-07-29,0.06914521300106798,0.07940633968841121,UP,UP,UP,UP,UP,UP->UP,1338
2022-08-05,0.00023637564670501488,0.265491790550483,UP,UP,UP,UP,UP,UP->UP,1357
2022-08-12,0.06224628868116693,0.15427503844755402,UP,UP,UP,UP,UP,UP->UP,1357
2022-08-19,-0.1754093889746313,0.24223794332178214,UP,UP,DOWN,DOWN,UP,UP->DOWN,1373
2022-08-26,-0.03993489543897027,-0.04378151164569136,DOWN,DOWN,DOWN,DOWN,DOWN,DOWN->DOWN,1338
2022-09-02,0.0050491154345492254,-0.15286162008572962,DOWN,DOWN,UP,UP,DOWN,DOWN->UP,1318
2022-09-09,0.06907607676868568,-0.1480488802978854,DOWN,UP,UP,UP,UP,UP->UP,1330
2022-09-16,-0.10350826543939509,-0.14121909221036666,DOWN,UP,DOWN,DOWN,UP,UP->DOWN,1339
2022-09-23,-0.02535939095118833,-0.06931796867513045,DOWN,DOWN,DOWN,DOWN,DOWN,DOWN->DOWN,1318
2022-09-30,-0.0025266506545794745,-0.054742464187348516,DOWN,DOWN,DOWN,DOWN,DOWN,DOWN->DOWN,1311
2022-10-07,0.0047145215125819805,-0.062318230276477204,DOWN,DOWN,UP,UP,DOWN,DOWN->UP,1312
2022-10-14,-0.0361652859804684,-0.1266797855325809,DOWN,UP,DOWN,DOWN,UP,UP->DOWN,1309
2022-10-21,-0.005880632402567577,-0.059336806073654214,DOWN,DOWN,DOWN,DOWN,DOWN,DOWN->DOWN,1308
2022-10-28,0.09835611302198409,-0.03985804752503347,DOWN,DOWN,UP,UP,DOWN,DOWN->UP,1313
2022-11-04,0.05516189297170359,0.0610247161515301,UP,UP,UP,UP,UP,UP->UP,1322
2022-11-11,-0.23849047782596122,0.1114720876106517,UP,UP,DOWN,DOWN,UP,UP->DOWN,1331
2022-11-18,-0.041300868734932626,-0.09085310423484111,DOWN,DOWN,DOWN,DOWN,DOWN,DOWN->DOWN,1280
2022-11-25,-0.0018604500218210229,-0.12627334056720613,DOWN,DOWN,DOWN,DOWN,DOWN,DOWN->DOWN,1259
2022-12-02,0.0401501617277498,-0.2264899036110113,DOWN,DOWN,UP,UP,DOWN,DOWN->UP,1249
2022-12-09,-0.014278252326476006,-0.24150163485496506,DOWN,UP,DOWN,DOWN,UP,UP->DOWN,1269
2022-12-16,-0.07873350211021533,-0.017289409355479853,DOWN,DOWN,DOWN,DOWN,DOWN,DOWN->DOWN,1265
2022-12-23,0.015270034544796852,-0.05472204273076256,DOWN,DOWN,UP,UP,DOWN,DOWN->UP,1238
2022-12-30,-0.02199059299844644,-0.03759155816414469,DOWN,UP,DOWN,DOWN,UP,UP->DOWN,1236
2023-01-06,0.04120984461207969,-0.09973231289034093,DOWN,DOWN,UP,UP,DOWN,DOWN->UP,1236
2023-01-13,0.15129306541805418,-0.04424421595178524,DOWN,UP,UP,UP,UP,UP->UP,1248
2023-01-20,0.1149495810307602,0.1857823515764843,UP,UP,UP,UP,UP,UP->UP,1292
2023-01-27,0.011176526144692157,0.2854618980624476,UP,UP,UP,UP,UP,UP->UP,1302
2023-02-03,0.032761045058064354,0.31862901720558623,UP,UP,UP,UP,UP,UP->UP,1305
2023-02-10,-0.08181425903464579,0.3101802176515709,UP,UP,DOWN,DOWN,UP,UP->DOWN,1330
2023-02-17,0.11232221055897278,0.07707289319887092,UP,DOWN,UP,UP,DOWN,DOWN->UP,1340
2023-02-24,-0.053440863552551704,0.0744455227270835,UP,UP,DOWN,DOWN,UP,UP->DOWN,1366
2023-03-03,-0.038809868455197884,0.00982813302983964,UP,DOWN,DOWN,DOWN,DOWN,DOWN->DOWN,1364
2023-03-10,-0.10616018987705411,-0.06174278048342259,DOWN,DOWN,DOWN,DOWN,DOWN,DOWN->DOWN,1377
2023-03-17,0.24585306620810798,-0.08608871132583092,DOWN,DOWN,UP,UP,DOWN,DOWN->UP,1347
2023-03-24,-0.017059992448752864,0.04744214432330429,UP,UP,DOWN,DOWN,UP,UP->DOWN,1408
2023-03-31,0.035972887415608605,0.08382301542710313,UP,DOWN,UP,UP,DOWN,DOWN->UP,1386
2023-04-07,-0.011946465588119492,0.1586057712979096,UP,UP,DOWN,DOWN,UP,UP->DOWN,1379
2023-04-14,0.08709131216981375,0.25281949558684425,UP,DOWN,UP,UP,DOWN,DOWN->UP,1372
2023-04-21,-0.11519871207369693,0.09405774154855001,UP,UP,DOWN,DOWN,UP,UP->DOWN,1372
2023-04-28,0.048134888785708235,-0.004080978076394071,DOWN,DOWN,UP,UP,DOWN,DOWN->UP,1353
2023-05-05,0.012437217290369586,0.008081023293705561,UP,UP,UP,UP,UP,UP->UP,1361
2023-05-12,-0.09751961220212724,0.03246470617219464,UP,UP,DOWN,DOWN,UP,UP->DOWN,1358
2023-05-19,0.0021361966452302797,-0.15214621819974633,DOWN,DOWN,UP,UP,DOWN,DOWN->UP,1323
2023-05-26,-0.009676917081913749,-0.03481130948081913,DOWN,UP,DOWN,DOWN,UP,UP->DOWN,1327
2023-06-02,0.027907823004396065,-0.09262311534844112,DOWN,DOWN,UP,UP,DOWN,DOWN->UP,1317
2023-06-09,-0.05633188821219759,-0.07715250963441464,DOWN,UP,DOWN,DOWN,UP,UP->DOWN,1307
2023-06-16,-0.045849118811175524,-0.03596478564448499,DOWN,DOWN,DOWN,DOWN,DOWN,DOWN->DOWN,1297
2023-06-23,0.1254473062954944,-0.0839501011008908,DOWN,DOWN,UP,UP,DOWN,DOWN->UP,1278
2023-06-30,-0.0028390829154617304,0.05117412227651734,UP,UP,DOWN,DOWN,UP,UP->DOWN,1292
2023-07-07,-0.009419867139596746,0.020427216356659547,UP,DOWN,DOWN,DOWN,DOWN,DOWN->DOWN,1292
2023-07-14,0.006260521171876979,0.06733923742926039,UP,DOWN,UP,UP,DOWN,DOWN->UP,1291
2023-07-21,-0.01224049477915616,0.11944887741231289,UP,UP,DOWN,DOWN,UP,UP->DOWN,1289
2023-07-28,-0.016844939868628693,-0.018238923662337658,DOWN,DOWN,DOWN,DOWN,DOWN,DOWN->DOWN,1212
2023-08-04,-0.02389942603015539,-0.03224478061550462,DOWN,DOWN,DOWN,DOWN,DOWN,DOWN->DOWN,1207
2023-08-11,-0.002113948192108231,-0.046724339506063264,DOWN,DOWN,DOWN,DOWN,DOWN,DOWN->DOWN,1198
2023-08-18,-0.12283941768136045,-0.05509880887004848,DOWN,DOWN,DOWN,DOWN,DOWN,DOWN->DOWN,1193
2023-08-25,-0.0013400682731717396,-0.16569773177225278,DOWN,DOWN,DOWN,DOWN,DOWN,DOWN->DOWN,1190
2023-09-01,-0.035323365703340076,-0.15019286017679578,DOWN,DOWN,DOWN,DOWN,DOWN,DOWN->DOWN,1192
2023-09-08,0.005679440007409081,-0.16161679984998048,DOWN,DOWN,UP,UP,DOWN,DOWN->UP,1186
2023-09-15,0.015446794923264067,-0.15382341165046318,DOWN,UP,UP,UP,UP,UP->UP,1196
2023-09-22,-0.010796723116478729,-0.015537199045838666,DOWN,UP,DOWN,DOWN,UP,UP->DOWN,1194
2023-09-29,0.022568599249938866,-0.024993853889145656,DOWN,DOWN,UP,UP,DOWN,DOWN->UP,1188
2023-10-06,0.018316934119523908,0.03289811106413329,UP,UP,UP,UP,UP,UP->UP,1187
2023-10-13,-0.04636190264592463,0.04553560517624811,UP,UP,DOWN,DOWN,UP,UP->DOWN,1199
2023-10-20,0.07399667053998583,-0.016273092392940586,DOWN,DOWN,UP,UP,DOWN,DOWN->UP,1185
2023-10-27,0.11770600859257117,0.06852030126352399,UP,UP,UP,UP,UP,UP->UP,1190
2023-11-03,0.0260398005118654,0.16365771060615628,UP,UP,UP,UP,UP,UP->UP,1205
2023-11-10,0.09791887677549854,0.17138057699849776,UP,UP,UP,UP,UP,UP->UP,1225
2023-11-17,-0.025230252568821197,0.31566135641992094,UP,UP,DOWN,DOWN,UP,UP->DOWN,1255
2023-11-24,0.01752194621261642,0.21643443331111392,UP,DOWN,UP,UP,DOWN,DOWN->UP,1276
2023-12-01,0.017984030985759136,0.11625037093115917,UP,UP,UP,UP,UP,UP->UP,1303
2023-12-08,0.1286928093430226,0.10819460140505291,UP,UP,UP,UP,UP,UP->UP,1332
2023-12-15,-0.04560278994845969,0.13896853397257694,UP,UP,DOWN,DOWN,UP,UP->DOWN,1378
2023-12-22,0.05783814731529964,0.11859599659293847,UP,DOWN,UP,UP,DOWN,DOWN->UP,1386
2023-12-29,-0.01901404827509297,0.15891219769562168,UP,UP,DOWN,DOWN,UP,UP->DOWN,1397
