universe,target,model,period,N,prevalence,brier,log_loss,auc,balanced_accuracy,brier_skill_vs_M0,brier_m0,bss_median,bss_min,bss_max,n_offsets_bss_gt0,n_offsets
ALL_MARKET,pos_12w,M0,full_wf,323,0.5046439628482973,0.30139653629309654,0.8198186262998431,0.33608128834355827,0.5,0.0,,,,,,
ALL_MARKET,pos_12w,M_MACRO,full_wf,323,0.5046439628482973,0.32468863132917164,1.107069886914439,0.5074386503067485,0.529965490797546,-0.07728056640114955,0.30139653629309654,,,,,
ALL_MARKET,pos_12w,M0,validation_2021_2023,145,0.4689655172413793,0.2805760277536883,0.7568619191813463,0.3560924369747899,0.5,0.0,,,,,,
ALL_MARKET,pos_12w,M_MACRO,validation_2021_2023,145,0.4689655172413793,0.2327469317221484,0.6650782283626995,0.6900305576776165,0.6412337662337662,0.17046750720103587,0.2805760277536883,,,,,
ALL_MARKET,pos_12w,M_MACRO,nonoverlap_off00,27,,0.3248833858556944,,,,-0.04470535950843679,0.31098087407971287,,,,,
ALL_MARKET,pos_12w,M_MACRO,nonoverlap_off01,27,,0.28503106235949827,,,,0.047805281434003755,0.2993411502940854,,,,,
ALL_MARKET,pos_12w,M_MACRO,nonoverlap_off02,26,,0.35869375905695633,,,,-0.09460407591489672,0.3276926945088811,,,,,
ALL_MARKET,pos_12w,M_MACRO,nonoverlap_off03,27,,0.3377099981450758,,,,-0.11107195068744136,0.3039497108500743,,,,,
ALL_MARKET,pos_12w,M_MACRO,nonoverlap_off04,27,,0.316357700630532,,,,-0.09834816821689452,0.2880304349613662,,,,,
ALL_MARKET,pos_12w,M_MACRO,nonoverlap_off05,27,,0.3280258557042603,,,,-0.17283030989132464,0.27968739632475514,,,,,
ALL_MARKET,pos_12w,M_MACRO,nonoverlap_off06,27,,0.27404898647450104,,,,-0.03094989498838796,0.26582182878789445,,,,,
ALL_MARKET,pos_12w,M_MACRO,nonoverlap_off07,27,,0.3251480646472024,,,,-0.09814319446896191,0.2960889493145172,,,,,
ALL_MARKET,pos_12w,M_MACRO,nonoverlap_off08,27,,0.3176476187789497,,,,-0.060455779091738604,0.2995387691234133,,,,,
ALL_MARKET,pos_12w,M_MACRO,nonoverlap_off09,27,,0.3529671019049968,,,,-0.1596762587233811,0.3043669293476417,,,,,
ALL_MARKET,pos_12w,M_MACRO,nonoverlap_off10,27,,0.3423067904607912,,,,-0.02201567181628583,0.3349330151194816,,,,,
ALL_MARKET,pos_12w,M_MACRO,nonoverlap_off11,27,,0.3347027011067047,,,,-0.08917029519143793,0.3073006145911055,,,,,
ALL_MARKET,pos_12w,M_MACRO,nonoverlap_summary,12,,,,,,-0.09188718555316733,,-0.09188718555316733,-0.17283030989132464,0.047805281434003755,1.0,12.0
ALL_MARKET,strong_12w,M0,full_wf,323,0.3746130030959752,0.2731125709790319,0.741402677882108,0.3921323950576876,0.4815481548154815,0.0,,,,,,
ALL_MARKET,strong_12w,M_MACRO,full_wf,323,0.3746130030959752,0.3028230341822509,0.8887282645200908,0.5566647573848293,0.5558874069225104,-0.10878467840830375,0.2731125709790319,,,,,
ALL_MARKET,strong_12w,M0,validation_2021_2023,145,0.296551724137931,0.25285324317974595,0.6988791788913477,0.396374829001368,0.5058139534883721,0.0,,,,,,
ALL_MARKET,strong_12w,M_MACRO,validation_2021_2023,145,0.296551724137931,0.215283912622649,0.6171361234182672,0.6671226630186958,0.6087551299589604,0.14858156488184726,0.25285324317974595,,,,,
ALL_MARKET,strong_12w,M_MACRO,nonoverlap_off00,27,,0.28750263340718035,,,,-0.03442652922376599,0.2779343194368018,,,,,
ALL_MARKET,strong_12w,M_MACRO,nonoverlap_off01,27,,0.3476879859419737,,,,-0.2587153561937552,0.27622447301616443,,,,,
ALL_MARKET,strong_12w,M_MACRO,nonoverlap_off02,26,,0.3095400977314992,,,,-0.14324037428412373,0.27075679331682767,,,,,
ALL_MARKET,strong_12w,M_MACRO,nonoverlap_off03,27,,0.33719236346047116,,,,-0.24205636206336067,0.2714791162136248,,,,,
ALL_MARKET,strong_12w,M_MACRO,nonoverlap_off04,27,,0.3397681378662483,,,,-0.26842927499988467,0.26786526025763574,,,,,
ALL_MARKET,strong_12w,M_MACRO,nonoverlap_off05,27,,0.31485802480787256,,,,-0.17697288124324406,0.2675151057646171,,,,,
ALL_MARKET,strong_12w,M_MACRO,nonoverlap_off06,27,,0.26895148485363546,,,,-0.0019408620322465264,0.268430498291205,,,,,
ALL_MARKET,strong_12w,M_MACRO,nonoverlap_off07,27,,0.27600643622835663,,,,-0.017740098503769897,0.2711954030642276,,,,,
ALL_MARKET,strong_12w,M_MACRO,nonoverlap_off08,27,,0.2714186012752059,,,,-0.01438135674523977,0.26757057340454676,,,,,
ALL_MARKET,strong_12w,M_MACRO,nonoverlap_off09,27,,0.29758418540073184,,,,-0.06418028896787487,0.27963700181794593,,,,,
ALL_MARKET,strong_12w,M_MACRO,nonoverlap_off10,27,,0.29370623334043305,,,,-0.05305432778839969,0.27890890867640994,,,,,
ALL_MARKET,strong_12w,M_MACRO,nonoverlap_off11,27,,0.2899090060048564,,,,-0.03632885969348276,0.2797461474638499,,,,,
ALL_MARKET,strong_12w,M_MACRO,nonoverlap_summary,12,,,,,,-0.05861730837813728,,-0.05861730837813728,-0.26842927499988467,-0.0019408620322465264,0.0,12.0
ALL_MARKET,severe_12w,M0,full_wf,323,0.24458204334365324,0.20970990771921016,0.9575001847472496,0.2687798298402158,0.5,0.0,,,,,,
ALL_MARKET,severe_12w,M_MACRO,full_wf,323,0.24458204334365324,0.21672449277596278,1.0772284149524736,0.5324756173479975,0.5373780867399875,-0.03344899214845287,0.20970990771921016,,,,,
ALL_MARKET,severe_12w,M0,validation_2021_2023,145,0.23448275862068965,0.18777680785558787,0.5721252949039999,0.28563857975622686,0.5,0.0,,,,,,
ALL_MARKET,severe_12w,M_MACRO,validation_2021_2023,145,0.23448275862068965,0.19296999195777084,0.5620975748362682,0.7111817700052995,0.5932697403285638,-0.02765615286301415,0.18777680785558787,,,,,
ALL_MARKET,severe_12w,M_MACRO,nonoverlap_off00,27,,0.21692747667196646,,,,-0.03778237502889459,0.20902983312462464,,,,,
ALL_MARKET,severe_12w,M_MACRO,nonoverlap_off01,27,,0.18196915293272364,,,,-0.05088322310540061,0.17315830049603204,,,,,
ALL_MARKET,severe_12w,M_MACRO,nonoverlap_off02,26,,0.167596492416076,,,,0.024262715982878102,0.1717639524094839,,,,,
ALL_MARKET,severe_12w,M_MACRO,nonoverlap_off03,27,,0.19485485443864312,,,,0.08513166295212993,0.21298677257473764,,,,,
ALL_MARKET,severe_12w,M_MACRO,nonoverlap_off04,27,,0.2131239320485289,,,,0.13450563194534648,0.2462453135628847,,,,,
ALL_MARKET,severe_12w,M_MACRO,nonoverlap_off05,27,,0.2238835283992598,,,,-0.04815212863797891,0.21359831486502365,,,,,
ALL_MARKET,severe_12w,M_MACRO,nonoverlap_off06,27,,0.24298113431934068,,,,-0.011151691381982687,0.24030136762887508,,,,,
ALL_MARKET,severe_12w,M_MACRO,nonoverlap_off07,27,,0.27330633383992803,,,,-0.08467221126582514,0.25197136148715044,,,,,
ALL_MARKET,severe_12w,M_MACRO,nonoverlap_off08,27,,0.20234691237595956,,,,-0.09319588360037057,0.18509666511873699,,,,,
ALL_MARKET,severe_12w,M_MACRO,nonoverlap_off09,27,,0.2193176676650111,,,,-0.1182173337527399,0.19613152206197743,,,,,
ALL_MARKET,severe_12w,M_MACRO,nonoverlap_off10,27,,0.22493357201376862,,,,-0.145036957963397,0.19644219380817488,,,,,
ALL_MARKET,severe_12w,M_MACRO,nonoverlap_off11,27,,0.23763330062146273,,,,-0.0881248997080959,0.21838788974060885,,,,,
ALL_MARKET,severe_12w,M_MACRO,nonoverlap_summary,12,,,,,,-0.04951767587168976,,-0.04951767587168976,-0.145036957963397,0.13450563194534648,3.0,12.0
BULL,pos_12w,M0,full_wf,44,0.5909090909090909,0.27663283035383335,0.7647604357083747,0.3675213675213675,0.5,0.0,,,,,,
BULL,pos_12w,M_MACRO,full_wf,44,0.5909090909090909,0.2804005802707611,0.7753412099617311,0.6688034188034188,0.5,-0.013620038923465971,0.27663283035383335,,,,,
BULL,pos_12w,M0,validation_2021_2023,38,0.5263157894736842,0.3126695930412808,0.8462813425099338,0.3111111111111111,0.5,0.0,,,,,,
BULL,pos_12w,M_MACRO,validation_2021_2023,38,0.5263157894736842,0.32218008540372073,0.876814810714646,0.5888888888888889,0.5,-0.030417068285832016,0.3126695930412808,,,,,
