target,model,period,N,prevalence,brier,brier_skill_vs_M0,log_loss,auc,balanced_accuracy,bss_median,bss_min,bss_max,n_offsets_bss_gt0,n_offsets,selected,note
UP_60D,M0,DEV_WF,2896,0.3860497237569061,0.25021531313733786,0.0,0.6941432945811497,0.37327271702843945,0.49628585112013057,,,,,,,
UP_60D,M0,DEV_NONOVERLAP_SUMMARY,60,,,0.0,,,,0.0,0.0,0.0,0.0,60.0,,skipped_low_n=0
UP_60D,M1,DEV_WF,2896,0.3860497237569061,0.25996635925556255,-0.03897062092627612,0.7509904317254184,0.5847593625930927,0.5547387971852356,,,,,,,
UP_60D,M1,DEV_NONOVERLAP_SUMMARY,60,,,,,,,-0.03789985066991086,-0.2189105874672328,0.1815131727428395,18.0,60.0,,skipped_low_n=0
UP_60D,M2,DEV_WF,2896,0.3860497237569061,0.2608626588411666,-0.04255273416453398,0.7728890022069045,0.5845319759895845,0.553217520439641,,,,,,,
UP_60D,M2,DEV_NONOVERLAP_SUMMARY,60,,,,,,,-0.04139048462626016,-0.22766133363491514,0.1792375474717175,16.0,60.0,,skipped_low_n=0
UP_60D,M3,DEV_WF,2896,0.3860497237569061,0.25985896697842675,-0.03854142146686157,0.7507245974274284,0.5847653994055753,0.5547387971852356,,,,,,,
UP_60D,M3,DEV_NONOVERLAP_SUMMARY,60,,,,,,,-0.037523446511842584,-0.2182033880973091,0.17936516898357568,18.0,60.0,,skipped_low_n=0
UP_60D,M4,DEV_WF,2896,0.3860497237569061,0.3172891501684899,-0.2680644769104785,1.450231808377081,0.504463971296969,0.49990592633881414,,,,,,,
UP_60D,M4,DEV_NONOVERLAP_SUMMARY,60,,,,,,,-0.27530604566337924,-0.5148704308523449,0.000870549167710899,1.0,60.0,,skipped_low_n=0
UP_60D,M5,DEV_WF,2896,0.3860497237569061,0.2644045089089503,-0.05670794322577799,0.7560307394994721,0.5600343394016714,0.5408853186732696,,,,,,,
UP_60D,M5,DEV_NONOVERLAP_SUMMARY,60,,,,,,,-0.052013837493530946,-0.26701904460314685,0.1347766639208896,17.0,60.0,,skipped_low_n=0
UP_60D,M0,HOLDOUT,764,0.16361256544502617,0.1799529170566372,0.0,0.5501069445044103,0.5311298904538341,0.5,,,,,,,
ADVERSE_60D,M0,DEV_WF,2896,0.3812154696132597,0.251599538488233,0.0,0.7093821239459721,0.3846637733728002,0.5,,,,,,,
ADVERSE_60D,M0,DEV_NONOVERLAP_SUMMARY,60,,,0.0,,,,0.0,0.0,0.0,0.0,60.0,,skipped_low_n=0
ADVERSE_60D,M1,DEV_WF,2896,0.3812154696132597,0.2450112815918534,0.026185488796863332,0.7217812805104817,0.5909891385222568,0.5574615036231884,,,,,,,
ADVERSE_60D,M1,DEV_NONOVERLAP_SUMMARY,60,,,,,,,0.044343647901051886,-0.16416804525946893,0.1934275369834606,39.0,60.0,,skipped_low_n=0
ADVERSE_60D,M2,DEV_WF,2896,0.3812154696132597,0.24580590563473723,0.023027199844274593,0.7323966851127851,0.5895940492365425,0.5571824857660456,,,,,,,
ADVERSE_60D,M2,DEV_NONOVERLAP_SUMMARY,60,,,,,,,0.0437012510133033,-0.17042942158422614,0.18959092460172888,39.0,60.0,,skipped_low_n=0
ADVERSE_60D,M3,DEV_WF,2896,0.3812154696132597,0.24483078926767984,0.026902868189759177,0.7207323191866769,0.5914920783190993,0.5574615036231884,,,,,,,
ADVERSE_60D,M3,DEV_NONOVERLAP_SUMMARY,60,,,,,,,0.04489649286349251,-0.161833940953104,0.19640847383658566,40.0,60.0,,skipped_low_n=0
ADVERSE_60D,M4,DEV_WF,2896,0.3812154696132597,0.2918068975722554,-0.15980696676000794,1.0665363385051825,0.5572072536555384,0.5352613871635611,,,,,,,
ADVERSE_60D,M4,DEV_NONOVERLAP_SUMMARY,60,,,,,,,-0.16490875048279174,-0.43350478955133287,0.0641478575967026,6.0,60.0,,skipped_low_n=0
ADVERSE_60D,M5,DEV_WF,2896,0.3812154696132597,0.2437461792856584,0.031213726582181023,0.7058494435166195,0.5967863410649585,0.5682906314699793,,,,,,yes,
ADVERSE_60D,M5,DEV_NONOVERLAP_SUMMARY,60,,,,,,,0.031006117905492903,-0.1310241895990063,0.1797468918432501,34.0,60.0,,skipped_low_n=0
ADVERSE_60D,M0,HOLDOUT,764,0.3599476439790576,0.23256918955388525,0.0,0.6581440110972051,0.314021193530396,0.5,,,,,,,
ADVERSE_60D,M5,HOLDOUT,764,0.3599476439790576,0.23510050572970803,-0.010884142395122698,0.66335271702076,0.6301766127532998,0.5083026584867075,,,,,,yes,
ADVERSE_60D,M5,HOLDOUT_NONOVERLAP_SUMMARY,60,,,,,,,-0.02242386027051868,-0.21362320643414145,0.19733078031661522,28.0,60.0,yes,skipped_low_n=0
