from_state,to_state,count,probability,matrix
BEAR_HIGH_VOL,BEAR_HIGH_VOL,21,0.65625,combined
BEAR_HIGH_VOL,BEAR_NORMAL_VOL,3,0.09375,combined
BEAR_HIGH_VOL,NEUTRAL_HIGH_VOL,7,0.21875,combined
BEAR_HIGH_VOL,NEUTRAL_NORMAL_VOL,1,0.03125,combined
BEAR_NORMAL_VOL,BEAR_HIGH_VOL,3,0.036585365853658534,combined
BEAR_NORMAL_VOL,BEAR_NORMAL_VOL,58,0.7073170731707317,combined
BEAR_NORMAL_VOL,BULL_NORMAL_VOL,2,0.024390243902439025,combined
BEAR_NORMAL_VOL,NEUTRAL_NORMAL_VOL,19,0.23170731707317074,combined
BULL_HIGH_VOL,BEAR_HIGH_VOL,1,0.017241379310344827,combined
BULL_HIGH_VOL,BULL_HIGH_VOL,43,0.7413793103448276,combined
BULL_HIGH_VOL,BULL_NORMAL_VOL,4,0.06896551724137931,combined
BULL_HIGH_VOL,NEUTRAL_HIGH_VOL,10,0.1724137931034483,combined
BULL_NORMAL_VOL,BULL_HIGH_VOL,6,0.0625,combined
BULL_NORMAL_VOL,BULL_NORMAL_VOL,71,0.7395833333333334,combined
BULL_NORMAL_VOL,NEUTRAL_NORMAL_VOL,19,0.19791666666666666,combined
NEUTRAL_HIGH_VOL,BEAR_HIGH_VOL,4,0.07547169811320754,combined
NEUTRAL_HIGH_VOL,BULL_HIGH_VOL,8,0.1509433962264151,combined
NEUTRAL_HIGH_VOL,BULL_NORMAL_VOL,1,0.018867924528301886,combined
NEUTRAL_HIGH_VOL,NEUTRAL_HIGH_VOL,35,0.660377358490566,combined
NEUTRAL_HIGH_VOL,NEUTRAL_NORMAL_VOL,5,0.09433962264150944,combined
NEUTRAL_NORMAL_VOL,BEAR_HIGH_VOL,2,0.017857142857142856,combined
NEUTRAL_NORMAL_VOL,BEAR_NORMAL_VOL,21,0.1875,combined
NEUTRAL_NORMAL_VOL,BULL_HIGH_VOL,1,0.008928571428571428,combined
NEUTRAL_NORMAL_VOL,BULL_NORMAL_VOL,19,0.16964285714285715,combined
NEUTRAL_NORMAL_VOL,NEUTRAL_HIGH_VOL,1,0.008928571428571428,combined
NEUTRAL_NORMAL_VOL,NEUTRAL_NORMAL_VOL,68,0.6071428571428571,combined
BEAR,BEAR,85,0.7456140350877193,direction
BEAR,BULL,2,0.017543859649122806,direction
BEAR,NEUTRAL,27,0.23684210526315788,direction
BULL,BEAR,1,0.006493506493506494,direction
BULL,BULL,124,0.8051948051948052,direction
BULL,NEUTRAL,29,0.18831168831168832,direction
NEUTRAL,BEAR,27,0.16363636363636364,direction
NEUTRAL,BULL,29,0.17575757575757575,direction
NEUTRAL,NEUTRAL,109,0.6606060606060606,direction
