zone_id,zone_sign,lookback_hours,forward_hours,sample,spec,beta,se,t_stat,p_value,r2,N,probability_edge,econ_beta_x_median_past,overlap_artifact
0,-1,3,1,IS,subsample_24h,-0.007945479021390303,0.042394892264497,-0.18741595029465688,0.8513345176463393,0.0002393103911437766,347,-0.08156218571907475,-7.969215655144839e-06,
0,-1,3,1,IS,vol_x_only,-0.00035827343847520205,0.00016195654303523082,-2.212157852722665,0.026955759900001028,0.0017056079690052073,4291,,,
0,-1,3,1,OOS-1,subsample_24h,0.04911549227801222,0.04151739213521526,1.1830100531856915,0.2368051631708138,0.014515948264029244,212,-0.07153688341807152,1.5571566581467632e-05,
0,-1,3,1,OOS-1,vol_x_only,-0.00016316006510890945,0.0001563740714035804,-1.0433959008959697,0.29676497123385104,0.0005595190509353198,2645,,,
0,-1,3,1,OOS-2,subsample_24h,0.01857095996122873,0.05006189696861694,0.37095997326810426,0.710667344667318,0.0015850481246824089,98,-0.18452380952380953,2.8299393742111897e-05,LIKELY OVERLAP ARTIFACT
0,-1,3,1,OOS-2,vol_x_only,-0.0002173955359660823,0.00021733160610380237,-1.0002941581458216,0.31716817348106685,0.0013287953996757862,1243,,,
0,-1,6,1,IS,subsample_24h,-0.01709124565518861,0.02684475723808067,-0.6366697788923864,0.5243399626832183,0.002076457991092795,347,-0.023823924731182777,-3.842409260367985e-05,
0,-1,6,1,IS,vol_x_only,-0.00018982626735251622,0.00017025950566558996,-1.11492316749326,0.2648833478636653,0.00046973272105843566,4293,,,
0,-1,6,1,OOS-1,subsample_24h,-0.0034869562338466073,0.04027223802497998,-0.08658461523006805,0.9310016952369551,0.00010200524684755852,212,-0.0761990138951143,-3.480093644874028e-06,
0,-1,6,1,OOS-1,vol_x_only,-0.00020440973290965824,0.00016614759117571424,-1.2302900780155084,0.21858849847214612,0.0008748865442625986,2644,,,
0,-1,6,1,OOS-2,subsample_24h,0.008411025543367574,0.04820565868444931,0.17448212041713873,0.8614865810776056,0.0004574185359887961,98,-0.12698412698412698,2.2362146769350688e-05,LIKELY OVERLAP ARTIFACT
0,-1,6,1,OOS-2,vol_x_only,-5.656158893439857e-05,0.00021597533879639475,-0.2618891084954869,0.7934069368097242,8.814348029895225e-05,1243,,,
0,-1,6,3,IS,subsample_24h,-0.07974752599722428,0.0621771863242813,-1.282584991564365,0.1996375110703652,0.018301600114183025,347,-0.05460349462365599,-0.00017928630748464285,
0,-1,6,3,IS,vol_x_only,-0.00016824910788606446,0.0003644737132578864,-0.4616220642694701,0.6443523690332962,0.00013756163551403855,4293,,,
0,-1,6,3,OOS-1,subsample_24h,0.032552635600376224,0.05849401442571788,0.5565122503553784,0.5778607222626149,0.0025554910462652902,212,-0.06427610936799633,3.248856959463428e-05,
0,-1,6,3,OOS-1,vol_x_only,-0.0003476955267688579,0.0003582520027829457,-0.9705333789285648,0.331780695347737,0.0008972397969709833,2642,,,
0,-1,6,3,OOS-2,subsample_24h,0.0019452013092379323,0.08003964772932683,0.024302971894830105,0.9806109426031271,7.796326334186254e-06,98,-0.05396825396825394,5.1716496340226116e-06,LIKELY OVERLAP ARTIFACT
0,-1,6,3,OOS-2,vol_x_only,1.5085374313349946e-05,0.0005172343634404459,0.02916545260645055,0.9767326343317309,2.1835129527802977e-06,1243,,,
3,-1,1,6,IS,subsample_24h,-0.23912055703831642,0.09545388500140511,-2.5050898351051556,0.012242029535263587,0.02672829698368684,343,-0.13398602366290735,-0.0001718591273325611,
3,-1,1,6,IS,vol_x_only,-0.0006834117943191842,0.00035317806174370336,-1.9350346704578925,0.05298604129641663,0.0012420733437279452,4289,,,
3,-1,1,6,OOS-1,subsample_24h,0.164885904127049,0.07139314598517751,2.3095480924917116,0.020913186202421007,0.018588934151225867,210,0.09696186166774401,9.50152783657064e-05,
3,-1,1,6,OOS-1,vol_x_only,-0.00026423629093580897,0.0003205710865470353,-0.8242673841299137,0.40978764666262235,0.00029150657565280014,2642,,,
3,-1,1,6,OOS-2,subsample_24h,0.1810371672129849,0.1741134962825426,1.0397652742508077,0.29844896614961547,0.012521662290935875,98,0.13694852941176472,0.00027779629699732975,LIKELY OVERLAP ARTIFACT
3,-1,1,6,OOS-2,vol_x_only,-0.00014978837822996914,0.0005110257702224419,-0.2931131597625076,0.7694356582831674,0.0001184801306524097,1243,,,
3,-1,3,6,IS,subsample_24h,-0.11464350973943581,0.09917630013268189,-1.1559567112915212,0.24769886394142937,0.010074888043231978,347,-0.0629902782433791,-0.00011498600022939792,
3,-1,3,6,IS,vol_x_only,-0.00026089973255809837,0.0005454179680475774,-0.4783482537108858,0.6324023572842548,0.00017377135775942243,4289,,,
3,-1,3,6,OOS-1,subsample_24h,0.05443215798658903,0.08241308794674439,0.660479534776846,0.5089461473415474,0.0031549455387985814,211,0.035585585585585555,2.0083707933789658e-05,
3,-1,3,6,OOS-1,vol_x_only,-0.000526938986070638,0.0004476530578956785,-1.1771146801669707,0.23914973648628268,0.001099598747809294,2642,,,
3,-1,3,6,OOS-2,subsample_24h,0.1979588680360742,0.14006967167277237,1.413288584687635,0.15757088904558514,0.029173252335214506,98,-0.0714285714285714,0.00030166000912130417,LIKELY OVERLAP ARTIFACT
3,-1,3,6,OOS-2,vol_x_only,-0.00018663364476876625,0.0008058406944132757,-0.23160116641249084,0.8168478014764484,0.00017706269928952079,1243,,,
