sample,lookback_hours,forward_hours,beta,se,t_stat,p_value,fdr_p_value,r2,N,P_up_given_past_positive,P_up_given_past_negative,probability_edge,mean_future_given_past_positive,mean_future_given_past_negative
IS,1,1,-0.06784786418353746,0.02383192877253254,-2.8469313093002957,0.0044142886242543216,0.06944292899949213,0.004799877632195804,4291,0.4838280903854674,0.5671421544515495,-0.08331406406608205,2.2340907880263392e-05,0.0006903701376175214
IS,1,3,-0.11060786434068946,0.03182153814416009,-3.475880513368217,0.0005091790904709451,0.016510538739322202,0.004754687359551202,4291,0.5272485600354453,0.5794392523364486,-0.05219069230100326,0.00047735939149495305,0.001430261409771348
IS,1,6,-0.1438887596841584,0.04239077601598975,-3.3943412507920057,0.000687939114138425,0.016510538739322202,0.004155000757388061,4289,0.5447298494242693,0.6,-0.0552701505757307,0.0015196626196754884,0.0023670548081293607
IS,1,12,-0.08279448377380066,0.06805276368270122,-1.2166219164857628,0.22374810013012936,0.4672736856010602,0.0007194363915037361,4287,0.562111801242236,0.59251968503937,-0.030407883797133994,0.003463817847546494,0.0042196238166595824
IS,1,24,-0.014185518876616246,0.08428691884488076,-0.16830036108833055,0.8663469898074234,0.9040142502338331,9.71866249688258e-06,4288,0.5766843971631206,0.5952732644017725,-0.01858886723865194,0.006529548487632334,0.0062790492593904935
IS,1,48,0.07515481956720854,0.09493389122095292,0.7916542617250379,0.4285622984233576,0.5805068371246646,0.000149369842014746,4281,0.5801865837405598,0.6052242483982258,-0.025037664657665992,0.01117141209891158,0.011360548851099325
IS,3,1,-0.036824768138991895,0.013344157574666882,-2.7596173031485782,0.005786910749957677,0.06944292899949213,0.003809550104980741,4291,0.49122073578595316,0.5648050579557429,-0.07358432216978972,0.0002778274771023875,0.00044080011430539304
IS,3,3,-0.06652245737157632,0.025652032107647157,-2.5932626737881415,0.009507012870864348,0.07605610296691478,0.0046189007412141825,4291,0.520066889632107,0.5922023182297155,-0.07213542859760846,0.0007237716552536337,0.0011747577135543077
IS,3,6,-0.07505970237950221,0.038471327377973145,-1.9510556951169258,0.05105042081217908,0.2673764127690481,0.0030427691651156996,4289,0.5256999582114501,0.6274406332453826,-0.10174067503393247,0.0015754616126310134,0.002333220402565825
IS,3,12,0.018745723292207195,0.06560884127476062,0.2857194690225169,0.7750929919220741,0.8652200840060362,9.902070999112667e-05,4287,0.5542067810799498,0.6046389035318924,-0.05043212245194262,0.0038358940483561262,0.0037835877160647957
IS,3,24,0.02624155752095552,0.08534702561659768,0.3074689168295075,0.7584864786734712,0.8652200840060362,8.939791107109851e-05,4288,0.5734002509410289,0.6007383966244726,-0.027338145683443726,0.006897764880358671,0.0058055819821594785
IS,3,48,0.11247849275708269,0.09839777904741807,1.143099913900283,0.25299711004339165,0.4672736856010602,0.00089786931386171,4281,0.5936321742773356,0.589540412044374,0.004091762232961593,0.012670200502446737,0.009455359262561686
IS,6,1,-0.01858205199276479,0.009958511331557333,-1.8659467639385503,0.06204881402311348,0.2707584611917679,0.0018543022041931367,4293,0.4985602632661456,0.5566899516389038,-0.05812968837275817,0.0003360133796395288,0.00034270868119605903
IS,6,3,-0.0347805687001317,0.02139923947492079,-1.6253179810849536,0.10409482202536541,0.33885822081753725,0.002420389403298362,4293,0.5154257507198684,0.599677592692101,-0.08425184197223257,0.0006618847501399796,0.001247003561939165
IS,6,6,-0.007403620839481801,0.034976009393108326,-0.21167711719967147,0.8323589413965199,0.8941111300819887,5.6647549211863435e-05,4291,0.5382401315789473,0.6135629709364908,-0.07532283935754347,0.0016246585096891086,0.002310715837423621
IS,6,12,0.07445626067547004,0.05636875836825369,1.3208781394305653,0.18654199988496623,0.4477007997239189,0.0029912852860453087,4289,0.5687808896210873,0.5876344086021505,-0.018853518981063244,0.004453639372849679,0.0030118883381525623
IS,6,24,0.04819463285393797,0.07802492908749076,0.6176824947818467,0.5367846533441145,0.6963692800139863,0.0005780775529841131,4290,0.5784273363524084,0.5962365591397849,-0.01780922278737651,0.007520341600155361,0.005053096797285628
IS,6,48,0.11581752815955304,0.09716747875708255,1.1919371547047688,0.23328588820309104,0.4672736856010602,0.0018214970634724548,4283,0.5884536082474227,0.5971997845988153,-0.008746176351392632,0.012982638561094995,0.009185451492839685
IS,12,1,-0.003897768952125475,0.0071245425474776025,-0.5470904168444407,0.5843166157254125,0.7191589116620462,0.00016790302498070897,4291,0.5085020242914979,0.543155579989005,-0.034653555697507055,0.0002856327078779831,0.00040257795135239464
IS,12,3,0.0001956052524120438,0.016484678069790787,0.011865882462727784,0.9905326177497978,0.9905326177497978,1.5775666584172399e-07,4291,0.5352226720647774,0.5739417262231996,-0.03871905415842225,0.0008252402027023016,0.0010279481228992584
IS,12,6,0.04113426992097116,0.026762765222756637,1.5369962550056038,0.12429422645926341,0.33885822081753725,0.003603736215510134,4289,0.5621709194005671,0.5825082508250825,-0.020337331424515437,0.002251889907748579,0.001446201362107825
IS,12,12,0.1078712825214786,0.04116764880495589,2.620292527089687,0.008785436993751864,0.07605610296691478,0.012944957873762486,4287,0.5889744629104176,0.55995599559956,0.029018467310857554,0.005476912512106718,0.0015726029956315308
IS,12,24,0.07631458292912402,0.06677648007485458,1.1428362627616413,0.25310657970057426,0.4672736856010602,0.0029840723790366397,4288,0.5692868719611021,0.6089108910891089,-0.03962401912800684,0.007650482156336611,0.004747041350892381
IS,12,48,0.08668671819074547,0.08390215878707451,1.033188173509785,0.3015158463178591,0.4990607111468013,0.002110910534476429,4281,0.5823863636363636,0.6060606060606061,-0.02367424242424243,0.013233464799487215,0.00860625580036695
IS,24,1,0.0010249953592509334,0.005020571904725034,0.20415908360684462,0.8382291844518645,0.8941111300819887,2.582324127020641e-05,4290,0.516103996895615,0.5347343841214244,-0.01863038722580934,0.00040178408238514897,0.00024971110820635854
IS,24,3,0.00998974344700709,0.011738890585228564,0.8509955327105201,0.3947718343571065,0.5805068371246646,0.0009145683419063966,4290,0.5405510283275126,0.5691768826619965,-0.028625854334483947,0.001208152456512827,0.0004930463661844285
IS,24,6,0.029220450166467758,0.01901585599554716,1.536636066938567,0.1243824552205801,0.33885822081753725,0.004044367137672644,4288,0.5647788983708301,0.57953216374269,-0.014753265371859947,0.0026364050585232163,0.0008333211428195876
IS,24,12,0.05367200846147162,0.032617510848302465,1.6454967612669593,0.09986741001349904,0.33885822081753725,0.007119109816673075,4286,0.5685969685192382,0.5878575598365441,-0.019260591317305842,0.0050002963130632815,0.0020486451400632735
IS,24,24,0.049730242137893614,0.06006047081021904,0.8280028688924665,0.4076688751650057,0.5805068371246646,0.0028130618149082576,4287,0.5601708074534162,0.6230274693161894,-0.06285666186277317,0.008041774933534373,0.003962362345106663
IS,24,48,0.03606978170306553,0.07188435903105973,0.5017751036422337,0.6158257277338709,0.738990873280645,0.0008096739654835927,4280,0.5720388349514564,0.6228739002932552,-0.050835065341798824,0.012573005548004928,0.009358073551701393
IS,48,1,0.0009438097570392797,0.003283585933297659,0.2874326349947007,0.7737810758451199,0.8652200840060362,4.068047123451102e-05,4281,0.5227359572029041,0.5264423076923077,-0.003706350489403598,0.00040528044124425174,0.0002474772497868053
IS,48,3,0.008236245397847668,0.007528627873864103,1.0939902377749449,0.27395925976621693,0.4870386840288301,0.0011533328065064241,4281,0.5506304929308369,0.5546875,-0.004057007069163121,0.001215435609460517,0.0004749973621836587
IS,48,6,0.01752697857581834,0.012876399174366216,1.3611708008175374,0.17345971936547855,0.43821402787068264,0.002700206752948242,4279,0.5694072657743786,0.5775240384615384,-0.008116772687159823,0.002511363574572987,0.0011028524898980515
IS,48,12,0.0340494079294155,0.022316487411721705,1.5257512215623636,0.12707183280657647,0.33885822081753725,0.0053229428712137095,4277,0.5778798316111748,0.5775240384615384,0.0003557931496364075,0.00489210704031525,0.00227734491588224
IS,48,24,0.04471343696156476,0.0388928583182098,1.1496567466379743,0.25028527581200044,0.4672736856010602,0.004224507354606111,4278,0.5772762050497322,0.5991586538461539,-0.02188244879642165,0.008192184034219344,0.0036761103772313805
IS,48,48,0.06034646003389593,0.05725142057355827,1.054060483204274,0.2918552267698219,0.4990607111468013,0.004232478353272673,4271,0.5825986968187045,0.6034897713598074,-0.02089107454110295,0.013532281531727046,0.007326437708530411
IS,72,1,0.0019286173502187783,0.0024487527521215107,0.7875917029793613,0.4309355694161807,0.5805068371246646,0.000254065385117741,4285,0.522249911000356,0.5257452574525745,-0.003495346452218495,0.00039394754844660255,0.00024127181969263429
IS,72,3,0.00880322996038431,0.005731427451121832,1.5359576711838556,0.12454876221845815,0.33885822081753725,0.0019731491799277467,4285,0.5567817728729085,0.5433604336043361,0.013421339268572474,0.001127316635182911,0.0005374758261677743
IS,72,6,0.020334508193328292,0.009987174936896284,2.0360620818010475,0.041744121693225666,0.250464730159354,0.005444414030651545,4283,0.5824723904524404,0.5494579945799458,0.03301439587249455,0.0023941985496025065,0.0010544040972106517
IS,72,12,0.040513991384031875,0.01801643394735618,2.2487242204763334,0.024530047229906413,0.16820603814792967,0.011284874385113941,4281,0.5868092691622103,0.559620596205962,0.027188672956248272,0.004950290392639277,0.0017421394007412934
IS,72,24,0.06271333496529728,0.03277674005730596,1.9133487606043493,0.05570341932688502,0.2673764127690481,0.012563931998885502,4282,0.5785536159600998,0.5966101694915255,-0.018056553531425656,0.008348061160958181,0.002293972733922432
IS,72,48,0.044160492946505446,0.053364742207402296,0.8275219015370767,0.4079413136269091,0.5805068371246646,0.003370382051813392,4275,0.5928571428571429,0.5877966101694915,0.005060532687651387,0.012334001306349656,0.008932044294329148
IS,168,1,0.0001675908543091405,0.0015867292011606717,0.10562032524929268,0.9158835977372777,0.9353704827955177,3.8929845539437125e-06,4293,0.5226502311248074,0.5267175572519084,-0.004067326127101034,0.000298187974789183,0.00047473665193378036
IS,168,3,0.00303207216796076,0.003887181015510404,0.7800182589548471,0.43538012784349844,0.5805068371246646,0.0004750425877400044,4293,0.5529882932840419,0.5491881566380133,0.003800136646028518,0.0009054999662965589,0.0009742184221862743
IS,168,6,0.008247399510744878,0.006775117876567549,1.2173071614398574,0.2234873705747623,0.4672736856010602,0.0018138358623871476,4291,0.5656596794081381,0.5883476599808978,-0.02268798057275967,0.002005201341971325,0.0016862789708467613
IS,168,12,0.01942823316658862,0.011279831823901848,1.7223867757868867,0.08499947763407151,0.33885822081753725,0.0052497063620685624,4289,0.5660086366440469,0.609360076408787,-0.043351439764740096,0.0039033275169748347,0.0035863361079679153
IS,168,24,0.020019856772950564,0.02117114237401853,0.9456200529603525,0.3443424124922606,0.550947859987617,0.002568310033695176,4290,0.5665844636251541,0.6443594646271511,-0.07777500100199697,0.005706079484217632,0.008625656324225687
IS,168,48,0.01936964685595826,0.033012986627236424,0.5867280980866446,0.5573863336255449,0.7040669477375304,0.0013054058953441139,4283,0.5556242274412856,0.7058261700095511,-0.15020194256826547,0.009572714070894512,0.016661820218139306
OOS-1,1,1,-0.0003237482514241749,0.028074286415262165,-0.011531842577775156,0.990799124777304,0.990799124777304,1.2238807267639373e-07,2645,0.47413793103448276,0.5674381484437351,-0.09330021740925232,-1.8193298460616217e-05,0.00033293467798490553
OOS-1,1,3,0.028218478199982504,0.047123340149351614,0.5988216902823,0.5492917965514725,0.6938422693281758,0.00032845722815311174,2643,0.4776978417266187,0.5375399361022364,-0.05984209437561766,1.8331543239098038e-05,0.0007534858678182546
OOS-1,1,6,-0.0038055818365926386,0.05416879182288223,-0.07025413911825641,0.9439913839490386,0.9708301726473204,3.1836808995766575e-06,2642,0.47553956834532374,0.518784972022382,-0.043245403677058314,0.00025375015749362075,0.0011532822731819296
OOS-1,1,12,0.0051479247832774706,0.08310125042205899,0.06194762121065472,0.9506045440505012,0.9708301726473204,2.9583774650010497e-06,2642,0.47372210223182143,0.5279552715654952,-0.054233169333673725,0.0010361190217767794,0.002142563508169019
OOS-1,1,24,-0.26844513521950514,0.09567068340342616,-2.805928897649032,0.0050171761853147106,0.02408244568951061,0.004482860745698147,2642,0.5305535585909418,0.5864,-0.055846441409058256,0.0032613637531261194,0.0065757642874618
OOS-1,1,48,-0.22465397916730373,0.10078974393846142,-2.2289368976318595,0.02581810366048439,0.05388125981318481,0.001801501682830775,2644,0.6122302158273382,0.6408619313647247,-0.028631715537386526,0.009484377268093347,0.011200584131818184
OOS-1,3,1,-0.003142531210393003,0.014972034903272001,-0.20989339329593945,0.8337508787670429,0.9306986553678618,3.358308194856274e-05,2645,0.46530314097881664,0.5744514106583072,-0.10914826967949054,-6.773772595819051e-05,0.0003695544338943532
OOS-1,3,3,0.020278067407571106,0.04021357592513221,0.5042592443239537,0.6140792131872366,0.7419223649490762,0.0004934387020536501,2643,0.4572680788897005,0.5580847723704867,-0.1008166934807862,-1.113848725101587e-05,0.0007739658873084203
OOS-1,3,6,-0.03454080620408816,0.041670673140832684,-0.828899645737711,0.4071611958664907,0.5583924971883301,0.0007639301905716378,2642,0.4415204678362573,0.554945054945055,-0.11342458710879766,0.00012673563719430592,0.001289468489687357
OOS-1,3,12,-0.03282840466082568,0.08282903269850117,-0.3963393461362941,0.691854704723742,0.8099762396765761,0.00034961668742261587,2642,0.464963503649635,0.5369496855345912,-0.0719861818849562,0.001310367208939067,0.0018700818529900714
OOS-1,3,24,-0.2950655004645463,0.09277510809301441,-3.180438228848192,0.0014705248638424442,0.017168410948930676,0.015742312391116453,2642,0.5215485756026297,0.5954438334642577,-0.07389525786162798,0.0032109936978181397,0.006621170269379857
OOS-1,3,48,-0.29624683293133536,0.10808375363459942,-2.74090067164823,0.0061271026930281225,0.02450841077211249,0.009130991982256531,2644,0.5992700729927007,0.6546310832025117,-0.05536101020981099,0.008878971280389789,0.01186762164135063
OOS-1,6,1,-0.00853017532604719,0.013744347578787662,-0.6206315197683326,0.5348420959939058,0.6938422693281758,0.0004888212523030955,2644,0.4662799129804206,0.5754940711462451,-0.10921415816582447,-4.1880481140421496e-05,0.0003607662326563552
OOS-1,6,3,-0.018811995207865008,0.02931685613953959,-0.6416784636908357,0.5210819753710756,0.6938422693281758,0.0008423628468766653,2642,0.45203488372093026,0.5647709320695102,-0.11273604834857998,0.00010269302443056791,0.0006434337049437055
OOS-1,6,6,-0.06039786050406128,0.0511943863312538,-1.1797750658296071,0.2380896890048949,0.35713453350734237,0.004626913550227929,2641,0.45745454545454545,0.5379146919431279,-0.08046014648858246,0.00048691112985664207,0.0008956102768543802
OOS-1,6,12,-0.04702028022856271,0.0943603223081429,-0.4983056339614162,0.6182686374575634,0.7419223649490762,0.0014097646281019394,2641,0.467005076142132,0.53486529318542,-0.06786021704328798,0.0014348793525198235,0.0017129549794604566
OOS-1,6,24,-0.286623134070937,0.0966734275130587,-2.964859542527545,0.003028211540808359,0.017168410948930676,0.02943046365171942,2641,0.5115942028985507,0.6066613798572561,-0.09506717695870537,0.0027019984782830357,0.007179763364678307
OOS-1,6,48,-0.30733755691008935,0.12466807956176569,-2.46524658108511,0.013691899047845754,0.043814076953106414,0.01939632310209205,2643,0.5950653120464441,0.6592885375494071,-0.064223225502963,0.008500880092152026,0.012317297483802994
OOS-1,12,1,-0.0010588370484049467,0.008267196825796961,-0.12807691297501853,0.8980881063362065,0.9624083861409781,1.4404325357708636e-05,2644,0.49074074074074076,0.55,-0.05925925925925929,0.00013530722083655692,0.00016814266538745139
OOS-1,12,3,0.002656027578516397,0.021627196103598378,0.12280961275763722,0.902257862007167,0.9624083861409781,3.2013972723565765e-05,2642,0.48612099644128115,0.5278900565885206,-0.04176906014723947,0.0004944550082924523,0.00021110301571400982
OOS-1,12,6,-0.008509491329595473,0.03818140749717365,-0.22287002725673175,0.8236366644777053,0.9306986553678618,0.00017452781466364975,2641,0.47083926031294454,0.5238866396761134,-0.053047379363168834,0.0005809994463320299,0.0007853115986404676
OOS-1,12,12,-0.07252971079282065,0.06723021937658412,-1.0788260318853327,0.28066528782396616,0.40824041865304167,0.006430533132912086,2641,0.46586059743954483,0.5376518218623482,-0.07179122442280333,0.0010812273971640366,0.002116232321806136
OOS-1,12,24,-0.2679236320031922,0.07949455173672344,-3.3703395534642877,0.0007507561154901978,0.012012097847843165,0.04913219682076786,2641,0.5067519545131486,0.6142625607779578,-0.10751060626480924,0.0020950143598483465,0.007965137844655154
OOS-1,12,48,-0.29392799476510495,0.12095053787496515,-2.4301503732786904,0.015092559598568723,0.04527767879570617,0.0339382932358544,2643,0.5751960085531005,0.6838709677419355,-0.10867495918883496,0.006600740184626463,0.014525944510867198
OOS-1,24,1,-0.01087628729142457,0.0066130381011475425,-1.6446733143027314,0.10003719883687989,0.17149234086322265,0.0030569058892108147,2645,0.48468708388814913,0.5616797900262467,-0.07699270613809756,-7.210391278872922e-05,0.00043384045239711793
OOS-1,24,3,-0.032135068740540965,0.016236498553405653,-1.9791871156728271,0.04779494301041058,0.09558988602082116,0.009432501870463295,2643,0.459387483355526,0.567922874671341,-0.10853539131581497,-0.00026397687488312593,0.0012046310226604075
OOS-1,24,6,-0.07411343477433262,0.026917938250270813,-2.7533102307189883,0.005899596190481849,0.02450841077211249,0.02670653721158578,2642,0.45206391478029295,0.5535087719298246,-0.10144485714953166,-0.0005173715349409416,0.0022541587057840987
OOS-1,24,12,-0.14308169337403556,0.047783323448779925,-2.994385552260889,0.0027499820265406033,0.017168410948930676,0.05036184516033293,2642,0.4384564204923486,0.5794556628621598,-0.14099924236981115,-0.00033776883495828823,0.004086422900113746
OOS-1,24,24,-0.2209787380329168,0.0594423493821714,-3.7175303521767455,0.00020117982264940572,0.004828315743585738,0.06729282261429548,2642,0.5069953364423717,0.6231375985977213,-0.11614226215534962,0.0020374165191731405,0.008553950832219253
OOS-1,24,48,-0.26601324939747517,0.09021165468187557,-2.94876809804177,0.0031904328012035722,0.017168410948930676,0.05606212802890964,2644,0.5769487008660893,0.6902887139107612,-0.1133400130446719,0.006910111380551829,0.014765253723722319
OOS-1,48,1,-0.006604426005865109,0.004247053403241778,-1.5550607394820952,0.1199316041692343,0.19850748276287059,0.0022829911570673156,2644,0.5141864504921829,0.5267175572519084,-0.012531106759725463,4.275547956830078e-05,0.0003453819903791527
OOS-1,48,3,-0.02026385210038727,0.011125681726428027,-1.8213582411091596,0.06855241855209204,0.13014862059157337,0.007609989964762476,2642,0.4823393167342212,0.5508196721311476,-0.06848035539692637,7.52879608418383e-05,0.0009421254777304136
OOS-1,48,6,-0.04814240675053571,0.019026987167611,-2.5302170189343958,0.011399199555380695,0.03908296990416238,0.022905259550599633,2641,0.46697566628041715,0.5519125683060109,-0.08493690202559373,-0.00013921453734035494,0.002285743361576952
OOS-1,48,12,-0.09790400210598195,0.033232807938592304,-2.9460045111712887,0.0032190770529245015,0.017168410948930676,0.0479679685411335,2641,0.45654692931633833,0.580327868852459,-0.12378093953612068,-0.00019426955287086688,0.004939914218157889
OOS-1,48,24,-0.15420602415142123,0.04100568888004835,-3.7606007449969074,0.00016950579004148842,0.004828315743585738,0.06623251689793375,2641,0.5043528728961114,0.6568627450980392,-0.1525098722019278,0.001613960311948599,0.010906482044846354
OOS-1,48,48,-0.16676664815119133,0.05619402142823036,-2.9676937850796397,0.0030004308101768133,0.017168410948930676,0.044597754931518074,2643,0.563551944283227,0.7434782608695653,-0.1799263165863383,0.005669675008205874,0.019043445337354824
OOS-1,72,1,-0.003130917642157206,0.003314880176333421,-0.9445040169205465,0.34491215012021315,0.48693480016971263,0.0007522762375635761,2645,0.5146166574738004,0.5252403846153846,-0.010623727141584216,0.00020908975530681766,4.6769069042387385e-06
OOS-1,72,3,-0.011611083365028358,0.008241715534237564,-1.408818748571682,0.1588887698459407,0.24602132105177912,0.003660203796929551,2643,0.4939293598233996,0.5318892900120337,-0.03795993018863408,0.00033134624734966153,0.0004344558658950459
OOS-1,72,6,-0.03061173788934424,0.013607547261427369,-2.2496146661285388,0.024473416642129632,0.05339654540101011,0.013535078708821424,2642,0.4845474613686534,0.5204819277108433,-0.03593446634218994,0.00025628487121954514,0.00161086516760522
OOS-1,72,12,-0.05603634866493064,0.024794726541675513,-2.2600107555428584,0.023820583314653244,0.05339654540101011,0.02299712532105158,2642,0.4699393270821842,0.5633293124246079,-0.09338998534242371,0.00036707202123611353,0.004205876695456881
OOS-1,72,24,-0.08693358733477244,0.03663756515982306,-2.372799255505774,0.01765385578642908,0.04707694876381088,0.030901452889468328,2642,0.5107794361525705,0.6578631452581032,-0.1470837091055327,0.0021592353896633244,0.01071976979044865
OOS-1,72,48,-0.1050581375974352,0.04566643125297649,-2.300555018530983,0.02141679604452076,0.051400310506849824,0.025983173929828518,2644,0.5806629834254143,0.7242206235011991,-0.14355764007578475,0.007284327858427636,0.01690037906326138
OOS-1,168,1,-0.002732082815353898,0.0017823416963758853,-1.53286141535552,0.1253100045369511,0.20049600725912176,0.0016591468501919726,2645,0.5164938737040528,0.5239005736137667,-0.007406699909713987,0.00012491273676296577,0.00022680752623638505
OOS-1,168,3,-0.007929645101430129,0.00443844527378304,-1.7865816997381652,0.07400512166252543,0.13156466073337855,0.004944563433379567,2643,0.5014150943396226,0.5239005736137667,-0.022485479274144127,0.0002659817084658781,0.0007745561273716169
OOS-1,168,6,-0.01731726295126491,0.007437585769516591,-2.3283446386918714,0.019893810784173335,0.050258048296858954,0.012566942646201507,2642,0.487022180273714,0.5315487571701721,-0.044526576896458114,0.00043013707861710206,0.001684463744351679
OOS-1,168,12,-0.031547831370531826,0.013272579767145508,-2.3769178203490067,0.0174579771174352,0.04707694876381088,0.021200338043966593,2642,0.4813591316658801,0.5717017208413002,-0.0903425891754201,0.0011656855856200174,0.0031370192653707896
OOS-1,168,24,-0.05103694499285757,0.019962196693667285,-2.55667979712114,0.010567644306157906,0.03901899436119843,0.03092063404896428,2642,0.5462264150943397,0.6015325670498084,-0.05530615195546873,0.004204730559571704,0.007369292926346582
OOS-1,168,48,-0.06216542435455873,0.034370168671914274,-1.8087029175785647,0.07049716948710223,0.13014862059157337,0.026212876119507844,2644,0.6025459688826026,0.7208413001912046,-0.11829533130860204,0.009432647612585564,0.013881476780239937
OOS-2,1,1,0.0076982914547142865,0.03554564407509225,0.21657481964460104,0.8285397110021049,0.9394417062989505,6.341911497420583e-05,1243,0.4977843426883309,0.5653710247349824,-0.06758668204665147,0.00015273977705710227,0.0004297796142229138
OOS-2,1,3,-0.033561334737702196,0.06545823449292966,-0.5127137173448706,0.6081515928429352,0.9394417062989505,0.00041976529183473943,1243,0.4933530280649926,0.5671378091872792,-0.07378478112228659,0.0005713857936812879,0.001391205370989587
OOS-2,1,6,-0.02546281207205319,0.08311147273903864,-0.30636940043168004,0.7593234038239498,0.9394417062989505,0.0001254395656939966,1243,0.5420974889217134,0.5795053003533569,-0.03740781143164351,0.001523567755419054,0.002049150950428601
OOS-2,1,12,-0.0461517800529768,0.10000158645662746,-0.4615104788661896,0.6444324050851902,0.9394417062989505,0.00019955415041084112,1243,0.5480059084194978,0.5759717314487632,-0.027965823029265424,0.003663848566814923,0.0038914962028767327
OOS-2,1,24,-0.02996572675045095,0.14218895434739265,-0.21074581276713944,0.8330856239216027,0.9394417062989505,4.027043065790714e-05,1243,0.5701624815361891,0.598939929328622,-0.028777447792432853,0.007624630815700687,0.008159599378505019
OOS-2,1,48,0.1266438703728882,0.26683005350020195,0.4746237116532016,0.6350552023172739,0.9394417062989505,0.00034902810414283447,1238,0.6044444444444445,0.6589698046181173,-0.05452536017367282,0.01724974272172345,0.017248528458352706
OOS-2,3,1,-0.015305073575340425,0.022378322559239647,-0.683924075847285,0.4940231101695759,0.9394417062989505,0.0007533490369567852,1243,0.49344978165938863,0.5719424460431655,-0.07849266438377683,0.00010940616672452784,0.0004883058528382676
OOS-2,3,3,-0.03726503456072008,0.04718237475599181,-0.7898083713132242,0.4296396893996637,0.9394417062989505,0.0015553389555204022,1243,0.4963609898107715,0.564748201438849,-0.06838721162807748,0.0006941228562436402,0.0012542950001132327
OOS-2,3,6,-0.02543359148328129,0.07075151235824283,-0.3594777077626409,0.7192377514814206,0.9394417062989505,0.00037612405571785246,1243,0.5342066957787481,0.5899280575539568,-0.0557213617752087,0.0014342653146329903,0.0021689470093676677
OOS-2,3,12,-0.034668098747258076,0.09603405130215939,-0.36099798224880825,0.7181009554433628,0.9394417062989505,0.0003384058155330161,1243,0.5443959243085881,0.5809352517985612,-0.03653932748997313,0.0032557881094478127,0.004399794783041882
OOS-2,3,24,-0.017170668201002732,0.13085921991371577,-0.13121481399877288,0.8956053774026265,0.9394417062989505,3.973790361044838e-05,1243,0.5705967976710334,0.5989208633093526,-0.02832406563831913,0.007916839001801828,0.0078081653169520685
OOS-2,3,48,0.12276700328236279,0.2794254513375141,0.4393551220718052,0.6604042391445337,0.9394417062989505,0.0009850045297253862,1238,0.6099706744868035,0.6528776978417267,-0.042907023354923135,0.018578733597390425,0.015618348103948972
OOS-2,6,1,-0.0019416636912206163,0.014953547355819706,-0.12984635986490178,0.8966879834993365,0.9394417062989505,2.3163994528618836e-05,1243,0.49517241379310345,0.5752895752895753,-0.0801171614964718,0.00011158426848252852,0.0005130530812123441
OOS-2,6,3,-0.002336418747843826,0.03460370890259388,-0.06751931575949333,0.9461682853607409,0.9662995254747992,1.1680552843951197e-05,1243,0.503448275862069,0.5598455598455598,-0.056397283983490865,0.000826239633147985,0.001110476232181562
OOS-2,6,6,0.0013589359873933354,0.05807926658562204,0.02339795364650404,0.9813328373139352,0.9813328373139352,2.0514161397366948e-06,1243,0.526896551724138,0.6042471042471043,-0.0773505525229663,0.0015374077484639568,0.0020784829936774498
OOS-2,6,12,-0.014169333591564455,0.08582665447921943,-0.16509246081583165,0.8688712069855066,0.9394417062989505,0.00010799823524587637,1243,0.5475862068965517,0.5791505791505791,-0.03156437225402742,0.0034632956448197604,0.004193287621752137
OOS-2,6,24,0.031602460822610506,0.12440780413743745,0.25402313819234534,0.799477682577157,0.9394417062989505,0.0002571653212637415,1243,0.5724137931034483,0.5984555984555985,-0.02604180535215017,0.008561084146594388,0.006898498656722538
OOS-2,6,48,0.17424506470224121,0.2855928104073095,0.6101171260359626,0.5417842226127365,0.9394417062989505,0.0037829447872812505,1238,0.6194444444444445,0.6428571428571429,-0.02341269841269844,0.01949776041224434,0.01412376517837833
OOS-2,12,1,0.0013113897338220494,0.009853655571474553,0.13308662194550466,0.894124875167864,0.9394417062989505,2.1125971733093607e-05,1243,0.5,0.5697445972495089,-0.06974459724950888,0.00027683756301658034,0.00028184935061622294
OOS-2,12,3,0.011180705854944899,0.022913286643703696,0.48795731615469606,0.6255800750853693,0.9394417062989505,0.0005347960346955283,1243,0.5258855585831063,0.5284872298624754,-0.0026016712793691665,0.0011542522755770134,0.0006424936189171127
OOS-2,12,6,0.016523987718917565,0.03986093670462512,0.414540878488695,0.6784780359125744,0.9394417062989505,0.0006064195533319605,1243,0.5381471389645777,0.5893909626719057,-0.05124382370732805,0.0020133938397523432,0.001401657622756518
OOS-2,12,12,0.03664307695968322,0.06575004193261495,0.5573087998519833,0.577316464353208,0.9394417062989505,0.0014440737673588888,1243,0.5504087193460491,0.5756385068762279,-0.025229787530178793,0.004483326912586914,0.0027352659660572465
OOS-2,12,24,0.04551070951459599,0.10714550659549453,0.42475611867151986,0.6710144694753832,0.9394417062989505,0.001066314987647532,1243,0.5708446866485014,0.6011787819253438,-0.030334095276842388,0.009450308205021867,0.005586801744552368
OOS-2,12,48,0.18944512007849088,0.24100692255780143,0.786056757490257,0.4318342364327541,0.9394417062989505,0.008973030853341557,1238,0.6021947873799726,0.6679764243614931,-0.06578163698152051,0.019133348911636743,0.014550661105368791
OOS-2,24,1,0.0008468790821574241,0.006759646279166351,0.12528452631723616,0.9002983018698276,0.9394417062989505,1.836858896797633e-05,1243,0.5142487046632125,0.5520169851380042,-0.03776828047479175,0.000279754782074614,0.0002774721846204362
OOS-2,24,3,0.007045373936232314,0.015386437592748246,0.4578950711471287,0.6470278281439414,0.9394417062989505,0.0004427287038434313,1243,0.5103626943005182,0.554140127388535,-0.04377743308801685,0.001152687205514214,0.0006037704875697771
OOS-2,24,6,0.013567076080330535,0.027412948369319894,0.4949148810098288,0.6206602059385092,0.9394417062989505,0.0008523065749328484,1243,0.5375647668393783,0.5944798301486199,-0.056915063309241676,0.002247125367771658,0.0009692017504067251
OOS-2,24,12,0.009780354903032749,0.04966809025053086,0.1969142532700503,0.8438946395604243,0.9394417062989505,0.00021448384525080133,1243,0.5453367875647669,0.5859872611464968,-0.04065047358172991,0.004406282393017818,0.00272051448652267
OOS-2,24,24,0.0850619595116132,0.09684606945207457,0.8783212369161469,0.37976941408773324,0.9114465938105597,0.007766206174164791,1243,0.5479274611398963,0.6411889596602972,-0.09326149852040089,0.009474937679229559,0.005234727010823748
OOS-2,24,48,0.22808967564756555,0.1931465520896261,1.1809150781098319,0.23763646081113,0.6003447431018021,0.027018002563030663,1238,0.6075619295958279,0.6645435244161358,-0.05698159482030796,0.021417674652224397,0.010461022082717169
OOS-2,48,1,0.007806712229283243,0.005159194457164895,1.5131649512534995,0.13023776457360678,0.4167608466355417,0.0028556205989169747,1243,0.5124378109452736,0.5580865603644647,-0.04564874941919106,0.00014492277581489013,0.0005242418655185781
OOS-2,48,3,0.02274113578583591,0.013262254829097075,1.7147261969316403,0.08639543822634654,0.416637901933876,0.008438884953491321,1243,0.5062189054726368,0.5649202733485194,-0.05870136787588254,0.0009078541561229495,0.0010121541703405166
OOS-2,48,6,0.04200906293556829,0.02519774536862078,1.6671754683211837,0.09547951919317992,0.416637901933876,0.01494997569883283,1243,0.5261194029850746,0.6195899772209568,-0.09347057423588212,0.0018025988714088592,0.0016901715620696233
OOS-2,48,12,0.07658336357031661,0.04793633830921125,1.5976056217794314,0.11013077451517574,0.4167608466355417,0.024059434326550333,1243,0.5534825870646766,0.5740318906605922,-0.02054930359591567,0.004380505192508117,0.002644843179465621
OOS-2,48,24,0.1604870532736458,0.07912058830633363,2.028385489909189,0.04252091984546149,0.416637901933876,0.05057656571251701,1243,0.5833333333333334,0.5831435079726651,0.00018982536066824984,0.010382275261567146,0.0032639157179116603
OOS-2,48,48,0.2041007717678703,0.12208135731038973,1.6718422555619827,0.0945554319316499,0.416637901933876,0.03966555570981345,1238,0.6445556946182729,0.6013667425968109,0.043188952021462,0.021661538268029492,0.009218516590114658
OOS-2,72,1,0.007200352629991338,0.004000395114241075,1.7999103649433725,0.07187479277149117,0.416637901933876,0.003932405326680932,1243,0.5278481012658228,0.5298013245033113,-0.0019532232374884773,0.0004296772272556949,1.59273315360452e-05
OOS-2,72,3,0.021219425643535118,0.01042267791713046,2.0358899902931267,0.0417614031799972,0.416637901933876,0.011893634587236135,1243,0.5367088607594936,0.5099337748344371,0.026775085925056508,0.0013627337479886475,0.00021565289490354684
OOS-2,72,6,0.03425424313814995,0.01873241879478283,1.82860758738162,0.06745841524445462,0.416637901933876,0.016090510732926,1243,0.5607594936708861,0.5562913907284768,0.004468102942409291,0.002534658429600879,0.00041698598008078
OOS-2,72,12,0.05153041439853523,0.03539201534829845,1.4559898296668394,0.14539543112371509,0.4237473314116147,0.017633169713741514,1243,0.5835443037974684,0.5209713024282561,0.06257300136921229,0.005299142217227095,0.0010964458696523793
OOS-2,72,24,0.0907094483890053,0.06302510806734742,1.4392589107832219,0.15007717987494687,0.4237473314116147,0.02615537560531156,1243,0.6151898734177215,0.5275938189845475,0.08759605443317398,0.011150121415276722,0.002144839718310365
OOS-2,72,48,0.13380123855723156,0.0991878278154194,1.348968331136608,0.17734713834148153,0.47292570224395075,0.02768884192880461,1238,0.6394904458598726,0.6114790286975718,0.028011417162300822,0.022001313574836756,0.009014275282492375
OOS-2,168,1,0.004539074855471922,0.002493221920220388,1.8205659186049075,0.06867286747310601,0.416637901933876,0.003807043341516936,1243,0.520501138952164,0.547945205479452,-0.027444066527288036,0.00030904444184523744,0.0002063536185690656
OOS-2,168,3,0.0127006127896215,0.006736403008371409,1.8853700964503306,0.05937988839243914,0.416637901933876,0.010380041300554699,1243,0.5227790432801822,0.536986301369863,-0.014207258089680819,0.0011264480125700311,0.0005074768966187698
OOS-2,168,6,0.021317036947041155,0.012521386944592195,1.7024501392194156,0.08867101778884161,0.416637901933876,0.01518088676594509,1243,0.5626423690205011,0.5506849315068493,0.011957437513651858,0.0023286857699660784,0.0004018868557015644
OOS-2,168,12,0.03558255800417761,0.02320756239666336,1.5332311681856536,0.1252189072571411,0.4167608466355417,0.02048235255465336,1243,0.5660592255125285,0.547945205479452,0.018114020033076494,0.004871498750032978,0.0011118806247478882
OOS-2,168,24,0.07396306846571675,0.04315954876435678,1.7137127375807737,0.08658149640193014,0.416637901933876,0.04236313944647219,1243,0.6036446469248291,0.5342465753424658,0.06939807158236333,0.010277737518943182,0.00207220484611258
OOS-2,168,48,0.10710920591421312,0.07019258540779458,1.5259333345815058,0.12702646790109723,0.4167608466355417,0.04203174234170626,1238,0.6643757159221076,0.5452054794520548,0.11917023647005287,0.022131775378530276,0.005571117681531414
