sample,paper_hours,predictor_hour_utc,target_hour_utc,type,alpha,beta,se,t_stat,p_value,fdr_p_value,r2,N
FULL,r3->r17,2,16,MOMENTUM,-1.0062665780697224e-05,0.02518919768224708,0.03598546580271455,0.6999825379597266,0.483938209694315,0.9034783666620921,0.0005278614336231557,3277
IS,r3->r17,2,16,MOMENTUM,0.0001462465592226922,0.08462832484702294,0.05137477412116561,1.6472739062059911,0.09950175879372991,0.5640627759286723,0.006477841794830241,1216
OOS-1,r3->r17,2,16,MOMENTUM,-9.28727178355643e-05,-0.12083169233781194,0.06297361234514691,-1.9187670492134932,0.05501382171431591,0.7084069234468393,0.010199155046771713,1092
OOS-2,r3->r17,2,16,MOMENTUM,-0.00016935891845323804,-0.0473441190914445,0.0468927260246593,-1.0096260786064737,0.31267447043145824,0.9245053388720503,0.0016682014049343996,969
FULL,r8->r22,7,21,MOMENTUM,0.00039751440996643164,0.039263071096271675,0.04062106464501123,0.9665692280444369,0.3337594238590468,0.8508253290673584,0.0012316646659487063,3283
IS,r8->r22,7,21,MOMENTUM,0.0005075947272252583,0.05535963615417856,0.05944894080011504,0.9312131622380635,0.35174331064427267,0.8849421853959761,0.0025926633668403865,1221
OOS-1,r8->r22,7,21,MOMENTUM,0.00026663630199747434,0.020815514052840864,0.062199429887425134,0.3346576341698775,0.7378833633896704,0.8971621510817138,0.0003112445782941231,1093
OOS-2,r8->r22,7,21,MOMENTUM,0.0004051136655757398,-0.003860863396384295,0.051541671945919104,-0.07490760874880749,0.9402882226623441,0.9894927975552259,1.152508567203725e-05,969
FULL,r3->r5,2,4,REVERSAL,-9.49185971803459e-05,-0.07257106933694206,0.06156852038032596,-1.178704131407581,0.23851600996434186,0.8148423811821238,0.0070495481068678645,3276
IS,r3->r5,2,4,REVERSAL,-0.00027903597364621315,-0.13096562518333246,0.08246389471546013,-1.5881571642380765,0.11225080465289258,0.5845513600792143,0.022035231035776537,1217
OOS-1,r3->r5,2,4,REVERSAL,6.797248422629715e-05,0.04954383721237573,0.040041926511888516,1.2372990394871755,0.21597608433585092,0.7479747707792063,0.00338437180400597,1090
OOS-2,r3->r5,2,4,REVERSAL,-5.510033022883262e-06,0.042650681573119534,0.03783555553933492,1.12726457865218,0.25963063378881024,0.9160225220317406,0.0030036567426672267,969
FULL,r3->r15,2,14,REVERSAL,-0.00018127553406526088,-0.012495824208382971,0.039925779989110115,-0.31297633288044086,0.7542986431306234,0.9961072990624501,0.00010456086290855371,3276
IS,r3->r15,2,14,REVERSAL,-0.00016205982111420402,-0.04259272387384532,0.053741675908366655,-0.792545508749465,0.42804266731438845,0.9229670013966501,0.00165245593269292,1216
OOS-1,r3->r15,2,14,REVERSAL,-0.0003136804873056145,0.07313873592788067,0.051125681003749146,1.4305674661334538,0.15255421720124768,0.7084069234468393,0.0024915417276234475,1091
OOS-2,r3->r15,2,14,REVERSAL,-1.9321572974287462e-05,-0.0013187573321392539,0.05546552851985012,-0.023776160929707794,0.9810311554955845,0.9894927975552259,6.671355818888003e-07,969
FULL,r12->r13,11,12,REVERSAL,0.0001879141119686113,-0.10790526699482816,0.038177004332200205,-2.8264466760116114,0.004706757986565638,0.2757608068362275,0.008289646055501865,3290
IS,r12->r13,11,12,REVERSAL,0.00044522185962725467,-0.1233307927634585,0.05076656779480577,-2.4293703143760137,0.015125074891830282,0.3730875186939405,0.012845036690620204,1227
OOS-1,r12->r13,11,12,REVERSAL,7.442965136548252e-05,-0.1022007653148263,0.06968091758292641,-1.4666966058992896,0.14245860659667894,0.7084069234468393,0.0052944091621873746,1094
OOS-2,r12->r13,11,12,REVERSAL,-1.553540392789363e-05,-0.022246355294620816,0.07319672543730035,-0.30392555352324935,0.7611846092008253,0.962171842909394,0.000370700889782416,969
FULL,r22->r23,21,22,REVERSAL,0.000509520689615687,-0.14927933441557042,0.06522331765797194,-2.288741814674076,0.022094357953288766,0.5543675268279727,0.02331499444670182,3294
IS,r22->r23,21,22,REVERSAL,0.0008733528385837662,-0.24217148927582177,0.0947849706491997,-2.554956630963165,0.010620102924007373,0.3730875186939405,0.058567669022729474,1230
OOS-1,r22->r23,21,22,REVERSAL,0.00022557029995340686,-0.010523666220954337,0.0518973579189329,-0.20277845815181958,0.8393081960396906,0.9390056332952771,0.0001351735504299123,1095
OOS-2,r22->r23,21,22,REVERSAL,0.00034769088975083367,-0.048428725167970865,0.05405858629198065,-0.8958563012802104,0.37032951557297344,0.9463976509087099,0.002182784641506119,969
