rule_id,period,lookback_h,lookback_days,hold_h,direction,n_signals,n_events,n_trades,n_valid_coverage_period,n_skip_no_entry_period,n_skip_no_exit_period,cond_mean,uncond_mean,breakout_edge_mean,cond_median,uncond_median,breakout_edge_median,cond_p_pos,uncond_p_pos,breakout_edge_p_pos,mean_trade_gross,median_trade_gross,mean_net_trade,median_net_trade,win_rate,avg_winner,avg_loser,payoff_ratio,profit_factor,trade_sharpe_diagnostic,ending_capital_from_10000,cagr_trades,mtm_end_cap,mtm_total_return,mtm_cagr,mtm_vol,mtm_sharpe,mtm_max_dd,mtm_calmar,mtm_exposure,mean_net_0bps,mean_net_20bps,mean_net_50bps,end_cap_0bps,end_cap_20bps,end_cap_50bps,mtm_end_cap_0bps,mtm_end_cap_20bps,mtm_end_cap_50bps,eligible
L168_H24,discovery,168,7,24,long,584,583,199,33808,0,1,0.010825659373511168,0.0023900625501639674,0.0084355968233472,0.006505054487330408,0.0018300393354542255,0.004675015151876183,0.5608919382504288,0.5334481427595831,0.027443795490845746,0.005430694192633243,0.001885914606383654,0.004425263498440608,0.0008840286917772833,0.5125628140703518,0.036434239679706736,-0.029233659908663976,1.2463112656280415,1.310554114371755,0.6407128092787003,19476.7078411768,0.16448873865051072,19476.70784117742,0.9476707841177421,0.16448873865051938,0.3130971852429766,0.6451527739308294,-0.3326099928428864,0.49453937701811096,0.12482666596896994,0.005430694192633243,0.0034198328042479697,0.0004035407216700672,23767.493988511724,15957.362426358979,8765.495298406042,23767.493988511647,15957.36242635918,8765.495298405964,True
L168_H72,discovery,168,7,72,long,584,582,135,33808,0,2,0.016261642519967902,0.007360434298727139,0.008901208221240763,0.011470666491871784,0.004715652717515617,0.006755013774356167,0.5773195876288659,0.5433187798865425,0.03400080774232339,0.012945764166878896,0.011231660600585558,0.011932818402712025,0.010220428939984982,0.5555555555555556,0.05885117106493614,-0.04671512242506812,1.2597884370170378,1.5747355462712975,0.9237678324115883,35224.1563567882,0.3332671248859036,35224.15635678827,2.522415635678827,0.33326712488590404,0.4234019209621952,0.8942069373642202,-0.3774532743301563,0.8829361077270643,0.25381334868266137,0.012945764166878896,0.01091987263854514,0.007881035346044497,40318.0658412352,30769.664686682194,20493.474250574094,40318.06584123489,30769.664686682372,20493.474250573883,True
L168_H168,discovery,168,7,168,long,584,584,89,33808,0,0,0.03824534259267589,0.018220675759119915,0.020024666833555974,0.029558427298127854,0.009681207254954804,0.01987722004317305,0.6215753424657534,0.5506785852166424,0.07089675724911104,0.03661926472168692,0.023237354647152486,0.035582645456965246,0.022214117292505442,0.5955056179775281,0.09767618753220815,-0.05583284704269791,1.7494394913716425,2.5755636956304735,1.5611979483001146,146806.48268208507,0.8472457466033849,146806.4826820854,13.68064826820854,0.8472457466033858,0.5005143899794465,1.480952045016728,-0.35175238863436176,2.4086424825506376,0.39012584704743464,0.03661926472168692,0.03454602619224354,0.03143616839807848,160478.4723404441,134287.30436628137,102723.77427095016,160478.47234044306,134287.3043662841,102723.77427094897,True
L168_H336,discovery,168,7,336,long,584,584,66,33808,0,0,0.08539093867383807,0.03625627453267145,0.04913466414116662,0.056819303221913864,0.019194858296811446,0.03762444492510242,0.6421232876712328,0.5556083650190115,0.08651492265222138,0.04418173501412489,0.0001004925312005911,0.043137553279110764,-0.0008996079613305397,0.5,0.1879806976914719,-0.10170559113325041,1.848282828868154,1.848282828868154,0.8618555694865858,55486.64408760653,0.4791022512116063,59660.21674921761,4.966021674921761,0.5038102825043478,0.6379544703487955,0.9615071408814995,-0.6868376694470486,0.7335216236901356,0.5751550194919024,0.04418173501412489,0.042093371544096626,0.03896082633905426,59274.272983965464,51937.609996392646,42578.42230905487,63700.86769074568,55872.20386935986,45872.99935171588,True
L168_H720,discovery,168,7,720,long,584,582,40,33808,0,2,0.1540738124699428,0.08705087088985226,0.06702294158009055,0.12796315122663082,0.026119539012881443,0.10184361221374938,0.6632302405498282,0.5473187524111939,0.11591148813863428,0.0937373918795196,0.05620133540915728,0.09264365448764009,0.055145134073748214,0.6,0.2583006355115467,-0.15584181704821984,1.657453951731226,2.486180927596839,1.0646993651287724,106173.67741346879,0.715447701344637,141851.39466157532,13.185139466157532,0.8328138093726223,0.7142199669682626,1.208472458712039,-0.7739341267209952,1.0760784162614572,0.7379974359645222,0.0937373918795196,0.09154991709576055,0.088268704920122,110508.91901837282,102004.41798982432,90431.67198519972,147569.57453475267,136349.39209117272,121062.18682771042,True
L720_H24,discovery,720,30,24,long,254,253,78,22566,0,1,0.01678190241715022,0.0033901573671648137,0.013391745049985405,0.015320490714461288,0.0020618817930520006,0.013258608921409287,0.6205533596837944,0.5399643969737428,0.08058896271005167,0.008455280242849417,0.008685968785754006,0.0074468249626065686,0.007677282816968223,0.5384615384615384,0.04162900302370162,-0.03243238277533765,1.283562891819262,1.4974900404558058,0.6089634766604012,16105.970600124567,0.11502066397941957,16105.970600124663,0.6105970600124664,0.11502066397942112,0.226995610370357,0.5954666962061372,-0.38548455065047194,0.298379439034155,0.048952146725622044,0.008455280242849417,0.006438369682363712,0.0034130038416351617,17413.209310655002,14895.70424501668,11778.205259743801,17413.209310655002,14895.704245016803,11778.20525974372,True
L720_H72,discovery,720,30,72,long,254,252,54,22566,0,2,0.028070762625673453,0.010330662031886487,0.017740100593786966,0.016889805588108264,0.005416228986404814,0.01147357660170345,0.5992063492063492,0.5525378450578807,0.04666850414846846,0.018613710738826342,0.015252331506299899,0.01759509702808753,0.014237079174793554,0.6111111111111112,0.05812170911411113,-0.046089579107092424,1.2610596633798976,1.9816651853112677,0.9217421200250626,22867.338513446197,0.20797287577893075,22867.338513446244,1.2867338513446245,0.2079728757789312,0.2977105423280611,0.7863106377266896,-0.4608247654321248,0.4513057703917253,0.10135789225818267,0.018613710738826342,0.016576483317348685,0.013520642185132208,24136.775812135762,21663.493149653976,18413.045099819843,24136.77581213558,21663.493149654067,18413.045099819767,True
L720_H168,discovery,720,30,168,long,254,254,37,22566,0,0,0.06277316658914375,0.024161267270592722,0.03861189931855103,0.07013932746350149,0.012580425605474344,0.057558901858027145,0.7322834645669292,0.5674966651845265,0.1647867993824027,0.0340290151382408,0.017257318229171537,0.03299498612310255,0.016240060910942322,0.5675675675675675,0.10797053201561749,-0.06541041786082327,1.6506626244973899,2.1664946946528243,0.8915356712751165,27366.279835154783,0.25856338726847494,27366.27983515472,1.736627983515472,0.2585633872684743,0.34472122909469044,0.8424064790966664,-0.48727355790936044,0.5306329126042391,0.1620313440255357,0.0340290151382408,0.03196095710796431,0.028858870062549603,28398.323305868023,26370.764891888455,23591.01826092048,28398.323305868264,26370.76489188858,23591.0182609202,True
L720_H336,discovery,720,30,336,long,254,254,27,22566,0,0,0.14457032113835308,0.048197710874208356,0.09637261026414473,0.11355990255656667,0.022858470890838145,0.09070143166572853,0.8110236220472441,0.5651361452215696,0.24588747682567447,0.08153869719773678,0.08401860891786517,0.08045715850053904,0.08293459030894734,0.6666666666666666,0.18265794782960768,-0.12394442015759823,1.4737085186840506,2.9474170373681017,0.9815815498454027,51373.41093142789,0.4533059659778256,51373.41093142745,4.137341093142744,0.4533059659778227,0.4437713508970994,1.0680702725900149,-0.5362161961272038,0.8453791012875098,0.23667617278459485,0.08153869719773678,0.0793756198033413,0.07613100371174812,52780.101311016064,50002.85873338759,46099.20115529732,52780.10131101659,50002.858733388195,46099.20115529771,True
L720_H720,discovery,720,30,720,long,254,252,20,22566,0,2,0.23913528397234154,0.09764932497830489,0.14148595899403665,0.23247735786772838,0.029992771005712737,0.20248458686201565,0.7976190476190477,0.563189747241011,0.23442930037803666,0.13332480584272574,0.09963383633825118,0.13219148103688308,0.09853420250191303,0.6,0.3410411324544982,-0.1810829960895397,1.8833415606060788,2.8250123409091183,0.7343939572457614,48368.053799038746,0.43343067388947065,48368.05379903859,3.8368053799038595,0.43343067388946954,0.5306997784788136,0.9471752389718332,-0.5177917383161035,0.8370752984569003,0.3756311975092227,0.13332480584272574,0.13105815623104033,0.12765818181351213,49345.64708348373,47408.87766054114,44638.589507651974,49345.647083484444,47408.87766054081,44638.58950765194,True
L1440_H24,discovery,1440,60,24,long,132,131,35,12090,0,1,0.020215799457508073,0.004029733873619229,0.016186065583888843,0.015217049808615934,0.0020848417580756617,0.013132208050540273,0.6335877862595419,0.5467165419783874,0.08687124428115456,0.013841683977328517,0.009831345255479018,0.012827842293351195,0.008821513910223455,0.5714285714285714,0.04355313852299382,-0.028139219346172303,1.547773518063792,2.0636980240850558,0.7150243734316803,14985.479105644195,0.09680445212669997,14985.47910564416,0.49854791056441616,0.09680445212669953,0.16409647451748416,0.6476357182406929,-0.24274405647286246,0.39879226512605376,0.021951283325920307,0.013841683977328517,0.011814000609373841,0.008772475557441872,15519.52927818994,14469.298947865165,13022.260255641922,15519.529278189952,14469.298947865203,13022.260255641877,True
L1440_H72,discovery,1440,60,72,long,132,130,24,12090,0,2,0.024038375735269703,0.011751154587716512,0.012287221147553191,0.017523392444355634,0.004858517395677886,0.012664875048677748,0.6076923076923076,0.5537451159697397,0.0539471917225679,0.02073703889835769,0.028087518502865172,0.019716301859459353,0.027059430984362365,0.625,0.06165757086402189,-0.05018581314814488,1.228585669858795,2.0476427830979915,0.6712916804853214,15150.639859941319,0.09955417102366804,15150.639859941368,0.5150639859941368,0.09955417102366892,0.2230011408493776,0.5391616063616502,-0.3433743485652464,0.28992896947499297,0.045184584390779936,0.02073703889835769,0.018695564820560968,0.015633353703865913,15518.84006759149,14790.819880199844,13759.834024838348,15518.840067591545,14790.819880199913,13759.834024838354,True
L1440_H168,discovery,1440,60,168,long,132,132,16,12090,0,0,0.08105446750373865,0.026239676916892014,0.05481479058684664,0.08237709804605764,0.012576988862625482,0.06980010918343216,0.8409090909090909,0.5685102142501246,0.27239887665896634,0.05231589129434981,0.05861153464260771,0.05126357540305547,0.057552923107965115,0.6875,0.10238925879086222,-0.061212928050119374,1.6726737643889353,3.6798822816556576,0.9396564482914753,20697.217666093064,0.18076953962870412,20697.217666093085,1.0697217666093084,0.18076953962870435,0.2490376165327243,0.794565268466059,-0.31227772912102447,0.5788742608623441,0.06985688495853065,0.05231589129434981,0.05021125951176112,0.04705431183787807,21031.20493982718,20368.20774982548,19410.353613647207,21031.204939827174,20368.207749825448,19410.353613647072,False
L1440_H336,discovery,1440,60,336,long,132,132,11,12090,0,0,0.19869912973470838,0.050793149418362674,0.14790598031634572,0.13386391012056587,0.025703132733075118,0.10816077738749075,0.8333333333333334,0.5922846691054207,0.2410486642279127,0.10411216155000108,0.13253050014263246,0.1030080493884511,0.13139796964248984,0.7272727272727273,0.20568569757199395,-0.17079901243432985,1.2042557778317227,3.2113487408845933,0.6352095819226591,22441.298962693345,0.20279445028318155,22441.298962693418,1.244129896269342,0.20279445028318244,0.34562218875425943,0.7099422748915847,-0.4807242215574308,0.4218519500144537,0.09620365767510007,0.10411216155000108,0.1019039372269011,0.0985916007422511,22689.64081775732,22195.43060988722,21472.445502206683,22689.64081775724,22195.43060988723,21472.445502206665,False
L1440_H720,discovery,1440,60,720,long,132,131,8,12090,0,1,0.29908651623439064,0.09501447979608359,0.20407203643830707,0.2588316250769622,0.03564418117755208,0.22318744389941014,0.8625954198473282,0.5814688513682109,0.2811265684791173,0.25772474521992295,0.14363892598387018,0.25646702047470304,0.14249528705788628,0.625,0.4857981097031261,-0.12575146157266873,3.8631607428466754,6.438601238077792,0.6718892069191646,38103.61938027645,0.35741497594949756,38103.619380276694,2.810361938027669,0.35741497594949956,0.40032488829363344,0.9670377112469136,-0.3975113523935152,0.8991314934716069,0.1499699118285759,0.25772474521992295,0.25520929572948314,0.25143612149382333,38409.82465065513,37799.55219195431,36900.0513468367,38409.82465065528,37799.55219195422,36900.051346836495,False
L2160_H24,discovery,2160,90,24,long,71,71,15,5051,0,0,0.03152525224745216,0.0041889290804652994,0.02733632316698686,0.012156749794851374,0.0023537702607470123,0.009802979534104361,0.6338028169014085,0.5537816803033326,0.08002113659807586,0.03324099897126704,0.009831345255479018,0.03220775797229578,0.008821513910223455,0.6666666666666666,0.05812075321449199,-0.019618232512096646,2.962588662289256,5.925177324578512,1.0067486877195904,15733.287183408018,0.10907349210256467,15733.287183408082,0.5733287183408082,0.10907349210256556,0.1056083491371441,1.0365471553039949,-0.16666767774778224,0.6544369824821474,0.009418905837105257,0.03324099897126704,0.031174516973324504,0.028074793976410706,15971.185232583854,15498.69978557079,14814.375816994312,15971.185232583839,15498.699785570792,14814.375816994276,False
L2160_H72,discovery,2160,90,72,long,71,71,11,5051,0,0,0.006838203099176342,0.01168238490164288,-0.004844181802466539,-0.0020911006541771693,0.007903173861949275,-0.009994274516126445,0.49295774647887325,0.60263053009167,-0.10967278361279675,0.031012003973096194,0.031467555667309854,0.029980991969123114,0.030436088111642556,0.5454545454545454,0.09036769237296916,-0.04248304851549214,2.1271470746741516,2.5525764896089815,0.44458844854533935,13162.151339392594,0.06477625318580071,13162.151339392594,0.3162151339392594,0.06477625318580071,0.14719108594972277,0.5016785467188866,-0.2004419087403343,0.3231672138470611,0.020721592841631564,0.031012003973096194,0.02894997996515,0.025856943953230713,13307.80748370454,13017.945940472451,12593.904559479402,13307.807483704571,13017.945940472426,12593.90455947937,False
L2160_H168,discovery,2160,90,168,long,71,71,6,5051,0,0,0.04007206553256144,0.022026166163684757,0.018045899368876687,0.06392172542933827,0.019666196038908068,0.044255529390430204,0.7746478873239436,0.6149860502192108,0.1596618371047328,0.046535436894916016,0.06817528640393322,0.04548890145802109,0.06710711111752932,0.6666666666666666,0.15041356326591793,-0.16436042215777258,0.9151446637289188,1.8302893274578376,0.2679365503473202,11915.182264693498,0.04084008805708139,11915.182264693518,0.1915182264693518,0.040840088057081836,0.21239108901368278,0.29568846489404926,-0.3542986884497321,0.11527022082915847,0.026372936343894718,0.046535436894916016,0.04444236602112617,0.041302759710441415,11986.924245863747,11843.798455334816,11631.781759922264,11986.924245863767,11843.798455334832,11631.781759922242,False
L2160_H336,discovery,2160,90,336,long,71,71,4,5051,0,0,0.0672706439752567,0.03255543322973139,0.03471521074552531,0.11210370896368982,0.035879712549428566,0.07622399641426125,0.7464788732394366,0.6176411893833567,0.12883768385607997,0.1768464841523762,0.1640911921557875,0.17566963766822385,0.16292710096363172,1.0,0.17566963766822385,,,inf,1.1624527439210168,18680.364045724833,0.15343660401988846,18680.36404572491,0.8680364045724909,0.15343660401988957,0.2062813596585818,0.7978203503477344,-0.263912654788761,0.5813916128527529,0.035137751497867666,0.1768464841523762,0.17449279118407146,0.17096225173161433,18755.272679810332,18605.680025047524,18382.971151201804,18755.2726798104,18605.68002504755,18382.97115120179,False
L2160_H720,discovery,2160,90,720,long,71,71,3,5051,0,0,0.17240867319048814,0.09060611086199491,0.08180256232849323,0.23500722543352603,0.0855328155989814,0.14947440983454463,0.8450704225352113,0.6152004787552364,0.22986994377997483,0.3311493856612178,0.26784103382980073,0.32981823627555656,0.2665731927959709,1.0,0.32981823627555656,,,inf,2.406865508852343,23351.20678079688,0.2137646866822842,23351.206780796863,1.3351206780796865,0.213764686682284,0.310270725293137,0.7823855303577171,-0.3975113523935163,0.5377574386118856,0.05646110776798095,0.3311493856612178,0.3284870868898954,0.32449363873291165,23421.40074224279,23281.153207227035,23071.833408489718,23421.40074224286,23281.15320722703,23071.83340848973,False
L168_H24,recent,168,7,24,long,195,195,71,14462,0,0,-0.00021083305829698007,-3.6950614713390254e-05,-0.00017388244358358982,-0.0016717379422797052,0.00044378320910087865,-0.002115521151380584,0.4564102564102564,0.5111865345986009,-0.05477627818834446,0.0023544169157307822,-0.0009629404776074768,0.0013520624988150492,-0.0019619775371298998,0.4647887323943662,0.017772333878782878,-0.012907646857472801,1.3768841118002617,1.19571514972128,0.41322747656230896,10834.233714489139,0.04973131198302916,10834.233714489179,0.08342337144891787,0.04973131198303138,0.15235600973457236,0.3944659208908589,-0.2092611243745197,0.23765193908652638,0.117826026828931,0.0023544169157307822,0.00034970808189930836,-0.0026573551688478816,11631.84311113035,10090.59945483605,8148.680102578064,11631.843111130318,10090.599454836141,8148.680102578043,True
L168_H72,recent,168,7,72,long,195,193,52,14462,0,2,0.0019093072059606473,-0.00026322399208278104,0.002172531198043428,-0.0018589799042610933,0.0008876969945745827,-0.002746676898835676,0.48704663212435234,0.511362846618945,-0.024316214494592703,0.0006229371615626251,-0.007444987246341683,-0.000377685775598937,-0.00843754225909532,0.46153846153846156,0.03155432624586544,-0.027747981793996977,1.1371755423557302,0.9747218934477688,-0.05006684387640146,9385.99737012087,-0.037655213744158034,9385.997370120918,-0.06140026298790813,-0.037655213744154925,0.20608990185099493,-0.08332647777314252,-0.3499590637381963,-0.10759890983227889,0.2588853547227216,0.0006229371615626251,-0.0013783087127605077,-0.004380177524245192,9887.239185359513,8909.702180824397,7618.6011726396855,9887.239185359535,8909.702180824452,7618.601172639687,True
L168_H168,recent,168,7,168,long,195,184,34,14462,0,11,-0.005531574696656894,-0.0012416958681664906,-0.0042898788284904035,-0.0024881514307161234,0.00025639626230367085,-0.0027445476930197943,0.4782608695652174,0.5026936262506122,-0.024432756685394796,0.01080281801442399,0.006795991221529518,0.009792015196409562,0.005789195230307964,0.5588235294117647,0.04130908937086407,-0.030129612091232817,1.3710461736374058,1.7366584866073809,0.8133745946975378,13302.464178046092,0.18869055898573484,13302.464178046064,0.3302464178046065,0.18869055898573328,0.25076369431963536,0.8146355135470461,-0.32110067479974147,0.587636756302093,0.39496611810261373,0.01080281801442399,0.008781212378395145,0.005748803924351868,13762.758791161785,12857.12606411749,11606.2051748155,13762.758791161827,12857.1260641174,11606.205174815466,True
L168_H336,recent,168,7,336,long,195,183,24,14462,0,12,-0.012520784439996217,-0.0045139666263973284,-0.008006817813598889,-0.01210978859257017,-0.0003159539701961256,-0.011793834622374044,0.4426229508196721,0.4974867256637168,-0.0548637748440447,0.009521898377363253,0.012212723612496812,0.008512376478985895,0.011200510888884296,0.5833333333333334,0.05303915699709524,-0.05382511624636719,0.9853979089302013,1.379557072502282,0.4582112569966808,11575.623141647844,0.09267357768013929,11575.623141647908,0.15756231416479083,0.09267357768014284,0.30537723833359504,0.4428940815795237,-0.24487894523078246,0.3784464915626128,0.5575992255566312,0.009521898377363253,0.007502854580608513,0.0044742888854764394,11856.941084905406,11300.70798804198,10512.99843673857,11856.941084905424,11300.707988042035,10512.998436738548,True
L168_H720,recent,168,7,720,long,195,181,16,14462,0,14,-0.019822487663345843,-0.01394755280585726,-0.005874934857488584,-0.020709733740229663,-0.002392824596915588,-0.018316909143314075,0.3756906077348066,0.4905756495160469,-0.11488504178124026,-0.02870836320766563,-0.032726796544081616,-0.029679654844457955,-0.033694069747537525,0.25,0.1403628885874067,-0.08636050265507951,1.6253134740080268,0.5417711580026756,-0.7220231039003209,5420.910898320092,-0.3098860088014921,5420.910898320097,-0.4579089101679903,-0.30988600880149175,0.39108383206856695,-0.7527447249266087,-0.5402524589896762,-0.5735948141374649,0.7965703222237588,-0.02870836320766563,-0.03065094648125031,-0.033564821391627316,5508.387161134468,5334.738279878137,5083.861953911088,5508.387161134484,5334.738279878151,5083.861953911111,True
L720_H24,recent,720,30,24,long,81,81,29,14462,0,0,0.0012814950444037976,-3.6950614713390254e-05,0.0013184456591171878,-0.004401627559883048,0.00044378320910087865,-0.0048454107689839265,0.4444444444444444,0.5111865345986009,-0.06674209015415644,0.0026497361490478584,-0.003817581240464829,0.0016470864128988096,-0.004813763659224368,0.41379310344827586,0.024885044493219988,-0.014756178114386728,1.6864152967195476,1.1904107976843865,0.2688816440894719,10393.99864570041,0.023683445396984082,10393.99864570045,0.03939986457004507,0.023683445396986524,0.11616782812273373,0.2593638160933201,-0.16010291444831593,0.14792638521662865,0.0481261236343521,0.0026497361490478584,0.0006444366767497608,-0.0023635125316973974,10699.993093109628,10096.461526124434,9252.36674463111,10699.993093109637,10096.461526124469,9252.366744631083,True
L720_H72,recent,720,30,72,long,81,79,20,14462,0,2,0.0037423327232634575,-0.00026322399208278104,0.004005556715346238,-0.002539757066806092,0.0008876969945745827,-0.0034274540613806748,0.4810126582278481,0.511362846618945,-0.030350188391096933,0.004500235172367506,-0.010171369419170628,0.003495734937195133,-0.011161198049751464,0.35,0.05155351327738728,-0.022381530322908332,2.3033953681272785,1.240289813606996,0.280610568613785,10538.85323607105,0.03230139415806099,10538.85323607107,0.05388532360710707,0.0323013941580621,0.13594004150469602,0.30161868078488857,-0.1943743248068962,0.16618138321587667,0.09957129027796985,0.004500235172367506,0.002491234702022771,-0.0005222660034943372,10751.85978357739,10329.85957688503,9726.245042667291,10751.859783577349,10329.859576885012,9726.245042667291,True
L720_H168,recent,720,30,168,long,81,71,14,14462,0,10,-0.008635641782570837,-0.0012416958681664906,-0.007393945914404346,-0.0006992020498336471,0.00025639626230367085,-0.0009555983121373179,0.49295774647887325,0.5026936262506122,-0.009735879771738953,-0.000835545966899268,0.011261538814585803,-0.0018347104209323697,0.010250277275771214,0.5714285714285714,0.03379062000018579,-0.04933515098242325,0.6849197646567344,0.9132263528756458,-0.10981088118241723,9595.440798862484,-0.024704380401768367,9595.440798862464,-0.04045592011375354,-0.024704380401769588,0.1599438533264734,-0.07653721345891172,-0.25947156251598213,-0.0952103581688183,0.16263310745401743,-0.000835545966899268,-0.0028338748749654713,-0.005831368237064768,9730.789887696916,9461.841597527167,9071.335419013909,9730.789887696932,9461.841597527196,9071.335419013887,True
L720_H336,recent,720,30,336,long,81,71,13,14462,0,10,-0.020354730967300703,-0.0045139666263973284,-0.015840764340903375,-0.023973642760500624,-0.0003159539701961256,-0.0236576887903045,0.38028169014084506,0.4974867256637168,-0.11720503552287176,-0.018318480213562152,-0.03334886559926509,-0.01930016173334857,-0.03431551673366584,0.38461538461538464,0.05141418345467397,-0.06349662747586265,0.8097151848610912,0.506071990538182,-0.81298022700369,7554.672270014264,-0.15621438089380857,7554.6722700141945,-0.24453277299858056,-0.15621438089381312,0.2082651107947367,-0.7115290528228205,-0.3677296873981011,-0.4248076406316816,0.3020329138431752,-0.018318480213562152,-0.020281843253135038,-0.02322688781249436,7653.5739358732935,7456.95150447393,7170.745873561599,7653.573935873353,7456.951504473956,7170.74587356159,True
L720_H720,recent,720,30,720,long,81,71,9,14462,0,10,-0.02341498230758494,-0.01394755280585726,-0.009467429501727681,-0.019671759367658526,-0.002392824596915588,-0.017278934770742937,0.4084507042253521,0.4905756495160469,-0.08212494529069475,-0.019369987680889253,-0.0066834859120895596,-0.020350617693208378,-0.00767680242617752,0.4444444444444444,0.08946348884962957,-0.10820190292747874,0.8268199211763548,0.661455936941084,-0.3186751787257286,7537.8219290460265,-0.15735487238757606,7537.821929046015,-0.24621780709539853,-0.15735487238757695,0.2744616212502688,-0.48662357004588314,-0.506741887270459,-0.3105227263433095,0.4480708062508643,-0.019369987680889253,-0.0213312477055275,-0.024273137742484803,7606.002775875813,7470.184894378982,7270.498786418358,7606.00277587578,7470.184894379003,7270.498786418311,True
L1440_H24,recent,1440,60,24,long,50,50,19,14462,0,0,0.004369787309482724,-3.6950614713390254e-05,0.004406737924196115,-0.003043809968361677,0.00044378320910087865,-0.0034875931774625557,0.46,0.5111865345986009,-0.05118653459860084,0.0037378731777290885,-0.004401627559883048,0.002734135304551355,-0.005397225932323169,0.42105263157894735,0.030000205014988485,-0.017095733575766558,1.7548357829765313,1.2762442058011139,0.3102793667161226,10449.304509292777,0.026979354914252518,10449.304509292773,0.04493045092927739,0.026979354914252518,0.08779192492296058,0.3469404832242987,-0.17797287286499142,0.15159251227415318,0.031530908588023786,0.0037378731777290885,0.0017303974313736274,-0.0012808161881595849,10649.840637190793,10252.349282924935,9682.369300158085,10649.840637190786,10252.34928292499,9682.369300158049,True
L1440_H72,recent,1440,60,72,long,50,48,13,14462,0,2,0.007204035442972136,-0.00026322399208278104,0.007467259435054917,-0.003554676758339481,0.0008876969945745827,-0.004442373752914064,0.4791666666666667,0.511362846618945,-0.03219617995227836,0.0063524319021641,-0.011009806442036418,0.005346079470261948,-0.011998796635594333,0.38461538461538464,0.05406677200200298,-0.0251043533620762,2.1536811254289767,1.3460507033931104,0.3142962951544322,10578.117266827185,0.03462929913184376,10578.117266827181,0.057811726682718056,0.034629299131843316,0.10122736766026813,0.3867427363957726,-0.18001512228413596,0.19236883375377994,0.0647213386806804,0.0063524319021641,0.00433972703835978,0.0013206697426532815,10716.6002323284,10441.287808136745,10040.540215387595,10716.600232328416,10441.287808136773,10040.540215387606,True
L1440_H168,recent,1440,60,168,long,50,40,9,14462,0,10,-0.0039574720463822904,-0.0012416958681664906,-0.0027157761782158,0.0026764390345520583,0.00025639626230367085,0.0024200427722483875,0.525,0.5026936262506122,0.02230637374938782,-0.01408243941886943,0.01277794020953249,-0.015068356979450562,0.011765162269322893,0.6666666666666666,0.025482144664313904,-0.09616936026697949,0.2649715522030295,0.5299431044060589,-0.5613514498175957,8578.729903853105,-0.08867639362535595,8578.729903853104,-0.1421270096146896,-0.08867639362535595,0.12224951045774105,-0.6984605897170484,-0.3203143355824768,-0.276841788751359,0.10454985479186835,-0.01408243941886943,-0.016054274540031683,-0.019012027221775085,8656.325935581433,8501.752780040959,8274.49174868854,8656.325935581444,8501.752780040959,8274.491748688553,False
L1440_H336,recent,1440,60,336,long,50,40,8,14462,0,10,-0.0019998659756333497,-0.0045139666263973284,0.0025141006507639787,-0.00986563857173789,-0.0003159539701961256,-0.009549684601541764,0.425,0.4974867256637168,-0.07248672566371683,-0.029550475003160548,-0.02037601834565489,-0.030520924528157398,-0.021355642327309243,0.375,0.04193211378231054,-0.07399274751443816,0.5667057271272209,0.3400234362763325,-0.91222325344596,7645.202155521507,-0.15010407819209226,7645.2021555215215,-0.2354797844478479,-0.15010407819209126,0.15666332386622198,-0.9598756347997525,-0.34991224282101274,-0.42897635413366364,0.18586640851887706,-0.029550475003160548,-0.031491374053154206,-0.03440272262814473,7706.639919996521,7584.193380990574,7403.715360481418,7706.639919996565,7584.19338099057,7403.715360481378,False
L1440_H720,recent,1440,60,720,long,50,40,6,14462,0,10,-0.04727627823772692,-0.01394755280585726,-0.03332872543186966,-0.018774459601760274,-0.002392824596915588,-0.016381635004844686,0.4,0.4905756495160469,-0.09057564951604685,-0.06301972068654343,-0.025260290233347082,-0.06395670096585693,-0.026235029943113775,0.5,0.03962781730132522,-0.16754121923303908,0.23652577844861847,0.23652577844861847,-0.8923569526624402,6347.517421737527,-0.240667166183823,6347.517421737498,-0.36524825782625026,-0.24066716618382522,0.2227382976476787,-1.1246843711607897,-0.5097126415887485,-0.47216244320265993,0.29871387083390954,-0.06301972068654343,-0.06489368124517032,-0.06770462208311072,6385.736180396174,6309.489470215806,6196.542841458131,6385.7361803961285,6309.489470215793,6196.542841458099,False
L2160_H24,recent,2160,90,24,long,31,31,13,14462,0,0,-0.006038202096953404,-3.6950614713390254e-05,-0.0060012514822400135,-0.006090847053931592,0.00044378320910087865,-0.00653463026303247,0.3548387096774194,0.5111865345986009,-0.1563478249211815,-0.0038200455551434124,-0.004401627559883048,-0.004816225509588268,-0.005397225932323169,0.38461538461538464,0.01925443051546316,-0.01986038552524541,0.9694892624812347,0.6059307890507717,-0.5378211780709546,9355.80499445117,-0.03953149972639092,9355.804994451195,-0.06441950055488055,-0.03953149972638925,0.07237028195059783,-0.5212018404798932,-0.15712175888550317,-0.2515978691098819,0.0215737795602268,-0.0038200455551434124,-0.005812405464033132,-0.008800945327367722,9478.286111610434,9234.786319699038,8880.345521286401,9478.286111610434,9234.786319699046,8880.345521286386,False
L2160_H72,recent,2160,90,72,long,31,29,9,14462,0,2,-0.0015071546797064933,-0.00026322399208278104,-0.0012439306876237122,-0.006734215867583826,0.0008876969945745827,-0.007621912862158409,0.4482758620689655,0.511362846618945,-0.06308698454997952,-0.0018458710992537524,-0.011009806442036418,-0.002844025228154486,-0.011998796635594333,0.4444444444444444,0.03264342069933446,-0.031233981970145642,1.045125169456011,0.8361001355648089,-0.1823976992792299,9695.20547721561,-0.01857471010560985,9695.20547721564,-0.03047945227843596,-0.01857471010560796,0.08385911887280693,-0.18169592347027863,-0.13606195800653265,-0.13651655744007554,0.04480708062508643,-0.0018458710992537524,-0.003842179357055232,-0.0068366417437574585,9782.90021527756,9608.210194607555,9351.372361895748,9782.900215277552,9608.210194607556,9351.372361895752,False
L2160_H168,recent,2160,90,168,long,31,28,6,14462,0,3,-0.007021030629149073,-0.0012416958681664906,-0.005779334760982583,-0.00887343021347492,0.00025639626230367085,-0.00912982647577859,0.4642857142857143,0.5026936262506122,-0.0384079119648979,-0.012406310972507254,0.01724713970683056,-0.013393904661534747,0.016229892567123705,0.6666666666666666,0.02690994838805244,-0.09400161076070912,0.2862711412100641,0.5725422824201282,-0.3951239204420028,9121.58268250603,-0.05416907983830643,9121.582682506034,-0.08784173174939658,-0.05416907983830621,0.10385390043622009,-0.48435525034934923,-0.22073514194328236,-0.2454030625183592,0.0696999031945789,-0.012406310972507254,-0.01438149835056222,-0.017344279417644715,9176.504243797648,9066.935317086629,8904.627450172347,9176.504243797657,9066.935317086638,8904.627450172315,False
L2160_H336,recent,2160,90,336,long,31,28,5,14462,0,3,-0.023194695986741058,-0.0045139666263973284,-0.01868072936034373,-0.023357345441141986,-0.0003159539701961256,-0.02304139147094586,0.21428571428571427,0.4974867256637168,-0.2832010113780026,-0.024473018696187322,-0.03334886559926509,-0.025448545677491153,-0.03431551673366584,0.4,0.07731812343511812,-0.09395965841923067,0.82288638268712,0.5485909217914133,-0.4278448164108775,8594.520774947621,-0.0876606736903991,8594.5207749476,-0.14054792250524006,-0.08766067369040054,0.1284818202542581,-0.6498718270148808,-0.28479956370203396,-0.3077977808354855,0.11616650532429816,-0.024473018696187322,-0.02642407265879494,-0.02935065360270637,8637.622598044914,8551.591186649312,8423.830668680632,8637.622598044873,8551.591186649364,8423.830668680599,False
L2160_H720,recent,2160,90,720,long,31,28,5,14462,0,3,-0.06880837013467979,-0.01394755280585726,-0.05486081732882253,-0.02670177072587293,-0.002392824596915588,-0.024308946128957343,0.2857142857142857,0.4905756495160469,-0.20486136380176118,-0.057348470613647784,-0.061676499432933074,-0.058291122143034134,-0.06261482293350018,0.4,0.04055548777564477,-0.12418886208882007,0.3265630032638468,0.21770866884256454,-1.0350160694555879,7246.742459400926,-0.1772176530130719,7246.742459400915,-0.27532575405990845,-0.17721765301307268,0.17915153257331917,-0.9993122180695336,-0.3689709139544629,-0.4803025016626223,0.24892822569492462,-0.057348470613647784,-0.059233773672420484,-0.06206172826057956,7283.085126978996,7210.545017049889,7102.819688966737,7283.085126978963,7210.545017049803,7102.819688966745,False
L168_H24,validation,168,7,24,long,338,338,128,26135,0,0,0.00620259941284579,0.0010028258009503112,0.005199773611895479,0.0029213671353014448,0.00036595421933327543,0.0025554129159681693,0.5532544378698225,0.5103891631270807,0.04286527474274182,0.006269556237531051,0.002531467827194822,0.005263286681293512,0.001528936359367572,0.5390625,0.027292501940494516,-0.020499693876077155,1.3313614391259017,1.5570159203336817,1.064100513718105,18353.294553884483,0.22412135188237303,18353.294553884672,0.8353294553884671,0.22412135188237725,0.200965799258259,1.1067664746481836,-0.14263301568976028,1.5713146833399463,0.11679276128198304,0.006269556237531051,0.004257017125055987,0.0012382084563433895,20860.82797554247,16145.10324354912,10982.112220522777,20860.827975542656,16145.103243549283,10982.112220522631,True
L168_H72,validation,168,7,72,long,338,338,91,26135,0,0,0.011447780554067541,0.00314520036664474,0.008302580187422802,0.007215378908015491,0.0013134328358208602,0.00590194607219463,0.5680473372781065,0.5178509929973597,0.05019634428074682,0.01335575156490255,0.005672006747138747,0.012342395813337648,0.004666334740391687,0.5384615384615384,0.04582780599065694,-0.026723916060201514,1.7148611710731203,2.0006713662519737,1.4138491970677431,27660.571308810577,0.4033069065183852,27660.571308810788,1.7660571308810789,0.40330690651838874,0.2614857988838023,1.426577655403717,-0.1686717212538077,2.391076011559254,0.24905904269474965,0.01335575156490255,0.011329040061772742,0.008288972807078025,30297.14583071762,25251.139111770462,19200.036981083056,30297.145830717538,25251.13911177068,19200.036981082998,True
L168_H168,validation,168,7,168,long,338,338,69,26135,0,0,0.015172480182405544,0.007871166571655734,0.00730131361074981,0.004813044636489128,0.003815555102142598,0.0009974895343465295,0.5325443786982249,0.528833275934642,0.0037111027635828853,0.008650434968870765,0.004194825726984597,0.0076417845339019005,0.003190630901257707,0.5797101449275363,0.05925079233985649,-0.06354305381913893,0.9324511300401237,1.2861394897105154,0.42989605612468546,13258.876634198983,0.0984955902704856,13258.876634198963,0.3258876634198964,0.09849559027048493,0.3452701397240601,0.4448845480939096,-0.48256881897999004,0.20410682662563223,0.4406721666730031,0.008650434968870765,0.0066331340989330126,0.0036071827940264093,14206.53096235955,12373.580583136161,10052.65119260802,14206.53096235951,12373.580583136183,10052.65119260801,True
L168_H336,validation,168,7,336,long,338,338,47,26135,0,0,0.026310186665316173,0.015824530261492765,0.010485656403823408,0.011924065029526254,0.00677639671490593,0.005147668314620324,0.5443786982248521,0.5399686220487506,0.004410076176101452,0.02857932022496052,0.0014515325353405828,0.027550740904735554,0.0004500810028051916,0.5106382978723404,0.1126089817300623,-0.06120568430430105,1.839845155070818,1.9198384226825926,0.9960522350728245,27900.213866760296,0.40734417109511667,27900.21386676057,1.7900213866760568,0.4073441710951211,0.3940990166276546,1.0642356033670393,-0.37451234670398215,1.0876655327390035,0.6003497699882143,0.02857932022496052,0.026522161584510585,0.02343642362383571,29243.515884810877,26617.36292617396,23105.44731534708,29243.515884811015,26617.36292617414,23105.44731534659,True
L168_H720,validation,168,7,720,long,338,338,29,26135,0,0,0.064770221381034,0.03759008776182149,0.02718013361921251,0.03497369346317247,0.019101933700203855,0.015871759762968618,0.5769230769230769,0.5603642903608465,0.01655878656223042,0.03142712667586033,-0.0044198381414665144,0.030395699549184477,-0.005415418303325037,0.4827586206896552,0.17546142566078707,-0.10499897815497797,1.6710774594568614,1.5596722954930706,0.48473501200347,14582.854612770372,0.133872837166239,13887.3669827669,0.38873669827669,0.11556940449837105,0.48141377300045274,0.46795893336871563,-0.7429083383409181,0.1555634773954262,0.7911645059498916,0.03142712667586033,0.02936427242250862,0.026269991042481015,15012.167016108946,14165.407901011009,12981.13687140035,14289.054666126152,13496.585939812498,12386.861993304212,True
L720_H24,validation,720,30,24,long,165,165,69,25583,0,0,0.0038242699041902304,0.0010507385826774148,0.0027735313215128156,0.0023128044708369266,0.00045161494477441444,0.0018611895260625122,0.5393939393939394,0.5125679215042415,0.026826017889697962,0.0017897539432023433,0.0004040742300590594,0.0007879641892591375,-0.0005963298441710174,0.4927536231884058,0.028010803144584675,-0.02565707936734281,1.0917377907104173,1.0605452824044055,0.11105867890896513,10156.858520242415,0.0051967564582870995,10156.858520242471,0.015685852024247104,0.005196756458288876,0.1604693277533132,0.11255236591775937,-0.22126473293468019,0.02348660082139261,0.06295859787856899,0.0017897539432023433,-0.000213825564684062,-0.0032191948265136747,10882.801690450055,9478.684419430478,7700.75465166543,10882.801690450093,9478.684419430489,7700.754651665373,True
L720_H72,validation,720,30,72,long,165,165,48,25583,0,0,0.007446625296744086,0.003253427328330493,0.004193197968413593,-0.0005615845037904021,0.0014076904822977188,-0.001969274986088121,0.49696969696969695,0.5191352957272976,-0.022165598757600602,0.007854777636842879,0.0023450084120023584,0.006846922859206038,0.0013426634035903495,0.5,0.042261032975028374,-0.028567187256616302,1.4793557585981976,1.4793557585981978,0.5620818401691975,13156.248200547547,0.0956565860948273,13156.248200547638,0.3156248200547638,0.09565658609482974,0.2032914990695777,0.551067773126037,-0.19042161642559952,0.5023410046107037,0.1313538379652511,0.007854777636842879,0.005839068081569196,0.002815503748658648,13803.481046765775,12538.760441163242,10851.668018440741,13803.481046765666,12538.760441163315,10851.668018440727,True
L720_H168,validation,720,30,168,long,165,165,39,25583,0,0,0.014140306481557768,0.007904664103279434,0.006235642378278334,0.005404222718509155,0.003742399812249886,0.0016618229062592693,0.5333333333333333,0.5285172589030921,0.004816074430241235,0.0036191113800345363,0.0021770647637930907,0.0026154922686545145,0.0011748876990294033,0.5128205128205128,0.05622081796445869,-0.05381116635850777,1.0447797691263003,1.0997681780276847,0.12643105122991694,9954.153226642684,-0.0015291717847569775,9954.153226642755,-0.004584677335724541,-0.001529171784754646,0.2717231552287967,0.13032217188230452,-0.4041280970593426,-0.0037838789133488554,0.24905904269474965,0.0036191113800345363,0.0016118731572744556,-0.001398984176865638,10350.236677092862,9572.853023809566,8512.368774082363,10350.236677092838,9572.853023809568,8512.368774082239,True
L720_H336,validation,720,30,336,long,165,165,28,25583,0,0,0.041205164457522404,0.01613545140035467,0.025069713057167733,0.016384509897226396,0.00695763194986343,0.009426877947362966,0.6,0.5415738243227395,0.058426175677260495,0.014108447386857561,-0.012744227459732138,0.013094338939470722,-0.013731483232272412,0.4642857142857143,0.10717643883083577,-0.068443480966379,1.5659115713808198,1.3571233618633771,0.34291311649778294,12157.695954382834,0.06722982355852691,12157.695954382953,0.21576959543829521,0.06722982355853024,0.3030102275827439,0.36633809304897635,-0.44149547823094515,0.15227749065045348,0.35763981294909325,0.014108447386857561,0.012080230492083828,0.009037905149923269,12503.097210912307,11821.504825904894,10865.854084736928,12503.097210912329,11821.504825905,10865.854084736895,True
L720_H720,validation,720,30,720,long,165,165,20,25583,0,0,0.08932095786540954,0.03927178578915613,0.05004917207625341,0.08399848101131369,0.0208129329442992,0.06318554806701449,0.6848484848484848,0.5662405691724327,0.11860791567605211,0.05045245396172353,0.03474923589011136,0.04940200150776179,0.033714486654221276,0.6,0.1481654109383733,-0.09874311263815544,1.500513878687682,2.250770818031523,0.7447722639311745,20663.977811974524,0.27343106738331246,19679.86961790064,0.967986961790064,0.2529045395859184,0.3836969209533818,0.7793874796419162,-0.4498979252262809,0.5621375992314643,0.5445766642588298,0.05045245396172353,0.04835154905380006,0.04520019169191491,21081.628809941853,20254.195054825763,19070.66236273272,20067.58893889131,19299.264201746526,18198.905546033697,True
L1440_H24,validation,1440,60,24,long,126,126,51,24863,0,0,0.00630876262000394,0.0010955267268705584,0.005213235893133382,0.0031646555972814072,0.00048102714896569587,0.0026836284483157113,0.5634920634920635,0.5132536905192873,0.050238372972776224,0.0032091774833536346,-0.0015305005931217641,0.002205968305870276,-0.002528970092528615,0.47058823529411764,0.03223371174857384,-0.024485359198755115,1.3164483921564307,1.170176348583494,0.25252690850239345,10838.917669059665,0.02719129906113449,10838.917669059716,0.08389176690597155,0.027191299061136043,0.14283496348254465,0.2593126300837488,-0.24892101226391095,0.10923665629443646,0.04653461582329012,0.0032091774833536346,0.001202759128386924,-0.0018068684040631517,11406.33225337557,10299.203125715663,8833.303164784762,11406.332253375564,10299.203125715725,8833.303164784751,True
L1440_H72,validation,1440,60,72,long,126,126,35,24863,0,0,0.014722949804243289,0.003460316737473066,0.011262633066770222,0.007673633190926732,0.0016388052472022796,0.006034827943724452,0.5634920634920635,0.5226660230883713,0.0408260404036922,0.015103794372487954,0.007951609565757245,0.014088690578115463,0.006943657956191451,0.5714285714285714,0.04682204463974819,-0.029555781504061514,1.5841924069344595,2.1122565425792796,0.9189160558418443,15615.992006646193,0.16001691267452256,15615.992006646255,0.5615992006646255,0.16001691267452411,0.17864214627995278,0.9203069420596608,-0.16143189694679705,0.9912347912709019,0.0957685435121469,0.015103794372487954,0.013073586783742987,0.010028275400625503,16172.512299846656,15078.093607733445,13570.170871879423,16172.51229984651,15078.093607733426,13570.170871879336,True
L1440_H168,validation,1440,60,168,long,126,126,27,24863,0,0,0.030094177449729444,0.008502765751077562,0.021591411698651884,0.018111523765148796,0.004577694735055315,0.01353382903009348,0.5952380952380952,0.5338079723261333,0.061430122911961926,0.023042165292171485,0.0056947190858425145,0.022019123126879328,0.004689024366756778,0.6666666666666666,0.05640294133883391,-0.04674851329702983,1.2065183972902402,2.41303679458048,0.9502149527726629,16959.65487932112,0.19234672383501428,16959.654879321017,0.6959654879321018,0.19234672383501183,0.22026332920460884,0.9089564827188157,-0.15447906413407053,1.2451313381085505,0.1724137931034483,0.023042165292171485,0.020996080961587133,0.017926954465710628,17424.038748862502,16507.20113230624,15218.505597181551,17424.038748862436,16507.201132306276,15218.505597181575,False
L1440_H336,validation,1440,60,336,long,126,126,19,24863,0,0,0.06899954192424268,0.017416330799299384,0.051583211124943296,0.04451193427028999,0.008240110018806757,0.03627182425148323,0.6984126984126984,0.5478862475363019,0.1505264508763965,0.047675281864908485,0.02674471942148493,0.046627606583043595,0.025717974702063495,0.5789473684210527,0.11712283728955292,-0.05030333563840672,2.3283314277896383,3.2014557132107524,0.9963053450639728,21363.868163881125,0.28763575848046585,21363.86816388097,1.136386816388097,0.28763575848046274,0.25105665518224696,1.132602173115771,-0.19893928170069897,1.4458469741195017,0.2426719385621412,0.047675281864908485,0.045579931301178656,0.04243690545558393,21773.869364889106,20961.188206897565,19795.849671968965,21773.869364889015,20961.188206897536,19795.849671968805,False
L1440_H720,validation,1440,60,720,long,126,126,11,24863,0,0,0.11869475426222782,0.041576342118525005,0.07711841214370282,0.11878128183956893,0.024804786556148706,0.09397649528342022,0.746031746031746,0.5807087405977234,0.16532300543402267,0.11779195835172901,0.12361904297033877,0.11667416639337726,0.12249542392736834,0.7272727272727273,0.1909755451103845,-0.08146284351864204,2.3443270190621504,6.251538717499067,1.2760450394392175,29789.483400399255,0.43839051602069556,29789.483400399156,1.9789483400399157,0.438390516020694,0.26896608497677454,1.486139816609463,-0.2847705915437987,1.5394515060143352,0.3010683192031327,0.11779195835172901,0.11555637443502552,0.11220299855997036,30119.14237340929,29463.107853833175,28503.38832512901,30119.142373409082,29463.10785383306,28503.388325128595,False
L2160_H24,validation,2160,90,24,long,113,113,44,24143,0,0,0.005157056324493938,0.0010120509890664637,0.004145005335427474,0.003703704643253314,0.0004273492816295743,0.0032763553616237395,0.584070796460177,0.5114121204589702,0.07265867600120679,0.0014084693326387706,-0.0005632131815313524,0.0004070608633061256,-0.0015626499683498163,0.4772727272727273,0.030624037274813304,-0.02718235238198304,1.1266146816311409,1.028648187576259,0.0425810978516056,9896.191075534385,-0.0034691779842855874,9896.191075534438,-0.010380892446556156,-0.003469177984283811,0.13372774868142373,0.0409863378656186,-0.24328817799002944,-0.014259541967657741,0.04014751169068167,0.0014084693326387706,-0.0005943476060265094,-0.0035985730140244395,10341.572718421998,9469.573227344981,8294.727879220249,10341.572718422005,9469.573227345058,8294.727879220214,False
L2160_H72,validation,2160,90,72,long,113,113,31,24143,0,0,0.013936590718486967,0.003120650775474234,0.010815939943012732,0.006636220973175622,0.0015236969244121212,0.0051125240487635,0.5575221238938053,0.5211880203802659,0.036334103513539384,0.011758909961978724,0.006297896226875599,0.010747151052016748,0.005291598330648739,0.5161290322580645,0.04910935884282022,-0.030172537258173624,1.62761780431696,1.7361256579380908,0.6517323790345095,13384.409556804438,0.10194834178847301,13384.409556804507,0.33844095568045063,0.101948341788475,0.16882538555376567,0.6595651657615714,-0.16143189694679827,0.6315253906857903,0.084819222141961,0.011758909961978724,0.009735392142054773,0.006700115412168814,13806.038570630686,12975.253821938433,11819.10485243953,13806.038570630722,12975.253821938484,11819.1048524395,False
L2160_H168,validation,2160,90,168,long,113,113,24,24143,0,0,0.029673649056033972,0.007830336452390849,0.021843312603643125,0.01918755789494342,0.004355968719088388,0.014831589175855031,0.6017699115044248,0.5321237728345968,0.06964613866982805,0.01998058664046926,0.005824814262562539,0.01896060605382881,0.0048189894483000595,0.625,0.06023168447125798,-0.04982452464188647,1.2088762492803076,2.0147937488005128,0.7413348372028461,14818.397209648461,0.1399394855442655,14818.397209648456,0.4818397209648455,0.13993948554426527,0.2094184962503187,0.7303017562140697,-0.15447906413406953,0.9058799412638491,0.15325248070562295,0.01998058664046926,0.017940625467188307,0.014880683707266917,15178.523051201937,14466.467823624653,13458.090747573237,15178.523051201868,14466.467823624625,13458.090747573167,False
L2160_H336,validation,2160,90,336,long,113,113,16,24143,0,0,0.07136387813378735,0.016009770303140783,0.055354107830646565,0.04453486432050702,0.007858501069353041,0.036676363251153976,0.6991150442477876,0.5451721138312414,0.15394293041654616,0.05479832867446375,0.035639791870995974,0.05374353034578929,0.03460415207912504,0.5625,0.1270783146132027,-0.04054404942659938,3.13432714320419,4.029849184119673,1.0526034700405782,21170.896847487365,0.28375066897715295,21170.896847487325,1.1170896847487324,0.28375066897715207,0.23577203614831185,1.177464950045038,-0.164082555925385,1.7293164856975107,0.20434931376649051,0.05479832867446375,0.05268873201711482,0.04952433703109144,21512.527796858027,20834.357168025403,19854.581459081186,21512.527796857965,20834.357168025235,19854.58145908087,False
L2160_H720,validation,2160,90,720,long,113,113,9,24143,0,0,0.1207453774336457,0.0386887272388089,0.0820566501948368,0.11608521810016481,0.020662662176109903,0.09542255592405491,0.7522123893805309,0.5690733606727145,0.1831390287078164,0.145764709306332,0.14283026914453023,0.1446189445970257,0.1416874388753857,0.6666666666666666,0.23895143262935112,-0.04404603146762517,5.425038866554546,10.850077733109092,1.374853809174787,30568.52059255872,0.45081003469215,29112.715138760166,1.9112715138760166,0.42742432244701734,0.24309624492716067,1.5855991245870358,-0.20183721965394286,2.117668501279653,0.24347032657871726,0.145764709306332,0.14347317988771932,0.14003588575980036,30845.01792029517,30294.228614517684,29484.431174262325,29361.352769161185,28865.937166946846,28136.640868200928,False
