signal_timestamp,exact_previous_timestamp,signal_close,previous_close,trailing_6h_return,expanding_p1,entry_timestamp,entry_price,exit_timestamp,exit_price,gross_return,net_return_10bps,period,MAE,MFE
2018-11-14 19:00:00+00:00,2018-11-14 13:00:00+00:00,5863.94,6363.4,-0.07848948675236511,-0.07659470290569605,2018-11-14 20:00:00+00:00,5861.21,2018-11-15 02:00:00+00:00,5837.87,-0.00398211290842676,-0.004978130795518343,discovery,-0.03486310847077656,0.013364134709386022
2018-11-20 08:00:00+00:00,2018-11-20 02:00:00+00:00,4514.68,5008.29,-0.09855858985801536,-0.07671548103574988,2018-11-20 09:00:00+00:00,4514.68,2018-11-20 15:00:00+00:00,4862.82,0.0771128850771261,0.07603577219204904,discovery,-0.0029193652706283046,0.0936810582366856
2018-11-20 21:00:00+00:00,2018-11-20 15:00:00+00:00,4542.55,4952.05,-0.08269302612049556,-0.07678252477991507,2018-11-20 22:00:00+00:00,4542.98,2018-11-21 04:00:00+00:00,4635.0,0.020255427054488573,0.019235171627434156,discovery,-0.03147273375625681,0.03456321621490743
2018-11-24 21:00:00+00:00,2018-11-24 15:00:00+00:00,4013.8,4372.02,-0.08193466635559765,-0.07684441433549427,2018-11-24 22:00:00+00:00,4015.0,2018-11-25 04:00:00+00:00,3768.92,-0.061290161892901596,-0.06222887173100866,discovery,-0.06600249066002495,0.019895392278953983
2018-12-07 01:00:00+00:00,2018-12-06 19:00:00+00:00,3407.38,3694.44,-0.07770054460215892,-0.07767182145172795,2018-12-07 02:00:00+00:00,3408.29,2018-12-07 08:00:00+00:00,3398.38,-0.0029076164293531104,-0.0039047088129237073,discovery,-0.019731302207265267,0.013443691704637883
2018-12-25 03:00:00+00:00,2018-12-24 21:00:00+00:00,3709.1,4052.57,-0.08475362547716636,-0.07736015580974237,2018-12-25 04:00:00+00:00,3709.1,2018-12-25 10:00:00+00:00,3779.45,0.018966865277290967,0.017947898412013608,discovery,-0.00015637216575448143,0.022733277614515712
2019-02-24 14:00:00+00:00,2019-02-24 08:00:00+00:00,3789.98,4137.9,-0.08408129727639613,-0.0748896633589031,2019-02-24 15:00:00+00:00,3789.98,2019-02-24 21:00:00+00:00,3793.46,0.000918210650188156,-8.270756046202532e-05,discovery,-0.020401163066823602,0.01069926490377271
2019-05-17 03:00:00+00:00,2019-05-16 21:00:00+00:00,7344.03,7917.64,-0.07244709282058803,-0.07228898863530776,2019-05-17 04:00:00+00:00,7343.94,2019-05-17 10:00:00+00:00,7292.18,-0.007047987864824523,-0.008040939876959752,discovery,-0.026363232815082904,0.019888506714379472
2019-05-30 21:00:00+00:00,2019-05-30 15:00:00+00:00,8211.63,8941.25,-0.08160156577659727,-0.07228589804681543,2019-05-30 22:00:00+00:00,8210.06,2019-05-31 04:00:00+00:00,8263.84,0.006550500239949519,0.005543949739709619,discovery,-0.005288633700606282,0.02167341042574611
2019-06-26 22:00:00+00:00,2019-06-26 16:00:00+00:00,12616.72,13714.99,-0.08007807515718202,-0.07158905106442078,2019-06-26 23:00:00+00:00,12619.53,2019-06-27 05:00:00+00:00,12950.63,0.02623711025687947,0.025210873146622514,discovery,-0.009471826605269795,0.0680302673712887
2019-06-27 09:00:00+00:00,2019-06-27 03:00:00+00:00,11928.0,12982.04,-0.08119217010577695,-0.07184856747490333,2019-06-27 10:00:00+00:00,11927.99,2019-06-27 16:00:00+00:00,11830.0,-0.008215130965066209,-0.00920691583410116,discovery,-0.02959341850554864,0.03621817255044646
2019-06-27 17:00:00+00:00,2019-06-27 11:00:00+00:00,11050.16,12261.63,-0.09880170907130614,-0.07214243855591664,2019-06-27 18:00:00+00:00,11056.33,2019-06-28 00:00:00+00:00,11329.99,0.024751431985116312,0.023726680553131096,discovery,-0.04804758902818562,0.04609757487339827
2019-07-01 14:00:00+00:00,2019-07-01 08:00:00+00:00,10305.94,11178.08,-0.07802234372987127,-0.07228957128861618,2019-07-01 15:00:00+00:00,10294.35,2019-07-01 21:00:00+00:00,10524.29,0.02233652440416356,0.02131418787975936,discovery,-0.02567913467096028,0.029691044116432863
2019-07-02 05:00:00+00:00,2019-07-01 23:00:00+00:00,9820.75,10624.93,-0.07568802806230257,-0.07231416374727537,2019-07-02 06:00:00+00:00,9823.07,2019-07-02 12:00:00+00:00,9993.96,0.017396801610901624,0.016379404809290676,discovery,-0.009780038216158471,0.0536420894893348
2019-07-10 19:00:00+00:00,2019-07-10 13:00:00+00:00,12070.96,13035.0,-0.07395780590717305,-0.07228821176422986,2019-07-10 20:00:00+00:00,12070.96,2019-07-11 02:00:00+00:00,11998.62,-0.005992895345523386,-0.0069869024501778565,discovery,-0.041584099359122995,0.011708265125557782
2019-07-16 17:00:00+00:00,2019-07-16 11:00:00+00:00,9679.95,10682.8,-0.09387520125809701,-0.07227515701827888,2019-07-16 18:00:00+00:00,9681.45,2019-07-17 00:00:00+00:00,9430.17,-0.02595478983003585,-0.026928835040205823,discovery,-0.03423454131354298,0.011427007318118632
2019-09-24 18:00:00+00:00,2019-09-24 12:00:00+00:00,8635.95,9684.49,-0.108270027642137,-0.07044811746525163,2019-09-24 19:00:00+00:00,8635.94,2019-09-25 01:00:00+00:00,8674.43,0.004456955467499801,0.0034524985120323315,discovery,-0.09679780081844025,0.022258144452138362
2019-10-23 15:00:00+00:00,2019-10-23 09:00:00+00:00,7425.95,7991.21,-0.07073522032333024,-0.07030756232407602,2019-10-23 16:00:00+00:00,7425.96,2019-10-23 22:00:00+00:00,7428.58,0.0003528163362043202,-0.0006475364801319383,discovery,-0.01696211668255687,0.014757687894898508
2019-11-22 10:00:00+00:00,2019-11-22 04:00:00+00:00,7080.32,7613.6,-0.0700430808027741,-0.06944041895142353,2019-11-22 11:00:00+00:00,7080.33,2019-11-22 17:00:00+00:00,7126.54,0.006526531955431514,0.005520005423476082,discovery,-0.041005150889859676,0.01972648167528912
2020-03-12 10:00:00+00:00,2020-03-12 04:00:00+00:00,6014.9,7624.3,-0.2110882310507195,-0.06688334390815283,2020-03-12 11:00:00+00:00,6014.9,2020-03-12 17:00:00+00:00,6088.59,0.012251242747177926,0.01123899150443064,discovery,-0.04658597815425025,0.0749970905584465
2020-03-12 23:00:00+00:00,2020-03-12 17:00:00+00:00,4800.0,6114.61,-0.21499490564402302,-0.06717985549954801,2020-03-13 00:00:00+00:00,4800.01,2020-03-13 06:00:00+00:00,4959.16,0.033156180924623024,0.032123024743698325,discovery,-0.21205789154605925,0.15067051943641774
2020-03-13 16:00:00+00:00,2020-03-13 10:00:00+00:00,5196.73,5595.31,-0.07123465902693515,-0.06797506580174552,2020-03-13 17:00:00+00:00,5196.77,2020-03-13 23:00:00+00:00,5603.36,0.07823898306063182,0.07716074407757123,discovery,-0.07500235723343551,0.08144097198836953
2020-03-16 03:00:00+00:00,2020-03-15 21:00:00+00:00,5273.34,5903.77,-0.106784309009328,-0.06812915351128977,2020-03-16 04:00:00+00:00,5272.23,2020-03-16 10:00:00+00:00,4820.07,-0.08576257105627028,-0.08667680848521397,discovery,-0.09393178977396655,0.004849940158149435
2020-03-16 09:00:00+00:00,2020-03-16 03:00:00+00:00,4820.6,5273.34,-0.08585450587293819,-0.06856994916768902,2020-03-16 10:00:00+00:00,4820.07,2020-03-16 16:00:00+00:00,5144.53,0.06731437510243632,0.06624706072733377,discovery,-0.0784117243110577,0.07363586006012368
2020-03-20 20:00:00+00:00,2020-03-20 14:00:00+00:00,5963.79,6604.26,-0.09697831399732904,-0.06887621379094698,2020-03-20 21:00:00+00:00,5970.09,2020-03-21 03:00:00+00:00,6278.71,0.051694363066553395,0.05064266870348688,discovery,-0.011534164476582509,0.06866060645651895
2020-03-28 03:00:00+00:00,2020-03-27 21:00:00+00:00,6116.92,6675.64,-0.0836953460641976,-0.06881532626141074,2020-03-28 04:00:00+00:00,6116.88,2020-03-28 10:00:00+00:00,6251.53,0.022012856227357602,0.02099084337113033,discovery,-0.0035769869606727678,0.028302010175121906
2020-04-30 09:00:00+00:00,2020-04-30 03:00:00+00:00,8634.15,9288.98,-0.0704953611699024,-0.06791477188372384,2020-04-30 10:00:00+00:00,8634.15,2020-04-30 16:00:00+00:00,8776.94,0.016537817851207226,0.015521280033355955,discovery,-0.010606718669469495,0.03764470156297972
2020-05-10 00:00:00+00:00,2020-05-09 18:00:00+00:00,8703.67,9738.78,-0.10628744052129735,-0.06773576323428478,2020-05-10 01:00:00+00:00,8703.56,2020-05-10 07:00:00+00:00,8602.44,-0.011618234377656855,-0.012606616143279181,discovery,-0.04452890541341703,0.008208135521556859
2020-06-11 16:00:00+00:00,2020-06-11 10:00:00+00:00,9117.01,9798.08,-0.06951055717038435,-0.06755330291390843,2020-06-11 17:00:00+00:00,9117.01,2020-06-11 23:00:00+00:00,9324.75,0.022785979175190096,0.02176319319601494,discovery,-0.00043983718346263245,0.03098274543956836
2020-11-26 08:00:00+00:00,2020-11-26 02:00:00+00:00,16878.8,18400.98,-0.0827227680264856,-0.06467722238311135,2020-11-26 09:00:00+00:00,16878.8,2020-11-26 15:00:00+00:00,16732.23,-0.008683674194847946,-0.009674990520653126,discovery,-0.013426309927245916,0.032118989501623396
2020-12-21 12:00:00+00:00,2020-12-21 06:00:00+00:00,22307.5,23921.73,-0.06747965134628642,-0.06434762431095492,2020-12-21 13:00:00+00:00,22307.5,2020-12-21 19:00:00+00:00,22813.65,0.02268967835929625,0.02166698868093686,discovery,-0.002522470021293355,0.030532332175277288
2021-01-04 09:00:00+00:00,2021-01-04 03:00:00+00:00,31038.63,33505.16,-0.07361642206752639,-0.06425111650061857,2021-01-04 10:00:00+00:00,31038.35,2021-01-04 16:00:00+00:00,31745.71,0.022789871239933923,0.021767081368694097,discovery,-0.09370182371163416,0.036964593800894674
2021-01-11 03:00:00+00:00,2021-01-10 21:00:00+00:00,35438.23,38055.3,-0.06877018444211447,-0.06425277598902751,2021-01-11 04:00:00+00:00,35438.23,2021-01-11 10:00:00+00:00,35765.98,0.009248486733112848,0.008239238246379843,discovery,-0.08183901961243556,0.01585067877261337
2021-01-11 15:00:00+00:00,2021-01-11 09:00:00+00:00,31580.0,35765.98,-0.11703803446739058,-0.06459679441625701,2021-01-11 16:00:00+00:00,31582.82,2021-01-11 22:00:00+00:00,33962.22,0.07533842766415422,0.07426308923649017,discovery,-0.03681811820477077,0.09128950486372012
2021-01-12 13:00:00+00:00,2021-01-12 07:00:00+00:00,33291.06,36413.6,-0.08575202671529325,-0.06466158587942629,2021-01-12 14:00:00+00:00,33286.0,2021-01-12 20:00:00+00:00,34686.1,0.04206272907528685,0.0410206663462116,discovery,-0.022682208736405696,0.06801658354863904
2021-01-13 00:00:00+00:00,2021-01-12 18:00:00+00:00,32526.5,35040.78,-0.07175296896929806,-0.0647573424204233,2021-01-13 01:00:00+00:00,32526.93,2021-01-13 07:00:00+00:00,33780.68,0.038544984110089775,0.03750643912597962,discovery,-0.0012242163647168125,0.056832292503473436
2021-01-15 15:00:00+00:00,2021-01-15 09:00:00+00:00,35610.72,38679.36,-0.0793353354347125,-0.06476460405785656,2021-01-15 16:00:00+00:00,35610.79,2021-01-15 22:00:00+00:00,36233.76,0.01749385509279633,0.016476361237703463,discovery,-0.033775998791377604,0.023103110040524344
2021-01-21 11:00:00+00:00,2021-01-21 05:00:00+00:00,32208.62,34562.7,-0.06811041961420838,-0.0647866280454979,2021-01-21 12:00:00+00:00,32206.89,2021-01-21 18:00:00+00:00,31912.37,-0.009144627127921967,-0.01013548250079399,discovery,-0.03632421509807371,0.017928461891228764
2021-01-22 00:00:00+00:00,2021-01-21 18:00:00+00:00,29528.31,31742.68,-0.06976002026293937,-0.06499791385853364,2021-01-22 01:00:00+00:00,29524.48,2021-01-22 07:00:00+00:00,31542.6,0.06835412511922301,0.06728577099410371,discovery,-0.0228447715251886,0.08902510730078905
2021-01-29 18:00:00+00:00,2021-01-29 12:00:00+00:00,35202.46,37840.07,-0.06970415223861903,-0.06501118644117279,2021-01-29 19:00:00+00:00,35204.22,2021-01-30 01:00:00+00:00,34250.1,-0.02710243260609102,-0.028075330173484958,discovery,-0.04840953726570285,0.004343797419741113
2021-02-22 13:00:00+00:00,2021-02-22 07:00:00+00:00,52070.47,56422.92,-0.07713975100898707,-0.0648121994099799,2021-02-22 14:00:00+00:00,52066.99,2021-02-22 20:00:00+00:00,53587.41,0.029201227111457895,0.02817202588434653,discovery,-0.08537059661025148,0.03699099947970885
2021-02-23 05:00:00+00:00,2021-02-22 23:00:00+00:00,49950.0,54087.67,-0.07649932045510555,-0.06489953918570401,2021-02-23 06:00:00+00:00,49952.49,2021-02-23 12:00:00+00:00,46359.14,-0.0719353529723944,-0.07286341761942206,discovery,-0.10129485036681851,0.025814528965423023
2021-02-23 11:00:00+00:00,2021-02-23 05:00:00+00:00,46369.29,49950.0,-0.07168588588588587,-0.06513922507543908,2021-02-23 12:00:00+00:00,46359.14,2021-02-23 18:00:00+00:00,47163.74,0.017355800819428557,0.016338445018609038,discovery,-0.01231774359921256,0.06990768163516403
2021-02-23 19:00:00+00:00,2021-02-23 13:00:00+00:00,45523.0,48750.0,-0.06619487179487182,-0.0652068807568739,2021-02-23 20:00:00+00:00,45523.02,2021-02-24 02:00:00+00:00,50191.68,0.10255602550094434,0.10145346947544343,discovery,-0.005975438360635965,0.10329279560099502
2021-03-15 09:00:00+00:00,2021-03-15 03:00:00+00:00,55867.91,60379.99,-0.07472806802386012,-0.06504247181453653,2021-03-15 10:00:00+00:00,55871.29,2021-03-15 16:00:00+00:00,56224.14,0.006315408146115864,0.005309092737969756,discovery,-0.01469967849319398,0.025794643366924275
2021-03-24 23:00:00+00:00,2021-03-24 17:00:00+00:00,52303.65,56125.89,-0.06810119180292729,-0.06488259903531095,2021-03-25 00:00:00+00:00,52303.66,2021-03-25 06:00:00+00:00,52686.15,0.007312872559970041,0.006305559687409978,discovery,-0.015365272717052791,0.011401496568308911
2021-04-18 03:00:00+00:00,2021-04-17 21:00:00+00:00,55014.46,60713.98,-0.09387491974665474,-0.0646234345771519,2021-04-18 04:00:00+00:00,55000.01,2021-04-18 10:00:00+00:00,54972.0,-0.0005092726346777043,-0.0015087633620429752,discovery,-0.019549996445455187,0.02776417677014975
2021-05-12 23:00:00+00:00,2021-05-12 17:00:00+00:00,49631.32,54865.13,-0.0953941055092733,-0.06450892869280678,2021-05-13 00:00:00+00:00,49537.15,2021-05-13 06:00:00+00:00,50884.09,0.027190502481470924,0.026163311978989467,discovery,-0.07140398670492754,0.031072841291838627
2021-05-16 18:00:00+00:00,2021-05-16 12:00:00+00:00,45380.56,48622.62,-0.06667801940742812,-0.06473885368170659,2021-05-16 19:00:00+00:00,45409.99,2021-05-17 01:00:00+00:00,45551.72,0.0031211193836422346,0.002117998264258514,discovery,-0.034895405174059646,0.02809976395061975
2021-05-17 17:00:00+00:00,2021-05-17 11:00:00+00:00,42587.21,45731.39,-0.06875321305562765,-0.06491083261929939,2021-05-17 18:00:00+00:00,42586.21,2021-05-18 00:00:00+00:00,43538.02,0.022350192703224803,0.021327842510521666,discovery,-0.0067019347342718305,0.05525239273464333
2021-05-19 02:00:00+00:00,2021-05-18 20:00:00+00:00,40325.01,43256.56,-0.06777122360169174,-0.06500170602500197,2021-05-19 03:00:00+00:00,40324.57,2021-05-19 09:00:00+00:00,40462.39,0.0034177673810285025,0.002414349613647504,discovery,-0.044007164862514325,0.01798952846862334
2021-05-19 12:00:00+00:00,2021-05-19 06:00:00+00:00,35234.62,39378.54,-0.10523295175494063,-0.06520395882696665,2021-05-19 13:00:00+00:00,35234.62,2021-05-19 19:00:00+00:00,37961.01,0.07737815818646543,0.07630078002827889,discovery,-0.14856467871655776,0.14779157544483223
2021-05-19 23:00:00+00:00,2021-05-19 17:00:00+00:00,36690.09,39370.61,-0.06808428927060073,-0.06543247285130327,2021-05-20 00:00:00+00:00,36671.23,2021-05-20 06:00:00+00:00,39936.75,0.08904855386634147,0.0879595053124751,discovery,-0.04966372821418874,0.08995525920455893
2021-05-21 15:00:00+00:00,2021-05-21 09:00:00+00:00,36794.57,40876.67,-0.09986380984556709,-0.06544877050428853,2021-05-21 16:00:00+00:00,36803.28,2021-05-21 22:00:00+00:00,36592.48,-0.005727750352685801,-0.006722022602333122,discovery,-0.09008110146704318,0.027782034644738163
2021-05-23 08:00:00+00:00,2021-05-23 02:00:00+00:00,34376.0,37470.16,-0.08257664232018236,-0.06561667010512527,2021-05-23 09:00:00+00:00,34376.0,2021-05-23 15:00:00+00:00,33891.91,-0.01408220851757025,-0.015068126309052632,discovery,-0.05166395159413539,0.04207033977193397
2021-05-23 16:00:00+00:00,2021-05-23 10:00:00+00:00,32237.0,35004.81,-0.07906941931694522,-0.06598062612558205,2021-05-23 17:00:00+00:00,32237.0,2021-05-23 23:00:00+00:00,33825.84,0.049286223904209336,0.048236937680305125,discovery,-0.014241709836523286,0.08223469925861582
2021-06-21 06:00:00+00:00,2021-06-21 00:00:00+00:00,32776.44,35575.15,-0.07867036400408711,-0.06559054540008798,2021-06-21 07:00:00+00:00,32776.44,2021-06-21 13:00:00+00:00,32285.18,-0.014988204942330552,-0.015973216737388274,discovery,-0.03253678556914674,0.024428522438678435
2021-06-22 12:00:00+00:00,2021-06-22 06:00:00+00:00,29895.08,32860.62,-0.0902460148347779,-0.06559907686517152,2021-06-22 13:00:00+00:00,29890.83,2021-06-22 19:00:00+00:00,32986.41,0.10356286526670555,0.10245930240143886,discovery,-0.03632652555984561,0.11401322746808962
2021-09-07 14:00:00+00:00,2021-09-07 08:00:00+00:00,47374.1,51192.7,-0.07459266653253294,-0.06472914466217772,2021-09-07 15:00:00+00:00,47300.0,2021-09-07 21:00:00+00:00,46795.28,-0.010670613107822469,-0.011659942494714692,discovery,-0.09422727272727272,0.03415687103594078
2021-09-24 12:00:00+00:00,2021-09-24 06:00:00+00:00,41182.76,44118.14,-0.06653453658744446,-0.06480021283287896,2021-09-24 13:00:00+00:00,41182.76,2021-09-24 19:00:00+00:00,42152.07,0.023536790637635585,0.02251325384699787,discovery,-0.008230142904458115,0.03635428999901902
2021-11-26 11:00:00+00:00,2021-11-26 05:00:00+00:00,53719.3,57839.05,-0.07122782964104701,-0.06420471124786906,2021-11-26 12:00:00+00:00,53719.31,2021-11-26 18:00:00+00:00,54212.92,0.009188688387844257,0.008179499699456416,discovery,-0.004082517068815572,0.021576412653103727
2021-12-04 05:00:00+00:00,2021-12-03 23:00:00+00:00,47538.03,53601.05,-0.11311382892685873,-0.06417238688998231,2021-12-04 06:00:00+00:00,47538.02,2021-12-04 12:00:00+00:00,46489.66,-0.02205308508852477,-0.023031032003436258,discovery,-0.029582847581788196,0.010073621072143935
2022-01-05 21:00:00+00:00,2022-01-05 15:00:00+00:00,43606.37,46622.53,-0.06469318589102724,-0.06409242055368042,2022-01-05 22:00:00+00:00,43602.49,2022-01-06 04:00:00+00:00,42835.0,-0.017601976400889008,-0.018584374424488126,validation,-0.025285023859875855,0.004896738695427727
2022-01-21 01:00:00+00:00,2022-01-20 19:00:00+00:00,39762.99,42917.32,-0.07349783257668474,-0.06390519114085569,2022-01-21 02:00:00+00:00,39763.0,2022-01-21 08:00:00+00:00,39136.31,-0.015760631743077846,-0.016744871111334825,validation,-0.03880491914593964,0.01300203706963754
2022-01-21 22:00:00+00:00,2022-01-21 16:00:00+00:00,36117.6,38720.72,-0.06722808873388719,-0.06409869305086412,2022-01-21 23:00:00+00:00,36123.85,2022-01-22 05:00:00+00:00,36278.52,0.004281658793290344,0.0032773771344971614,validation,-0.009500371638128113,0.021208979663020378
2022-02-24 03:00:00+00:00,2022-02-23 21:00:00+00:00,34936.89,37513.07,-0.06867419808616038,-0.06368640060204037,2022-02-24 04:00:00+00:00,34936.9,2022-02-24 10:00:00+00:00,35345.53,0.01169622948801985,0.010684533258531914,validation,-0.017592287810309526,0.027137496457899868
2022-03-10 05:00:00+00:00,2022-03-09 23:00:00+00:00,39209.53,41941.71,-0.06514231298628503,-0.06368048339430869,2022-03-10 06:00:00+00:00,39212.19,2022-03-10 12:00:00+00:00,39076.39,-0.003463208762377268,-0.004459745553614947,validation,-0.01096725278542221,0.005401636582909486
2022-05-05 15:00:00+00:00,2022-05-05 09:00:00+00:00,36909.67,39485.25,-0.06522891459469049,-0.06315020040463247,2022-05-05 16:00:00+00:00,36909.67,2022-05-05 22:00:00+00:00,36458.58,-0.01222145849583578,-0.013209237037339894,validation,-0.03624443133737032,0.011171327188782776
2022-05-09 19:00:00+00:00,2022-05-09 13:00:00+00:00,30944.82,33036.38,-0.06331081068809585,-0.06326127718517346,2022-05-09 20:00:00+00:00,30940.62,2022-05-10 02:00:00+00:00,30888.8,-0.0016748209958300508,-0.0026731461748342733,validation,-0.03911427760658959,0.031006812403888473
2022-05-11 20:00:00+00:00,2022-05-11 14:00:00+00:00,28486.14,31811.78,-0.10454114796468472,-0.06326626437593816,2022-05-11 21:00:00+00:00,28499.94,2022-05-12 03:00:00+00:00,28809.83,0.01087335622460972,0.009862482868385092,validation,-0.02508566684701785,0.06116012875816579
2022-05-12 05:00:00+00:00,2022-05-11 23:00:00+00:00,27128.94,29103.94,-0.06786022785918333,-0.06326781939538623,2022-05-12 06:00:00+00:00,27128.93,2022-05-12 12:00:00+00:00,28472.98,0.04954305237987633,0.04849350932749652,validation,-0.013967745871289461,0.07980668607276442
2022-06-07 02:00:00+00:00,2022-06-06 20:00:00+00:00,29402.08,31462.49,-0.06548782375457252,-0.06315547607928645,2022-06-07 03:00:00+00:00,29402.09,2022-06-07 09:00:00+00:00,29652.76,0.008525584405734365,0.007517058821328693,validation,-0.0021117546405714505,0.011276069150186308
2022-06-13 02:00:00+00:00,2022-06-12 20:00:00+00:00,25341.4,27377.0,-0.0743543850677576,-0.06314646742645676,2022-06-13 03:00:00+00:00,25341.39,2022-06-13 09:00:00+00:00,24182.6,-0.04572716808351873,-0.046681440915435246,validation,-0.04689995300178873,0.03614324233990329
2022-06-13 12:00:00+00:00,2022-06-13 06:00:00+00:00,23683.31,25358.14,-0.06604703657287159,-0.06322727466708405,2022-06-13 13:00:00+00:00,23683.3,2022-06-13 19:00:00+00:00,23375.02,-0.013016767089045866,-0.014003750321956776,validation,-0.04574109182419672,0.022009179464010487
2022-06-14 00:00:00+00:00,2022-06-13 18:00:00+00:00,21759.51,23375.01,-0.06911226989849417,-0.06324902399138026,2022-06-14 01:00:00+00:00,21759.51,2022-06-14 07:00:00+00:00,22633.81,0.04018013273276844,0.03913995260003578,validation,-0.04198210345729281,0.07368594237645998
2022-06-15 07:00:00+00:00,2022-06-15 01:00:00+00:00,20722.92,22163.99,-0.06501852780117678,-0.06327322728618366,2022-06-15 08:00:00+00:00,20722.92,2022-06-15 14:00:00+00:00,21561.49,0.040465822384104344,0.03942535656172019,validation,-0.029498738594753937,0.05192463224294652
2022-06-18 08:00:00+00:00,2022-06-18 02:00:00+00:00,19008.88,20475.28,-0.0716180682266615,-0.06331536376026542,2022-06-18 09:00:00+00:00,19008.89,2022-06-18 15:00:00+00:00,19077.58,0.0036135723863941482,0.002609958814007829,validation,-0.005675239322233017,0.027940084876076465
2022-06-18 20:00:00+00:00,2022-06-18 14:00:00+00:00,17809.0,19077.58,-0.06649585534433622,-0.0633596003333991,2022-06-18 21:00:00+00:00,17808.99,2022-06-19 03:00:00+00:00,18380.1,0.03206863499839119,0.031036566363392692,validation,-0.002561066068317186,0.09457246031358313
2022-09-13 15:00:00+00:00,2022-09-13 09:00:00+00:00,20829.77,22381.47,-0.06932967316266536,-0.06269062691152293,2022-09-13 16:00:00+00:00,20829.77,2022-09-13 22:00:00+00:00,20131.58,-0.033518853064628096,-0.03448533421156352,validation,-0.04655692309612636,0.004702884381344585
2022-09-21 23:00:00+00:00,2022-09-21 17:00:00+00:00,18461.36,19867.93,-0.07079600139521325,-0.06270948952695304,2022-09-22 00:00:00+00:00,18461.36,2022-09-22 06:00:00+00:00,18669.13,0.011254317125065638,0.010243062807940628,validation,-0.005685929963989755,0.018794931684339655
2022-09-27 17:00:00+00:00,2022-09-27 11:00:00+00:00,18957.2,20229.26,-0.0628821815528594,-0.0627380018511307,2022-09-27 18:00:00+00:00,18957.95,2022-09-28 00:00:00+00:00,19078.1,0.006337710564697119,0.005331372854132432,validation,-0.007470744463404566,0.011712764302047374
2022-11-08 19:00:00+00:00,2022-11-08 13:00:00+00:00,18256.64,19554.76,-0.06638383697882255,-0.0625019890319514,2022-11-08 20:00:00+00:00,18255.24,2022-11-09 02:00:00+00:00,18321.46,0.0036274516248484545,0.00262382417322371,validation,-0.02436286786697961,0.026006779423332516
2022-11-09 20:00:00+00:00,2022-11-09 14:00:00+00:00,16237.79,17649.62,-0.0799920904812681,-0.06254477111019885,2022-11-09 21:00:00+00:00,16237.79,2022-11-10 03:00:00+00:00,16210.23,-0.001697275306553503,-0.0026955780312469813,validation,-0.04001714519032462,0.012789301992450763
2023-03-09 20:00:00+00:00,2023-03-09 14:00:00+00:00,20116.66,21722.89,-0.07394181897528362,-0.0614112404069054,2023-03-09 21:00:00+00:00,20119.83,2023-03-10 03:00:00+00:00,20040.44,-0.003945858389459711,-0.004941912531070236,validation,-0.017078176107849896,0.018644789742259027
2023-04-26 19:00:00+00:00,2023-04-26 13:00:00+00:00,27884.24,29847.06,-0.06576259102236537,-0.060955395209634486,2023-04-26 20:00:00+00:00,27884.25,2023-04-27 02:00:00+00:00,28741.72,0.030751051220671233,0.029720300169450597,validation,-0.023283753373320115,0.05724557770067329
2024-01-03 14:00:00+00:00,2024-01-03 08:00:00+00:00,42179.99,45200.0,-0.06681438053097355,-0.05898418588258022,2024-01-03 15:00:00+00:00,42180.0,2024-01-03 21:00:00+00:00,42721.02,0.012826458036984345,0.011813631578947437,validation,-0.004267425320056861,0.03290469416785191
2024-03-05 19:00:00+00:00,2024-03-05 13:00:00+00:00,61410.98,67770.01,-0.09383250791906317,-0.05842796220587554,2024-03-05 20:00:00+00:00,61410.98,2024-03-06 02:00:00+00:00,63108.6,0.02764359077155243,0.026615947180780974,validation,-0.003958086974023223,0.04813943695410816
2024-04-13 20:00:00+00:00,2024-04-13 14:00:00+00:00,61816.02,67559.56,-0.08501446723454087,-0.057965820794117245,2024-04-13 21:00:00+00:00,61816.01,2024-04-14 03:00:00+00:00,63084.18,0.020515235454374947,0.019494720218920625,validation,-0.001989937558247501,0.06134462576927868
2024-07-05 04:00:00+00:00,2024-07-04 22:00:00+00:00,53941.1,58038.84,-0.07060340971666557,-0.05742423804336189,2024-07-05 05:00:00+00:00,53941.1,2024-07-05 11:00:00+00:00,54987.99,0.019408020971022122,0.01838861295005101,validation,-0.0025954235267726666,0.026436613268917553
2024-08-05 01:00:00+00:00,2024-08-04 19:00:00+00:00,54432.65,59257.66,-0.0814242411867091,-0.05719001124918113,2024-08-05 02:00:00+00:00,54432.65,2024-08-05 08:00:00+00:00,52674.2,-0.03230505955524865,-0.033272754495693446,validation,-0.09980498836635732,0.005279000746794438
2024-09-06 18:00:00+00:00,2024-09-06 12:00:00+00:00,53352.67,56873.99,-0.061914418172524854,-0.057161085714990664,2024-09-06 19:00:00+00:00,53352.67,2024-09-07 01:00:00+00:00,53914.0,0.01052112293536589,0.009510601812430464,validation,-0.015044607889352135,0.013925826017704424
2025-02-28 05:00:00+00:00,2025-02-27 23:00:00+00:00,79973.79,84708.58,-0.05589504628692876,-0.05587457492258871,2025-02-28 06:00:00+00:00,79973.79,2025-02-28 12:00:00+00:00,80512.97,0.006741958834263206,0.0057352168754289945,recent,-0.021447901868849706,0.011011982800865239
2025-03-03 18:00:00+00:00,2025-03-03 12:00:00+00:00,87132.8,93027.34,-0.06336352302452153,-0.05589349474914655,2025-03-03 19:00:00+00:00,87132.8,2025-03-04 01:00:00+00:00,86046.43,-0.01246797991112425,-0.013455511931213082,recent,-0.02313353869036694,0.006786537331521458
2025-03-10 17:00:00+00:00,2025-03-10 11:00:00+00:00,78459.91,83582.0,-0.061282213873800506,-0.05589677636683814,2025-03-10 18:00:00+00:00,78459.9,2025-03-11 00:00:00+00:00,78595.86,0.0017328597156001102,0.0007311268558845008,recent,-0.01274523673876704,0.018176546235720403
2025-11-20 18:00:00+00:00,2025-11-20 12:00:00+00:00,86486.27,91839.25,-0.0582864080444907,-0.054427685985908934,2025-11-20 19:00:00+00:00,86486.27,2025-11-21 01:00:00+00:00,87285.24,0.00923811374915351,0.008228875635404309,recent,-0.004466258054602212,0.02039317917167649
2025-12-01 04:00:00+00:00,2025-11-30 22:00:00+00:00,85801.03,91225.28,-0.05945994355950457,-0.05435704516499692,2025-12-01 05:00:00+00:00,85801.03,2025-12-01 11:00:00+00:00,86647.73,0.009868179904134022,0.008858311724229795,recent,-0.002296359379368784,0.013251356073464393
2026-01-31 18:00:00+00:00,2026-01-31 12:00:00+00:00,78038.38,82762.0,-0.05707474444793503,-0.05375426911577034,2026-01-31 19:00:00+00:00,78038.39,2026-02-01 01:00:00+00:00,78902.31,0.011070448788089937,0.010059378339301928,recent,-0.012122879521220264,0.017755491880342422
2026-02-03 18:00:00+00:00,2026-02-03 12:00:00+00:00,73139.13,78330.26,-0.06627234481284738,-0.05383571085083982,2026-02-03 19:00:00+00:00,73139.12,2026-02-04 01:00:00+00:00,75910.88,0.03789709255457274,0.0368591954620181,recent,-0.0026472836971513924,0.05224126295202902
2026-02-05 15:00:00+00:00,2026-02-05 09:00:00+00:00,67489.07,71550.0,-0.05675653389238289,-0.05386625651414025,2026-02-05 16:00:00+00:00,67489.08,2026-02-05 22:00:00+00:00,63213.34,-0.06335454565390441,-0.06429119110825054,recent,-0.07622092344420761,0.017672933161927862
2026-02-05 21:00:00+00:00,2026-02-05 15:00:00+00:00,63213.34,67489.07,-0.06335440686914207,-0.05404980173741011,2026-02-05 22:00:00+00:00,63213.34,2026-02-06 04:00:00+00:00,64168.33,0.015107412454396618,0.014092305041942144,recent,-0.05083325766365132,0.04424161102703961
2026-06-24 17:00:00+00:00,2026-06-24 11:00:00+00:00,59404.0,62921.19,-0.05589833885849904,-0.05304812996790111,2026-06-24 18:00:00+00:00,59404.0,2026-06-25 00:00:00+00:00,61078.0,0.028179920544071146,0.0271517406235271,recent,-0.001568076223823378,0.031513029425627836
2026-06-25 13:00:00+00:00,2026-06-25 07:00:00+00:00,58290.17,61911.04,-0.058485045639679156,-0.05309593594684372,2026-06-25 14:00:00+00:00,58291.7,2026-06-25 20:00:00+00:00,59319.99,0.017640418790325185,0.01662277837153492,recent,0.0,0.037635032088616516
