discovery_rank,rule_id,lookback_h,tail,percentile,percentile_label,direction,thesis,hold_h,short_theoretical,old_classification,new_classification,year_ok,year_note,disc_n_trades,disc_n_events,disc_mean_net_trade,disc_strat_diff_mean,disc_trade_sharpe,disc_mtm_sharpe,disc_mtm_end_cap,disc_mtm_max_dd,disc_mtm_vol,disc_mtm_cagr,disc_mtm_calmar,disc_mtm_exposure,val_n_trades,val_n_events,val_mean_net_trade,val_strat_diff_mean,val_strat_cond_mean,val_strat_uncond_mean,val_trade_sharpe,val_mtm_sharpe,val_mtm_end_cap,val_mtm_max_dd,val_mtm_vol,val_mtm_cagr,val_mtm_calmar,val_mtm_exposure,val_mean_net_0bps,val_mean_net_20bps,val_mean_net_50bps,rec_n_trades,rec_n_events,rec_mean_net_trade,rec_strat_diff_mean,rec_trade_sharpe,rec_mtm_sharpe,rec_mtm_end_cap,rec_mtm_max_dd,rec_mtm_vol,rec_mtm_cagr,rec_mtm_exposure
1,L12_up_p97.5_continuation_long_H168,12,up,0.975,p97.5,long,continuation,168,False,STRONG SURVIVOR,SURVIVES,True,years_with_positive_mean_net=8/9; max_positive_year_share=0.33; positive_outside_2020_2022=5,48,487,0.05059225346690278,0.014635021371018284,1.6664105649836753,1.338710273386929,86142.6551989844,-0.36805153565357407,0.4413288263968975,0.6354450734663533,1.7265111320292426,0.2104340545773266,34,275,0.02749801115159886,0.017697032606648254,0.025623412551301124,0.007926379944652872,1.0955121254497269,1.0819795305365443,22640.731834413862,-0.28375658423144434,0.290493175354609,0.3127707307208145,1.1022501259942745,0.21716154050868722,0.028526537689288145,0.02646948461390955,0.023383905000841716,9,65,0.003725173259809046,-0.026957144293489287,0.19145674157416634,0.17588175627440666,10253.926117556446,-0.13625075892404537,0.197898230267186,0.015304849251546848,0.10454985479186835
2,L6_down_p1_rebound_long_H6,6,down,0.01,p1,long,rebound,6,False,STRONG SURVIVOR,STRONG SURVIVOR,True,years_with_positive_mean_net=9/9; max_positive_year_share=0.63; positive_outside_2020_2022=6,62,161,0.015105321943481994,0.013907757413867487,1.5366490786168372,1.0979387692249347,24327.823753528333,-0.170449607703282,0.20433691192103198,0.22517814977082407,1.3210834146524602,0.009628214855707595,29,56,0.004621956023679154,0.004235347538520733,0.0044908181520933255,0.000255470613572593,0.6360828076605968,0.4563846296390323,11349.944258851776,-0.10541151114347469,0.10429361919807441,0.04307255203601956,0.40861336270375526,0.006615214994487321,0.005627583607286427,0.003616328440071847,0.0005994456892499782,11,19,0.004599293262709833,0.0029623261436439686,0.4508757898852665,0.4396712316506491,10480.605772082858,-0.07977433038802884,0.07027896293557068,0.02884168110754226,0.004563684137740285
3,L24_down_p1_rebound_long_H12,24,down,0.01,p1,long,rebound,12,False,FAIL,FAIL,True,years_with_positive_mean_net=6/8; max_positive_year_share=0.53; positive_outside_2020_2022=4,30,134,0.025234772603324854,0.017354555299563406,1.6107597953918733,0.8640542895417367,20635.56733915257,-0.3425925266319446,0.22051321528600387,0.1799651812403551,0.5253038734078868,0.009418905837105257,8,45,-0.0073712340319179726,0.002776128868426038,0.0032855262193854486,0.0005093973509594104,-0.3672951785228763,-0.14899863826304757,9389.892672283167,-0.19796834656018047,0.10433954287757011,-0.02074636804605101,-0.10479638996097952,0.00364977379006197,-0.006377611643561515,-0.008364856420274375,-0.011345723585343706,3,9,0.028418585334634334,0.035618701228594396,1.166291676956714,0.8163641615517028,10865.850260637739,-0.037059456075369646,0.0641245024735304,0.051585785126253336,0.0024892822569492464
4,L24_up_p97.5_continuation_long_H168,24,up,0.975,p97.5,long,continuation,168,False,SURVIVES,SURVIVES,True,years_with_positive_mean_net=5/9; max_positive_year_share=0.35; positive_outside_2020_2022=3,35,454,0.03989096155230513,0.011007945709779553,1.3942301474521603,0.9647307337922386,35514.375310362,-0.2966393430275267,0.3731820830583476,0.3357685517349802,1.1319083581702192,0.15334501975353862,23,235,0.03289690430424997,0.026574613574633962,0.034500993519286836,0.007926379944652872,1.0160890773718454,1.0414500566508667,19421.004921725827,-0.3437619485375526,0.23989118114753405,0.24739182135525928,0.7196602835413419,0.1469033950499943,0.033930835139389354,0.031862973469110586,0.02876118096369241,6,31,-0.032352056405839436,-0.05473288378968244,-1.1670860894502384,-0.7115966550456312,8146.409266693496,-0.23435392801589583,0.15709150335187583,-0.11677778211072054,0.0696999031945789
5,L72_down_p2.5_rebound_long_H24,72,down,0.025,p2.5,long,rebound,24,False,SURVIVES,SURVIVES,False,years_with_positive_mean_net=7/8; max_positive_year_share=0.74; positive_outside_2020_2022=4,34,347,0.03129126247234192,0.025532283725917593,1.438672378765362,0.9916433268338265,26946.405476637818,-0.37079764708974405,0.2645811355973127,0.25412600879098646,0.685349572160258,0.021349519897438583,16,230,0.011032665602073367,0.004621145618754801,0.005648578861798706,0.001027433243043905,0.3784991405780137,0.35827419561721274,11515.288226825638,-0.22300048167056963,0.17241567720660536,0.04810864153484751,0.2157333525669986,0.01459909516024788,0.012044710312385756,0.010020620891760972,0.006984486760823833,5,48,0.008328379158724286,0.0326971451544402,0.49331504318606,0.3211692461206566,10405.92036502733,-0.08397236686486664,0.08674735796494325,0.024394494360806096,0.008297607523164155
6,L72_down_p5_rebound_long_H12,72,down,0.05,p5,long,rebound,12,False,FAIL,FAIL,True,years_with_positive_mean_net=7/9; max_positive_year_share=0.35; positive_outside_2020_2022=5,122,858,0.00876814968738972,0.009297138213883503,1.3173826578693744,0.880304500529331,26966.719357159058,-0.3348146028491584,0.31464491304798725,0.2543419165990992,0.7596500105871608,0.038041914130975116,57,467,-0.00493150423457394,-0.0016716831082735494,-0.001162285757314139,0.0005093973509594104,-0.5409132958680513,-0.4612633061587991,7207.790346140357,-0.41718225612472815,0.19516431352804262,-0.10330662151017977,-0.24762947127668203,0.026004638254191536,-0.003935439674248193,-0.005927568794899706,-0.008915762475876953,29,195,0.003377720840619097,0.002539936546872981,0.3955331122882218,0.4278941710075472,10827.945926224702,-0.1424635697143759,0.1334050970274912,0.04936224660297572,0.02406306181717605
7,L12_up_p95_continuation_long_H12,12,up,0.95,p95,long,continuation,12,False,FRAGILE,SURVIVES,True,years_with_positive_mean_net=7/9; max_positive_year_share=0.44; positive_outside_2020_2022=4,191,1091,0.00751083754024531,0.005524329581060438,1.400503610921201,1.2091548652307602,37159.98503066952,-0.2567326929966218,0.2813213481935277,0.34966139733710233,1.3619667727386138,0.05994087020224484,113,609,0.001656767055348599,0.0009112336443393482,0.0014206309952987585,0.0005093973509594104,0.3786421562171807,0.3559924866572292,11584.100761214771,-0.2115185802996653,0.1862045377366584,0.05019034029446101,0.23728572791739955,0.05155305478462533,0.0026594264818304335,0.0006541076288667661,-0.0023538706505787186,44,212,-0.0003925027899538363,-0.0013819894133290486,-0.09504069356450047,-0.08375066036608539,9732.996719558063,-0.15283083097496875,0.11581289571919323,-0.01625926815973644,0.03650947310192228
8,L24_down_p2.5_rebound_long_H72,24,down,0.025,p2.5,long,rebound,72,False,FAIL,FAIL,True,years_with_positive_mean_net=6/9; max_positive_year_share=0.54; positive_outside_2020_2022=4,44,462,0.03320301674808434,0.016388821847768246,1.361299112010293,0.9994031193293373,37389.91836213248,-0.46701002056004093,0.37150568222286284,0.35156457116055195,0.7527987745079942,0.08267706234792392,20,175,-0.0016310720900310828,0.0015300916811726434,0.004719908749905726,0.0031898170687330828,-0.05961266650905769,-0.010253650584300548,9222.747256395574,-0.4251960494149557,0.22222839743923353,-0.026586295421420325,-0.06252714590834386,0.05474660685092955,-0.0006317037938249059,-0.0026304403862372483,-0.00562854527485579,10,77,0.024324089571521525,0.04914663515449601,0.867892043246903,0.8708714983927075,12461.406454100255,-0.15856445406090502,0.16952386279578693,0.14258203629192234,0.049785645138984924
9,L24_up_p95_continuation_long_H168,24,up,0.95,p95,long,continuation,168,False,STRONG SURVIVOR,SURVIVES,True,years_with_positive_mean_net=7/9; max_positive_year_share=0.39; positive_outside_2020_2022=5,60,934,0.03531556349219101,0.010484604708152594,1.3599826909303312,1.1499265101657092,62250.70278416342,-0.35152783169828417,0.4539770744113963,0.5184825943390248,1.474940381915585,0.2630752727558149,43,588,0.012412427608529881,0.017818592504218113,0.025744972448870983,0.007926379944652872,0.575824857654616,0.5875851815340275,14966.479667093632,-0.4603005082808598,0.31070968106000396,0.14372064301992404,0.31223220577508154,0.27464547770216324,0.013425853461991879,0.01139900175506789,0.008358724194681913,12,147,0.01466228609231541,-0.019408096620105914,0.969123304052288,0.5684058538163206,11803.90716258147,-0.1553836833051092,0.2188837715667609,0.10567590077317579,0.1393998063891578
10,L72_down_p5_rebound_long_H6,72,down,0.05,p5,long,rebound,6,False,FAIL,FAIL,True,years_with_positive_mean_net=6/9; max_positive_year_share=0.58; positive_outside_2020_2022=4,193,857,0.006757891111930685,0.006366506421899088,1.2257048351896866,1.0761997665414866,32263.75741954791,-0.3289911262693135,0.2882473806867933,0.30679649652997365,0.9325372997411145,0.030297480442688575,98,467,-0.0031079456480174374,-0.0006719548129633928,-0.0004164841993907997,0.000255470613572593,-0.64151037002184,-0.5101573394946788,7098.146661222409,-0.43779120737162025,0.18882484622179666,-0.10787249675965238,-0.24640169775745294,0.022354864464129567,-0.0021100557037211534,-0.004105835592313708,-0.007099505425202561,47,195,0.001629920056695935,0.0008867332850917206,0.36555637886610587,0.3797245141050927,10656.064289886464,-0.15523786168289522,0.12048157833924238,0.039240589784586444,0.019499377679435763
