rule_id,discovery_rank,old_discovery_N,new_discovery_N,old_validation_N,new_validation_N,old_recent_N,new_recent_N,old_validation_mean_net,new_validation_mean_net,old_recent_mean_net,new_recent_mean_net,old_validation_sharpe,new_validation_MTM_sharpe,old_recent_sharpe,new_recent_MTM_sharpe,old_validation_conditional_advantage,new_validation_conditional_advantage,old_recent_conditional_advantage,new_recent_conditional_advantage,old_classification,new_classification
L12_up_p97.5_continuation_long_H168,1,48,48,34,34,9,9,0.0274980111515988,0.02749801115159886,0.003725173259809,0.003725173259809046,1.0955121254497269,1.0819795305365443,0.1914567415741663,0.17588175627440666,0.0174073921574798,0.017697032606648254,-0.0269571442934892,-0.026957144293489287,STRONG SURVIVOR,SURVIVES
L6_down_p1_rebound_long_H6,2,63,62,29,29,11,11,0.0046219560236791,0.004621956023679154,0.0056295777018864,0.004599293262709833,0.6360828076605968,0.4563846296390323,0.5462903086889972,0.4396712316506491,0.0042353475385207,0.004235347538520733,0.0027519397122313,0.0029623261436439686,STRONG SURVIVOR,STRONG SURVIVOR
L24_down_p1_rebound_long_H12,3,30,30,8,8,3,3,-0.0073712340319179,-0.0073712340319179726,0.0284185853346343,0.028418585334634334,-0.3672951785228763,-0.14899863826304757,1.166291676956714,0.8163641615517028,0.002776128868426,0.002776128868426038,0.0356187012285943,0.035618701228594396,FAIL,FAIL
L24_up_p97.5_continuation_long_H168,4,35,35,23,23,6,6,0.0327308435147007,0.03289690430424997,-0.0323520564058394,-0.032352056405839436,1.010137236192879,1.0414500566508667,-1.1670860894502384,-0.7115966550456312,0.0260595676664946,0.026574613574633962,-0.0574451906618376,-0.05473288378968244,SURVIVES,SURVIVES
L72_down_p2.5_rebound_long_H24,5,34,34,16,16,5,5,0.0110326656020733,0.011032665602073367,0.0094765800396828,0.008328379158724286,0.3784991405780137,0.35827419561721274,0.5214159125475161,0.3211692461206566,0.0046211456187548,0.004621145618754801,0.0322242927166466,0.0326971451544402,SURVIVES,SURVIVES
L72_down_p5_rebound_long_H12,6,122,122,57,57,29,29,-0.0049315042345739,-0.00493150423457394,0.003377720840619,0.003377720840619097,-0.5409132958680513,-0.4612633061587991,0.3955331122882218,0.4278941710075472,-0.0017057387028893,-0.0016716831082735494,0.0028398797290939,0.002539936546872981,FAIL,FAIL
L12_up_p95_continuation_long_H12,7,192,191,113,113,43,44,0.0016567670553485,0.001656767055348599,-0.0005313320823651,-0.0003925027899538363,0.3786421562171807,0.3559924866572292,-0.1258162351293094,-0.08375066036608539,0.0009484088440229,0.0009112336443393482,-0.0015037861687666,-0.0013819894133290486,FRAGILE,SURVIVES
L24_down_p2.5_rebound_long_H72,8,44,44,20,20,10,10,-0.001631072090031,-0.0016310720900310828,0.0243240895715215,0.024324089571521525,-0.0596126665090576,-0.010253650584300548,0.867892043246903,0.8708714983927075,0.0010455597861159,0.0015300916811726434,0.049146635154496,0.04914663515449601,FAIL,FAIL
L24_up_p95_continuation_long_H168,9,59,60,42,43,12,12,0.0135070626467657,0.012412427608529881,0.0146622860923154,0.01466228609231541,0.6142430706139633,0.5875851815340275,0.969123304052288,0.5684058538163206,0.0183253952648486,0.017818592504218113,-0.0194080966201059,-0.019408096620105914,STRONG SURVIVOR,SURVIVES
L72_down_p5_rebound_long_H6,10,195,193,98,98,47,47,-0.0031079456480174,-0.0031079456480174374,0.0016299200566959,0.001629920056695935,-0.64151037002184,-0.5101573394946788,0.3655563788661058,0.3797245141050927,-0.0006914156474132,-0.0006719548129633928,0.0009713507232224,0.0008867332850917206,FAIL,FAIL
