target,model,period,N,prevalence,brier,log_loss,auc,balanced_accuracy,brier_skill_vs_C0,delta_brier_vs_CRYPTO,delta_brier_vs_MACRO,delta_logloss_vs_CRYPTO,delta_logloss_vs_MACRO,bss_median,bss_min,bss_max,n_offsets_bss_gt0,n_offsets,brier_c0
pos_12w,C0,full_wf,323,0.5046439628482973,0.30139653629309654,0.8198186262998431,0.33608128834355827,0.5,0.0,,,,,,,,,,
pos_12w,CRYPTO,full_wf,323,0.5046439628482973,0.3398687250768485,0.963488804447029,0.391526073619632,0.38985812883435583,-0.12764641975294388,,,,,,,,,,
pos_12w,MACRO,full_wf,323,0.5046439628482973,0.32468863132917164,1.107069886914439,0.5074386503067485,0.529965490797546,-0.07728056640114955,,,,,,,,,,
pos_12w,COMBINED,full_wf,323,0.5046439628482973,0.35566634165842376,1.3254001215442102,0.45115030674846635,0.4748657975460122,-0.180061144805433,,,,,,,,,,
pos_12w,C0,validation_2021_2023,145,0.4689655172413793,0.2805760277536883,0.7568619191813463,0.3560924369747899,0.5,0.0,,,,,,,,,,
pos_12w,CRYPTO,validation_2021_2023,145,0.4689655172413793,0.3029221617908326,0.8133245635825186,0.3846447669977082,0.400974025974026,-0.07964377504396603,,,,,,,,,,
pos_12w,MACRO,validation_2021_2023,145,0.4689655172413793,0.2327469317221484,0.6650782283626995,0.6900305576776165,0.6412337662337662,0.17046750720103587,,,,,,,,,,
pos_12w,COMBINED,validation_2021_2023,145,0.4689655172413793,0.26268530296067133,0.736227189338224,0.601031321619557,0.5594919786096256,0.06376426716227812,-0.04023685883016126,0.029938371238522943,-0.07709737424429464,0.07114896097552448,,,,,,
pos_12w,CRYPTO,nonoverlap_off00,27,,0.32063820023196626,,,,-0.03105440545445881,,,,,,,,,,0.31098087407971287
pos_12w,CRYPTO,nonoverlap_off01,27,,0.31306281329485325,,,,-0.04583954791142841,,,,,,,,,,0.2993411502940854
pos_12w,CRYPTO,nonoverlap_off02,26,,0.346903994070861,,,,-0.058625962323548775,,,,,,,,,,0.3276926945088811
pos_12w,CRYPTO,nonoverlap_off03,27,,0.3455568758367661,,,,-0.13688831902595533,,,,,,,,,,0.3039497108500743
pos_12w,CRYPTO,nonoverlap_off04,27,,0.34173317966303113,,,,-0.18644816027468814,,,,,,,,,,0.2880304349613662
pos_12w,CRYPTO,nonoverlap_off05,27,,0.34403299107229063,,,,-0.2300625469473121,,,,,,,,,,0.27968739632475514
pos_12w,CRYPTO,nonoverlap_off06,27,,0.33054350937588795,,,,-0.2434776740612843,,,,,,,,,,0.26582182878789445
pos_12w,CRYPTO,nonoverlap_off07,27,,0.3636618903504611,,,,-0.22821838232187885,,,,,,,,,,0.2960889493145172
pos_12w,CRYPTO,nonoverlap_off08,27,,0.3620527076014479,,,,-0.20870065888625633,,,,,,,,,,0.2995387691234133
pos_12w,CRYPTO,nonoverlap_off09,27,,0.35242010199264184,,,,-0.15787908610174517,,,,,,,,,,0.3043669293476417
pos_12w,CRYPTO,nonoverlap_off10,27,,0.3476447604116639,,,,-0.037953097241392175,,,,,,,,,,0.3349330151194816
pos_12w,CRYPTO,nonoverlap_off11,27,,0.3104342425386077,,,,-0.01019727198291398,,,,,,,,,,0.3073006145911055
pos_12w,CRYPTO,nonoverlap_summary,12,,,,,,-0.14738370256385025,,,,,-0.14738370256385025,-0.2434776740612843,-0.01019727198291398,0.0,12.0,
pos_12w,MACRO,nonoverlap_off00,27,,0.3248833858556944,,,,-0.04470535950843679,,,,,,,,,,0.31098087407971287
pos_12w,MACRO,nonoverlap_off01,27,,0.28503106235949827,,,,0.047805281434003755,,,,,,,,,,0.2993411502940854
pos_12w,MACRO,nonoverlap_off02,26,,0.35869375905695633,,,,-0.09460407591489672,,,,,,,,,,0.3276926945088811
pos_12w,MACRO,nonoverlap_off03,27,,0.3377099981450758,,,,-0.11107195068744136,,,,,,,,,,0.3039497108500743
pos_12w,MACRO,nonoverlap_off04,27,,0.316357700630532,,,,-0.09834816821689452,,,,,,,,,,0.2880304349613662
pos_12w,MACRO,nonoverlap_off05,27,,0.3280258557042603,,,,-0.17283030989132464,,,,,,,,,,0.27968739632475514
pos_12w,MACRO,nonoverlap_off06,27,,0.27404898647450104,,,,-0.03094989498838796,,,,,,,,,,0.26582182878789445
pos_12w,MACRO,nonoverlap_off07,27,,0.3251480646472024,,,,-0.09814319446896191,,,,,,,,,,0.2960889493145172
pos_12w,MACRO,nonoverlap_off08,27,,0.3176476187789497,,,,-0.060455779091738604,,,,,,,,,,0.2995387691234133
pos_12w,MACRO,nonoverlap_off09,27,,0.3529671019049968,,,,-0.1596762587233811,,,,,,,,,,0.3043669293476417
pos_12w,MACRO,nonoverlap_off10,27,,0.3423067904607912,,,,-0.02201567181628583,,,,,,,,,,0.3349330151194816
pos_12w,MACRO,nonoverlap_off11,27,,0.3347027011067047,,,,-0.08917029519143793,,,,,,,,,,0.3073006145911055
pos_12w,MACRO,nonoverlap_summary,12,,,,,,-0.09188718555316733,,,,,-0.09188718555316733,-0.17283030989132464,0.047805281434003755,1.0,12.0,
pos_12w,COMBINED,nonoverlap_off00,27,,0.32632016719318774,,,,-0.04932551932291185,,,,,,,,,,0.31098087407971287
pos_12w,COMBINED,nonoverlap_off01,27,,0.3088799837311925,,,,-0.03186609468072055,,,,,,,,,,0.2993411502940854
pos_12w,COMBINED,nonoverlap_off02,26,,0.3823777525303145,,,,-0.16687908805349116,,,,,,,,,,0.3276926945088811
pos_12w,COMBINED,nonoverlap_off03,27,,0.37442902617890017,,,,-0.2318782114702862,,,,,,,,,,0.3039497108500743
pos_12w,COMBINED,nonoverlap_off04,27,,0.3626112765663265,,,,-0.25893389222900676,,,,,,,,,,0.2880304349613662
pos_12w,COMBINED,nonoverlap_off05,27,,0.3832353600579166,,,,-0.37022749360120666,,,,,,,,,,0.27968739632475514
pos_12w,COMBINED,nonoverlap_off06,27,,0.32448432091411483,,,,-0.22068350215522958,,,,,,,,,,0.26582182878789445
pos_12w,COMBINED,nonoverlap_off07,27,,0.3855247310075525,,,,-0.3020571416126483,,,,,,,,,,0.2960889493145172
pos_12w,COMBINED,nonoverlap_off08,27,,0.36773847112652536,,,,-0.227682387167095,,,,,,,,,,0.2995387691234133
pos_12w,COMBINED,nonoverlap_off09,27,,0.37204821128455806,,,,-0.22236739741068323,,,,,,,,,,0.3043669293476417
pos_12w,COMBINED,nonoverlap_off10,27,,0.3466890653474113,,,,-0.0350997056045248,,,,,,,,,,0.3349330151194816
pos_12w,COMBINED,nonoverlap_off11,27,,0.3346470454768587,,,,-0.08898918383922005,,,,,,,,,,0.3073006145911055
pos_12w,COMBINED,nonoverlap_summary,12,,,,,,-0.2215254497829564,,,,,-0.2215254497829564,-0.37022749360120666,-0.03186609468072055,0.0,12.0,
strong_12w,C0,full_wf,323,0.3746130030959752,0.2731125709790319,0.741402677882108,0.3921323950576876,0.4815481548154815,0.0,,,,,,,,,,
strong_12w,CRYPTO,full_wf,323,0.3746130030959752,0.3121140152316277,0.8435659609283691,0.39468946894689466,0.4434375255707389,-0.14280354841517018,,,,,,,,,,
strong_12w,MACRO,full_wf,323,0.3746130030959752,0.3028230341822509,0.8887282645200908,0.5566647573848293,0.5558874069225104,-0.10878467840830375,,,,,,,,,,
strong_12w,COMBINED,full_wf,323,0.3746130030959752,0.3317756477356814,1.0547653044139835,0.4934538908436298,0.5244047131985925,-0.21479449498190006,,,,,,,,,,
strong_12w,C0,validation_2021_2023,145,0.296551724137931,0.25285324317974595,0.6988791788913477,0.396374829001368,0.5058139534883721,0.0,,,,,,,,,,
strong_12w,CRYPTO,validation_2021_2023,145,0.296551724137931,0.28345852782067693,0.764279266071461,0.30528955768353855,0.3938668490652075,-0.12103971559176152,,,,,,,,,,
strong_12w,MACRO,validation_2021_2023,145,0.296551724137931,0.215283912622649,0.6171361234182672,0.6671226630186958,0.6087551299589604,0.14858156488184726,,,,,,,,,,
strong_12w,COMBINED,validation_2021_2023,145,0.296551724137931,0.2521227379287206,0.6962673211768784,0.5560875512995895,0.5193798449612403,0.0028890483738270856,-0.031335789891956345,0.036838825306071576,-0.06801194489458262,0.07913119775861122,,,,,,
