week,DXY_CHG_12W,US2Y_CHG_12W,REAL10Y_CHG_12W,NASDAQ_RET_12W,btc_close,fut_12w,y_pos_12w,p_macro,n_train,long
2015-01-02,0.0563397197950199,0.21,0.06,0.1053658820654643,316.51,-0.21617010520994595,0.0,,,
2015-01-09,0.0597553919719813,0.1999999999999999,0.06,0.1046462763228124,276.8,-0.08312861271676308,0.0,,,
2015-01-16,0.0589030050104024,0.08,-0.16,0.0336014873251855,206.6,0.13635043562439497,1.0,,,
2015-01-23,0.0637131648869759,0.02,-0.22,0.0274555777267992,233.03,-0.047933742436596094,0.0,,,
2015-01-30,0.0662953073812706,-0.04,-0.35,0.0005850905108986,232.6,-0.0066208082545141655,0.0,,,
2015-02-06,0.0609193302769051,0.1099999999999999,-0.19,0.0119141273863194,222.88,0.040739411342426424,1.0,,,
2015-02-13,0.0559556206402698,0.13,-0.1099999999999999,0.0383769938406552,236.86,0.02659799037406052,1.0,,,
2015-02-20,0.0526301589157396,0.2,-0.01,0.03429737606002,246.1,-0.03648923201950427,0.0,,,
2015-02-27,0.0445029570054669,-0.02,-0.39,0.0382303291718226,253.06,-0.05559946257804471,0.0,,,
2015-03-06,0.0597809092119734,0.1699999999999999,-0.05,0.0588297261875021,273.26,-0.13628046549074135,0.0,,,
2015-03-13,0.067312243320075,0.01,-0.0499999999999999,0.0223234842611781,284.4,-0.21065400843881843,0.0,,,
2015-03-20,0.0475480632006162,-0.13,-0.4099999999999999,0.045676400984961,262.09,-0.12392689534129486,0.0,,,
2015-03-27,0.0387638030877712,-0.08,-0.2199999999999999,0.0347824757525612,248.09,-0.018823813938490086,0.0,,1.0,
2015-04-03,0.0268111437695217,-0.0999999999999999,-0.3399999999999999,0.0388748730399364,253.79,-0.04172741242759759,0.0,,2.0,
2015-04-10,0.0410167130244558,0.0799999999999999,-0.09,0.0780255625994998,234.77,0.08983260212122501,1.0,,3.0,
2015-04-17,0.018793188690743,-0.01,-0.2299999999999999,0.0365562351436319,221.86,0.2918507166681692,1.0,,4.0,
2015-04-24,0.0029984354341954,0.07,0.01,0.0985579647764682,231.06,0.20933956548082744,1.0,,5.0,
2015-05-01,0.0048502639156156,-0.05,-0.06,0.0550101677234395,231.96,0.25004311088118625,1.0,,6.0,
2015-05-08,-2.6706038998569603e-05,-0.07,-0.06,0.0224179712537206,243.16,0.169559138016121,1.0,,7.0,
2015-05-15,-0.012516767341917,-0.12,-0.07,0.0186280022309739,237.12,0.17666160593792157,1.0,,8.0,
2015-05-22,0.0023731487593052,0.01,0.17,0.0253509263712494,238.99,0.11180384116490227,1.0,,9.0,
2015-05-29,-0.006468175255995,-0.12,-0.0899999999999999,0.0289524968849264,236.02,-0.0116515549529701,0.0,,10.0,
2015-06-05,-0.0163775484908746,0.0499999999999999,0.11,0.0403755941950199,224.49,0.03385451467771383,1.0,,11.0,
2015-06-12,-0.0118095945490733,0.14,0.38,0.0049100903157417,229.61,0.006445712294760542,1.0,,12.0,
2015-06-19,-0.0134903023249721,0.07,0.21,0.046160216722825,243.42,-0.014296278037959076,0.0,,13.0,
2015-06-26,0.0049628799247494,0.2299999999999999,0.5499999999999999,0.039609617989913,243.2,-0.04268092105263155,0.0,,14.0,
2015-07-03,-0.0050440845544919,0.07,0.35,0.0026481251967525,255.86,-0.08102087078871267,0.0,,15.0,
2015-07-10,0.0083138184314721,0.14,0.5700000000000001,0.0133602340592853,286.61,-0.17068490282962911,0.0,,16.0,
2015-07-17,0.0248562390821962,0.14,0.47,0.0231850357383267,279.43,-0.12504026053036532,0.0,,17.0,
2015-07-24,0.0319884284283527,0.0999999999999999,0.33,0.0166300216007373,289.96,-0.09470271761622284,0.0,,18.0,
2015-07-31,0.0375754465750497,0.08,0.18,0.0249282979759486,284.39,-0.023488870916698934,0.0,,19.0,
2015-08-07,0.0520802690246702,0.1799999999999999,0.21,-0.0009409126581962,279.01,0.17838070320060218,1.0,,20.0,
2015-08-14,0.038438828252024,0.0899999999999999,0.2399999999999999,-0.0080795286658583,265.71,0.39923224568138216,1.0,,21.0,
2015-08-21,0.0319049867527085,0.03,0.2,-0.0717924275631316,233.27,0.42971663737300103,1.0,,22.0,
2015-08-28,0.0330223197950969,-0.01,0.0299999999999999,-0.0473793101986608,232.09,0.3852384850704469,1.0,,23.0,
2015-09-04,0.049105064611927,-0.03,0.0699999999999999,-0.0726931101507223,231.09,0.5572720585053443,1.0,,24.0,
2015-09-11,0.0489456574515219,0.0599999999999999,0.2099999999999999,-0.0575845527164353,239.94,0.5099608235392181,1.0,,25.0,
2015-09-18,0.0319974514056737,-0.03,0.01,-0.0498532227749968,232.82,0.9400395155055408,1.0,,26.0,
2015-09-25,0.041734870069011,0.0599999999999999,0.2199999999999999,-0.0644233249262929,235.13,0.9691234636158721,1.0,,27.0,
2015-10-02,0.0325296372641377,-0.07,-0.04,-0.0580107647169743,237.69,0.9163616475240861,1.0,,28.0,
2015-10-09,0.0049826142877937,-0.03,0.0699999999999999,-0.0728713454748088,244.49,0.7791320708413432,1.0,,29.0,
2015-10-16,-0.0001999680784902,-0.0899999999999999,0.05,-0.0396845410369357,262.5,0.7193142857142858,1.0,,30.0,
2015-10-23,0.0151771572292818,-0.01,0.1199999999999999,-0.0188016110497883,277.71,0.3425875913722951,1.0,,31.0,
2015-10-30,0.00703871429929,0.02,0.1099999999999999,0.0020243640098864,328.78,0.16120201958756608,1.0,,32.0,
2015-11-06,0.0167662262753667,0.17,0.17,0.0195870002657949,371.79,0.020576131687242816,1.0,,33.0,
2015-11-13,0.0170875841963678,0.2199999999999999,0.24,0.0471393872361087,333.51,0.1570267758088213,1.0,,34.0,
2015-11-20,0.0100161378639829,0.21,0.08,0.0572870289720308,321.5,0.19091757387247288,1.0,,35.0,
2015-11-27,0.0106262904831424,0.21,0.0,0.0947070199865147,359.87,0.16505960485730942,1.0,,36.0,
2015-12-04,0.008456671087569,0.25,0.07,0.0663433491100582,362.3,0.18078940104885444,1.0,,37.0,
2015-12-11,0.0263912982111065,0.19,0.09,0.0220085296960894,451.68,-0.09234413744243708,0.0,,38.0,
2015-12-18,0.0171604300882173,0.27,0.02,0.0504811859863436,463.0,-0.09697624190064791,0.0,,39.0,
2015-12-25,0.0212193971848391,0.45,0.2199999999999999,0.0723717898388149,455.5,-0.10381997804610321,0.0,,40.0,
2016-01-01,0.0390976382081846,0.41,0.15,0.0366299622058581,434.98,-0.0430594510092418,0.0,,41.0,
2016-01-08,0.0551756217682182,0.3299999999999999,0.0899999999999999,-0.0497392020996126,451.32,-0.07963307630949212,0.0,,42.0,
2016-01-15,0.0480608586752677,0.1899999999999999,0.09,-0.1079998164042421,372.85,0.12144293951991414,1.0,,43.0,
2016-01-22,0.052404591685351,0.13,0.0899999999999999,-0.0915300171592876,381.78,0.12433862433862441,1.0,,44.0,
2016-01-29,0.0341158711993434,-0.14,-0.2199999999999999,-0.1035860655543309,379.44,0.18016023613746568,1.0,,45.0,
2016-02-05,0.0202371940899646,-0.12,-0.2299999999999999,-0.1146009560954304,385.88,0.1785270032134343,1.0,,46.0,
2016-02-12,0.0225380412757572,-0.22,-0.17,-0.1503275600781874,382.88,0.20071562891767658,1.0,,47.0,
2016-02-19,0.0149034933346632,-0.16,-0.12,-0.1215187539739653,419.27,0.08770005008705617,1.0,,48.0,
2016-02-26,0.025321323970405,-0.1599999999999999,-0.33,-0.1073066569028204,427.8,0.03312295465170645,1.0,,49.0,
2016-03-04,-0.0006742687511034,0.0,-0.3,-0.0438738222562382,409.97,0.15296241188379622,1.0,,50.0,
2016-03-11,-0.0136180227164189,0.0,-0.29,-0.0354676057489098,418.1,0.3583831619229849,1.0,,51.0,
2016-03-18,-0.0234357308650362,-0.19,-0.4599999999999999,-0.0500823652801522,408.21,0.41571740035765914,1.0,,52.0,
2016-03-25,-0.0138791225564194,-0.17,-0.3899999999999999,-0.0467128014185227,416.25,0.7945705705705706,1.0,,53.0,
2016-04-01,-0.0409687895347775,-0.1799999999999999,-0.48,0.0583401698857872,415.38,0.5809860850305746,1.0,,54.0,
2016-04-08,-0.0459571592978769,-0.15,-0.53,0.0807121494505609,418.13,0.6191136727811926,1.0,,55.0,
2016-04-15,-0.0499209800031557,-0.14,-0.52,0.0755884164366185,429.25,0.5468841001747233,1.0,,56.0,
2016-04-22,-0.0462045233709228,0.0799999999999999,-0.28,0.0633469744543815,447.8,0.4850156319785619,1.0,,57.0,
2016-04-29,-0.0478251169139102,0.03,-0.41,0.0944777645561725,454.77,0.43578072432218495,1.0,,58.0,
2016-05-06,-0.0342880790066771,0.03,-0.31,0.0919076641127878,459.73,0.42916494464141985,1.0,,59.0,
2016-05-13,-0.0237258656426438,0.0,-0.37,0.0473422811938724,456.04,0.26445048679940353,1.0,,60.0,
2016-05-20,-0.0191360032455837,0.0899999999999999,-0.06,0.0390133984903975,441.97,0.325881847184198,1.0,,61.0,
2016-05-27,-0.0049405754860452,0.02,-0.0999999999999999,0.0458933775079171,472.68,0.21035372768046035,1.0,,62.0,
2016-06-03,-0.0026480879891893,-0.1899999999999999,-0.25,0.0408657516858586,567.94,0.01743141881184629,1.0,,63.0,
2016-06-10,0.0063632131101212,-0.1099999999999999,-0.15,0.0206228361864813,577.91,-0.010226505857313328,0.0,,64.0,
2016-06-17,-0.0021168508845861,-0.19,-0.14,0.0056226759715094,746.99,-0.16732486378666378,0.0,,65.0,
2016-06-24,0.0166621788124321,-0.12,-0.02,-0.0420303949000187,656.71,-0.07737052884835016,0.0,,66.0,
2016-07-01,0.0111355327278341,-0.1099999999999999,-0.11,0.0024491119729364,677.0,-0.10999999999999999,0.0,,67.0,
2016-07-08,0.0199921410829877,-0.13,-0.26,0.0037542981022842,664.0,-0.0839457831325301,0.0,,68.0,
2016-07-15,0.0185987693351634,-0.13,-0.14,0.0251435142201514,664.99,-0.07633197491691601,0.0,,69.0,
2016-07-22,0.0382403696127997,-0.06,-0.06,0.0680158778118917,652.95,-0.022314112872348635,0.0,,70.0,
2016-07-29,0.0135341424767689,-0.0699999999999999,-0.21,0.089939890651792,657.03,-0.042676894510144114,0.0,,71.0,
2016-08-05,0.0099485762515945,-0.04,-0.04,0.1067134529361943,576.64,0.18841911764705888,1.0,,72.0,
2016-08-12,-0.0089452693921138,-0.18,-0.2199999999999999,0.0971431478863917,586.0,0.19962457337883954,1.0,,73.0,
2016-08-19,-0.0112943892964271,-0.14,-0.17,0.0617978884792742,572.11,0.251192952404258,1.0,,74.0,
2016-08-26,-0.0021678835588104,0.0599999999999999,-0.04,0.0559228695587485,577.84,0.290997507960681,1.0,,75.0,
2016-09-02,0.0080844119899876,0.07,0.01,0.0726011812804381,572.0,0.28851398601398603,1.0,,76.0,
2016-09-09,0.004076813002765,0.09,-0.03,0.067822346562377,622.0,0.23792604501607717,1.0,,77.0,
2016-09-16,0.0092834115868749,0.13,0.04,0.1139745381195471,605.9,0.26999504868790236,1.0,,78.0,
2016-09-23,0.0095449297766521,0.18,0.02,0.0911411438400175,602.53,0.2951222345775315,1.0,,79.0,
2016-09-30,-0.0010391801153596,0.16,0.06,0.0716678336599208,608.26,0.5059349620228193,1.0,,80.0,
2016-10-07,0.0089790734686281,0.12,-0.0099999999999999,0.0522527813913753,614.23,0.5613532390147011,1.0,,81.0,
2016-10-14,0.006397967943782,0.13,0.07,0.022352239244938,638.38,0.39659763777060686,1.0,,82.0,
2016-10-21,0.0181230670218282,0.1699999999999999,0.1,0.0184555642136117,628.99,0.31464729168985195,1.0,,83.0,
2016-10-28,0.0154344693655776,0.14,0.04,-0.0059412575912848,685.29,0.3069211574661823,1.0,,84.0,
2016-11-04,0.0216237462751407,0.09,0.0399999999999999,-0.0356437866376087,702.98,0.3056416967765798,1.0,,85.0,
2016-11-11,0.0462134180621442,0.16,0.17,-0.0002424450993745,715.82,0.4146573160850493,1.0,,86.0,
2016-11-18,0.0574631194162054,0.2300000000000001,0.29,0.0196572940925949,745.99,0.33724312658346633,1.0,,87.0,
2016-11-25,0.0537415324341143,0.32,0.3399999999999999,0.0283853068255115,737.03,0.43204482856871507,1.0,,88.0,
2016-12-02,0.0475381715346032,0.32,0.3199999999999999,0.0253105774660444,769.99,0.532669255444876,1.0,,89.0,
2016-12-09,0.0362875685323367,0.3799999999999999,0.32,0.0381213679066676,769.49,0.6703660866288059,1.0,,90.0,
2016-12-16,0.0500529646919798,0.51,0.69,0.0247674987042358,780.35,0.4313705388607676,1.0,,91.0,
2016-12-23,0.0579455733237144,0.4499999999999999,0.58,0.0283678353550922,916.0,0.16923580786026204,1.0,,92.0,
2016-12-30,0.0446202936672213,0.37,0.4,0.0171416023954604,959.03,-0.0312503258500777,0.0,,93.0,
2017-01-06,0.0407837702122646,0.38,0.33,0.0588589328189088,891.56,0.200491273722464,1.0,,94.0,
2017-01-13,0.035881002445095,0.37,0.3399999999999999,0.0602427475038671,826.9,0.43990809045833856,1.0,,95.0,
2017-01-20,0.0370320378708264,0.3399999999999999,0.31,0.0703705080049768,895.62,0.30673723230834504,1.0,,96.0,
2017-01-27,0.0307326461400845,0.4199999999999999,0.3,0.1217527953164046,917.84,0.35493114268282033,1.0,,97.0,
2017-02-03,-0.0026876549865229,0.2899999999999999,0.1699999999999999,0.0820414632242985,1012.64,0.31408990361826516,1.0,,98.0,
2017-02-10,-0.0122931860237291,0.1299999999999999,-0.0399999999999999,0.0775381678058497,997.57,0.5185901741231191,1.0,,99.0,
2017-02-17,-0.0136968310455855,0.0899999999999998,-0.06,0.0814348355989895,1055.46,0.6026282379246963,1.0,0.8017280876801361,100.0,1.0
2017-02-24,-0.0127634436833186,0.01,-0.18,0.1121954786195027,1180.14,0.6591251885369531,1.0,0.6995851682498755,101.0,1.0
2017-03-03,-0.0054534571814937,0.1700000000000001,-0.06,0.0782900174488014,1285.33,0.7737234795733394,1.0,0.8208141954428051,102.0,1.0
2017-03-10,-0.0147213885959932,0.08,-0.17,0.0780866871708216,1116.97,1.2282961941681512,1.0,0.840467630482807,103.0,1.0
2017-03-17,-0.0295263062189355,0.1100000000000001,-0.0899999999999999,0.0802370376673651,1071.02,1.6351702115740139,1.0,0.8954812561555685,104.0,1.0
2017-03-24,-0.0313435282466922,0.06,-0.08,0.0827810094307019,929.06,1.6744020838266636,1.0,0.8720058210480033,105.0,1.0
2017-03-31,-0.0300440644024689,0.05,-0.03,0.0707618050945018,1070.31,1.50866571367174,1.0,0.8739658597427966,106.0,1.0
2017-04-07,-0.024864308694753,0.08,0.03,0.0544821308155591,1190.66,1.0706918851729288,1.0,0.8850435077661171,107.0,1.0
2017-04-14,-0.0319595801829304,0.01,-0.12,0.0449693934843684,1170.34,1.1373788813507186,1.0,0.9118295799663628,108.0,1.0
2017-04-21,-0.0193100915237008,-0.02,-0.0099999999999999,0.0441176381794379,1243.61,0.779794308505078,1.0,0.8337287904489672,109.0,1.0
2017-04-28,-0.0072492408707737,0.07,-0.07,0.0672058055007325,1330.7,1.0064627639588184,1.0,0.809759785244024,110.0,1.0
2017-05-05,-0.0118426490339911,0.1200000000000001,0.0999999999999999,0.0639381894559867,1514.9,0.8331308997293552,1.0,0.8420784876121159,111.0,1.0
2017-05-12,-0.0142229400318718,0.08,0.08,0.0484107263344275,1691.51,0.6878410414363498,1.0,0.8597977024459842,112.0,1.0
2017-05-19,-0.0182550859436183,0.1599999999999999,0.0999999999999999,0.040783146544685,1958.0,0.8616241062308478,1.0,0.9224671662947476,113.0,1.0
2017-05-26,-0.0270901668155529,-0.02,-0.01,0.0578188376964186,2279.82,0.802058934477283,1.0,0.8669710959432873,114.0,1.0
2017-06-02,-0.0293716128147081,-0.08,-0.2099999999999999,0.0757574684774611,2488.94,0.7198807524488338,1.0,0.8569736691488519,115.0,1.0
2017-06-09,-0.0201434268201388,0.02,-0.06,0.0520115102313167,2822.32,0.7130977351965757,1.0,0.8825482384559349,116.0,1.0
2017-06-16,-0.0176356365996378,0.06,0.07,0.0554184126005465,2484.68,0.723682727755687,1.0,0.8681235747922615,117.0,1.0
2017-06-23,-0.0167892342617806,0.07,0.02,0.0597979193282962,2685.05,0.3780004096757974,1.0,0.8764015485123642,118.0,1.0
2017-06-30,-0.0266403719274397,0.0899999999999998,0.1399999999999999,0.0446781812721723,2465.49,0.458480869928493,1.0,0.9204807347730277,119.0,1.0
2017-07-07,-0.0194094823672391,0.1899999999999999,0.34,0.0599347444311089,2501.46,0.6689013616048225,1.0,0.8980828889148603,120.0,1.0
2017-07-14,-0.0340145001254215,0.1500000000000001,0.1699999999999999,0.0680058935566176,2213.37,0.9739130827651952,1.0,0.9414683676380532,121.0,1.0
2017-07-21,-0.0400452313270498,0.08,0.1099999999999999,0.0562437300699487,2670.0,1.1160973782771535,1.0,0.9488852277486536,122.0,1.0
2017-07-28,-0.0422792916421616,0.02,-0.03,0.0448993929739156,2777.01,1.1642017853734772,1.0,0.9571182147545415,123.0,1.0
2017-08-04,-0.0389296884736016,0.07,-0.02,0.0376280712961158,2855.0,1.0206059544658492,1.0,0.965927688151217,124.0,1.0
2017-08-11,-0.0321714756627303,0.02,-0.0099999999999999,0.028413606478248,3645.06,0.9519678688416653,1.0,0.9476122164950492,125.0,1.0
2017-08-18,-0.0303382241886295,0.03,-0.01,0.0010208775914775,4108.37,0.5838349515744687,1.0,0.9622150913140453,126.0,1.0
2017-08-25,-0.0340071807956123,0.07,0.06,-0.0063686874326229,4280.68,0.7985904108693009,1.0,0.9735272398740821,127.0,1.0
2017-09-01,-0.0345780045716835,0.0,-0.06,0.0366322631593023,4834.91,0.6831750746135916,1.0,0.9502258407121278,128.0,1.0
2017-09-08,-0.0426895054410804,-0.05,-0.24,0.0338813906462867,4282.8,1.5177430652843933,1.0,0.9678862945547647,129.0,1.0
2017-09-15,-0.0403290613246622,0.0499999999999998,-0.1,0.0292438793094849,3700.0,3.2918918918918916,1.0,0.9757364350533533,130.0,1.0
2017-09-22,-0.0288901826598183,0.08,-0.1599999999999999,0.0466580467859136,3595.87,3.8777708871566556,1.0,0.9636387061489887,131.0,1.0
2017-09-29,-0.019828391371667,0.07,-0.17,0.0557249180018772,4174.69,2.1922394237655976,1.0,0.9393736968701413,132.0,1.0
2017-10-06,-0.001112638910804,0.1899999999999999,-0.0699999999999999,0.0439938647606552,4369.0,2.2911192492561225,1.0,0.9289510717238714,133.0,1.0
2017-10-13,0.0006888039858063,0.1499999999999999,-0.0499999999999999,0.0341356196919886,5649.98,2.0018495640692535,1.0,0.9132412779549459,134.0,1.0
2017-10-20,0.0101664847161571,0.26,0.05,0.0399031201396822,6010.01,1.286187543781125,1.0,0.9101465213796096,135.0,1.0
2017-10-27,0.0169449260433367,0.2299999999999999,0.07,0.0550572936105833,5768.83,0.9891347118913194,1.0,0.8348030646180529,136.0,1.0
2017-11-03,0.0172306624185993,0.3299999999999998,0.0799999999999999,0.0811755786016785,7115.04,0.5585295374305697,1.0,0.8636683333066386,137.0,1.0
2017-11-10,0.0138275733590207,0.3399999999999998,0.09,0.0859659930410141,6506.98,0.36361722335092495,1.0,0.879035481282804,138.0,1.0
2017-11-17,0.0151827073892345,0.3799999999999999,0.07,0.0825374408774417,7699.19,0.12790046745177097,1.0,0.9037029806984564,139.0,1.0
2017-11-24,0.0089399030173205,0.3999999999999999,0.13,0.0705216473149779,8138.0,0.2484615384615385,1.0,0.9361286581152873,140.0,1.0
2017-12-01,0.021643106262986,0.51,0.26,0.0766329161289143,10782.99,-0.060460966763392965,0.0,0.9195090284796393,141.0,1.0
2017-12-08,0.0268901635696723,0.4100000000000001,0.15,0.0607291109726773,15880.0,-0.30484886649874054,0.0,0.8832432320414995,142.0,1.0
2017-12-15,0.0218327200236865,0.3800000000000001,0.0499999999999999,0.0793008412187141,17539.83,-0.4739401693174906,0.0,0.8849742736457841,143.0,1.0
2017-12-22,0.0092018381875376,0.4399999999999999,0.05,0.0714290116919125,13326.61,-0.38018745952646626,0.0,0.9565436520486976,144.0,1.0
2017-12-29,-0.0063709503439572,0.3499999999999998,-0.06,0.047526767490901,14378.9,-0.38117449874468834,0.0,0.9785077069171891,145.0,1.0
2018-01-05,-0.0083189062175503,0.4499999999999999,0.03,0.0803476141571259,16960.39,-0.5966938260264063,0.0,0.9810177289094283,146.0,1.0
2018-01-12,-0.0192412473263536,0.3899999999999999,0.02,0.0953394939738341,13740.01,-0.5195498402111789,0.0,0.9810337986477524,147.0,1.0
2018-01-19,-0.0374856775999893,0.47,0.0399999999999999,0.0947762270678467,11474.98,-0.3135142719202997,0.0,0.995088751560607,148.0,1.0
2018-01-26,-0.0468758235563698,0.5,0.0899999999999999,0.1095922329928893,11089.0,-0.20128235188024168,0.0,0.9966923920583733,149.0,1.0
2018-02-02,-0.0398655104846965,0.48,0.1799999999999999,0.0725840043252079,8873.03,0.0047695094009598815,1.0,0.996267523079218,150.0,1.0
2018-02-09,-0.024714959063653,0.3199999999999998,0.29,0.013519539125403,8683.92,0.11861808952638886,1.0,0.9877626110878697,151.0,1.0
2018-02-16,-0.0271701145100263,0.4599999999999999,0.28,0.0508494577928981,10159.98,-0.17322671895023412,0.0,0.9931919675060461,152.0,1.0
2018-02-23,-0.0223431174318806,0.47,0.25,0.0715288596637846,10131.04,-0.18667678737819626,0.0,0.9842863518307747,153.0,1.0
2018-03-02,-0.0241981959464987,0.4499999999999999,0.24,0.0610796999875218,11039.0,-0.3244859135791286,0.0,0.9814728665323617,154.0,1.0
2018-03-09,-0.0288458596616892,0.4299999999999999,0.31,0.0899910292158672,9227.0,-0.1848910805245475,0.0,0.968292352948071,155.0,1.0
2018-03-16,-0.024000964899095,0.4000000000000001,0.2299999999999999,0.075004781114744,8260.0,-0.07948668280871674,0.0,0.9554237515438184,156.0,1.0
2018-03-23,-0.021155849972247,0.3899999999999999,0.31,0.0129327451278431,8898.03,-0.281987136478524,0.0,0.9628796564737009,157.0,1.0
2018-03-30,-0.0171120882015114,0.31,0.2299999999999999,-0.0102444122491777,6840.23,-0.11625778665337272,0.0,0.9502457097107315,158.0,1.0
2018-04-06,-0.0102147822334045,0.28,0.1599999999999999,-0.047644585297577,6601.39,-0.06111894616133884,0.0,0.9436430117972004,159.0,1.0
2018-04-13,-0.00656535010723,0.31,0.1099999999999999,-0.0313138065555951,7877.41,-0.16091964236976364,0.0,0.904305801325361,160.0,1.0
2018-04-20,0.0139430561686964,0.33,0.22,-0.0479151553781833,8856.98,-0.29834209854826366,0.0,0.8395968968553994,161.0,1.0
2018-04-27,0.0192167117427888,0.3400000000000003,0.09,-0.0167312835135129,8915.35,-0.17697790888748066,0.0,0.7564959742293432,162.0,1.0
2018-05-04,0.0183986062949503,0.4599999999999999,0.01,0.0487497794580791,9713.99,-0.1570333096904568,0.0,0.6043090284809454,163.0,1.0
2018-05-11,0.0303524331556048,0.33,0.0399999999999999,0.0225720478321322,8400.0,-0.11681190476190484,0.0,0.5902194427864584,164.0,1.0
2018-05-18,0.0374877879354087,0.2999999999999998,0.15,0.0023100457676943,8239.81,-0.25435052507278677,0.0,0.6051289267325481,165.0,1.0
2018-05-25,0.028087506610722,0.2299999999999999,0.0999999999999999,0.0242467800645824,7457.0,-0.11700549818962047,0.0,0.6300184206831191,166.0,1.0
2018-06-01,0.0361693058940169,0.2000000000000001,0.02,-0.000857048440383,7521.01,-0.1116033617825265,0.0,0.622459292129326,167.0,1.0
2018-06-08,0.0338770782380304,0.1899999999999999,0.0499999999999999,0.0218550848273941,7603.44,-0.0778897446418989,0.0,0.6066527247111295,168.0,1.0
2018-06-15,0.0518647418317486,0.27,0.06,0.1077857198120688,6388.9,0.0010393025403434564,1.0,0.346518882054046,169.0,0.0
2018-06-22,0.0542090317682437,0.29,0.09,0.0891022958332625,6045.0,0.071402812241522,1.0,0.3690415087366361,170.0,0.0
2018-06-29,0.0507474816446265,0.25,0.04,0.0860709306393912,6197.92,0.09053037147946408,1.0,0.42091551323393345,171.0,0.0
2018-07-06,0.0504117989346939,0.1599999999999997,0.01,0.0818585750485814,6609.78,0.0037520159521193808,1.0,0.50255103465087,172.0,1.0
2018-07-13,0.0452196227168564,0.1299999999999999,-0.07,0.0951354241813307,6214.57,0.06775690031651416,1.0,0.533532631139334,173.0,1.0
2018-07-20,0.0379927363325347,0.1099999999999998,-0.01,0.0983736073820324,7337.53,-0.1416716524498025,0.0,0.5981568843724561,174.0,1.0
2018-07-27,0.0232426303854875,0.1600000000000001,0.0499999999999999,0.0732077135977307,8188.57,-0.2026837408729485,0.0,0.6246915264236933,175.0,1.0
2018-08-03,0.0247296315808085,0.0899999999999998,0.01,0.0552663138250277,7418.78,-0.11863810491752014,0.0,0.673292305581457,176.0,1.0
2018-08-10,0.0231244813909419,0.06,-0.13,0.0659161841620938,6144.01,0.04719556120514112,1.0,0.6628407734016304,177.0,1.0
2018-08-17,0.026433826264089,0.1299999999999999,-0.0499999999999999,0.0514511290171615,6584.49,-0.024982952362293864,0.0,0.6032831849307275,178.0,1.0
2018-08-24,0.0158459756855486,0.1599999999999997,-0.07,0.0518444254213681,6681.64,-0.15351021605474113,0.0,0.6016860340222446,179.0,1.0
2018-08-31,0.0193467645972671,0.1200000000000001,-0.0399999999999999,0.0606931764738341,7011.21,-0.369493996043479,0.0,0.6356724032240054,180.0,1.0
2018-09-07,0.0109733813666919,0.1600000000000001,0.0299999999999999,0.0201591141426571,6395.54,-0.36810339705482253,0.0,0.6513783538300103,181.0,1.0
2018-09-14,0.0067164027617565,0.2199999999999997,0.1099999999999999,0.0412358825622132,6476.63,-0.47448750353192937,0.0,0.6400600113148811,182.0,1.0
2018-09-21,0.0022188160545866,0.29,0.18,0.0634675270822737,6759.02,-0.5229826217410216,0.0,0.6177332501535737,183.0,1.0
2018-09-28,0.0103415398054735,0.2800000000000002,0.21,0.04655850634165,6634.58,-0.42141627653898217,0.0,0.606888171985392,184.0,1.0
2018-10-05,0.0131820412928218,0.29,0.3500000000000001,-0.0047955380987317,6635.65,-0.4214191526075064,0.0,0.603644175599756,185.0,1.0
2018-10-12,0.0092462758545834,0.25,0.25,-0.0413429388658803,6298.01,-0.3979034647452132,0.0,0.6134629331708984,186.0,1.0
2018-10-19,0.0181203324099723,0.25,0.2500000000000001,-0.0372721320066166,6528.88,-0.4484030951709941,0.0,0.5886949346777461,187.0,1.0
2018-10-26,0.0217764485187412,0.1800000000000001,0.19,-0.0825395543570358,6538.63,-0.45021051810547474,0.0,0.6161487192675007,188.0,1.0
2018-11-02,0.0117453554446393,0.3000000000000002,0.3799999999999999,-0.0615018334115357,6433.98,-0.4458655451213712,0.0,0.5888000539830391,189.0,1.0
2018-11-09,0.0169722675993744,0.33,0.3599999999999999,-0.052381382527216,6419.99,-0.46073592014940834,0.0,0.5393504511036359,190.0,1.0
2018-11-16,0.0204870662904879,0.1800000000000001,0.33,-0.0878569874322873,5655.94,-0.35306244408533327,0.0,0.6613041723253068,191.0,1.0
2018-11-23,0.0192149673377057,0.1899999999999999,0.31,-0.1443435821212212,4420.61,-0.18507400562365828,0.0,0.6414917838778588,192.0,1.0
2018-11-30,0.0159833690575101,0.0899999999999998,0.2,-0.0723817908131545,4041.32,-0.019627250502311178,0.0,0.7185575306034634,193.0,1.0
2018-12-07,0.0177003253388177,-0.0599999999999996,0.0699999999999999,-0.1299356849637314,3403.55,0.12323897107431936,1.0,0.785001128157535,194.0,1.0
2018-12-14,0.0288970389366918,-0.08,0.15,-0.1347571303664285,3224.17,0.1987240126916383,1.0,0.7917689143987543,195.0,1.0
2018-12-21,0.0212200053247715,-0.1800000000000001,0.1099999999999999,-0.2129362807343319,3838.66,0.022169194458482977,1.0,0.8507554086821535,196.0,1.0
2018-12-28,0.0101448136800481,-0.3599999999999999,-0.08,-0.1545789143655099,3839.26,0.038463141334527995,1.0,0.9191264279815774,197.0,1.0
2019-01-04,0.0053598393272309,-0.3500000000000001,-0.12,-0.1011126293187585,3792.01,0.08207784262172302,1.0,0.9182656287366966,198.0,1.0
2019-01-11,-0.0071071169553016,-0.3700000000000001,-0.21,-0.064108993850329,3601.31,0.38975817133209856,1.0,0.9318556314814037,199.0,1.0
2019-01-18,-0.0079239302694135,-0.1899999999999999,-0.06,-0.0013924498547053,3594.87,0.4042260220814662,1.0,0.8922870181441872,200.0,1.0
2019-01-25,-0.0140371661060332,-0.31,-0.1899999999999999,-0.0261153494802853,3565.29,0.47496557082313084,1.0,0.9254322303214706,201.0,1.0
2019-02-01,-0.0233778453919973,-0.4199999999999999,-0.3299999999999999,-0.0193103440092381,3462.07,0.5349487445372278,1.0,0.9543023720742596,202.0,1.0
2019-02-08,-0.012296658724805,-0.3599999999999999,-0.25,0.0069441197636319,3659.04,0.5776515151515151,1.0,0.9421856801045426,203.0,1.0
2019-02-15,-0.0126984072471072,-0.29,-0.29,0.0768744364852909,3602.47,0.7691556071251116,1.0,0.9415798416693086,204.0,1.0
2019-02-22,-0.018394852808535,-0.3199999999999998,-0.3,0.0268738727229151,3962.0,0.8564512872286725,1.0,0.9385812984440216,205.0,1.0
2019-03-01,-0.013332506350966,-0.1700000000000003,-0.1599999999999999,0.0898375144608458,3823.0,1.0834083180748104,1.0,0.9172541799970474,206.0,1.0
2019-03-08,-0.0122450552273312,-0.2799999999999998,-0.3500000000000001,0.0719873310538687,3864.89,1.2135170729309244,1.0,0.9348649197673237,207.0,1.0
2019-03-15,-0.014121165658688,-0.1999999999999997,-0.37,0.2140441561749901,3923.76,1.033898607458152,1.0,0.9461904841921674,208.0,1.0
2019-03-22,-0.0089662228490052,-0.2099999999999999,-0.4499999999999999,0.1607026630954156,3986.93,1.1695891324904126,1.0,0.9281289508568695,209.0,1.0
2019-03-29,0.0013480359116766,-0.2299999999999999,-0.38,0.1469773791163584,4103.25,1.476051910071285,1.0,0.9268108618535681,210.0,1.0
2019-04-05,0.0081742961266357,-0.1999999999999997,-0.28,0.1387381106518599,5004.95,1.4776731036274087,1.0,0.914653311996857,211.0,1.0
2019-04-12,-0.0017886136280312,-0.2200000000000002,-0.35,0.1155377398851016,5048.01,1.17327818288791,1.0,0.9208646626682477,212.0,1.0
2019-04-19,0.0059463408516247,-0.2200000000000002,-0.35,0.1162898104375378,5258.68,1.2357739965162358,1.0,0.9143663747105208,213.0,1.0
2019-04-26,0.0151369436718273,-0.2400000000000002,-0.2799999999999999,0.1214958102111491,5314.1,0.9766827873017068,1.0,0.9197641579454447,214.0,1.0
2019-05-03,0.0066750916809825,-0.1200000000000001,-0.18,0.1186319615134134,5772.69,0.7018062636309936,1.0,0.8853871429088901,215.0,1.0
2019-05-10,0.0047055324573905,-0.2600000000000002,-0.21,0.0594894787439419,6373.33,0.6512168677912489,1.0,0.9249961222002203,216.0,1.0
2019-05-17,0.0190458521627419,-0.2799999999999998,-0.16,0.0383577828341528,7355.26,0.6151692802157911,1.0,0.9165949634976336,217.0,1.0
2019-05-24,0.0134768677370631,-0.3899999999999997,-0.24,0.0054848910758709,7964.87,0.297138559700284,1.0,0.9440995985434509,218.0,1.0
2019-05-31,0.0118533389852106,-0.5000000000000002,-0.3199999999999999,0.0060757173587884,8555.0,0.21444184687317347,1.0,0.965807422470921,219.0,1.0
2019-06-07,0.0100827795062903,-0.5800000000000001,-0.3,0.0069675625895895,7980.53,0.2009904104113387,1.0,0.9782013125429194,220.0,1.0
2019-06-14,0.010638650362382,-0.47,-0.08,0.0201487485327929,8650.0,0.1906046242774566,1.0,0.9711111319970404,221.0,1.0
2019-06-21,-0.0026003781578657,-0.5,-0.19,0.0391224769573193,10159.86,0.01793331797879083,1.0,0.9788727737049969,222.0,1.0
2019-06-28,-0.0033964614177639,-0.6000000000000001,-0.29,0.0085089975131065,12400.63,-0.1799940809458873,0.0,0.9845101796043841,223.0,1.0
2019-07-05,0.0066469557886932,-0.5299999999999998,-0.26,0.0222477855323894,10970.73,-0.25457011520655415,0.0,0.977423454322288,224.0,1.0
2019-07-12,0.0006172748015,-0.5399999999999998,-0.27,0.0307674096019499,11757.22,-0.3079035690409807,0.0,0.981026657483494,225.0,1.0
2019-07-19,-0.0052582036029777,-0.4799999999999997,-0.29,1.1088582973162175e-05,10504.29,-0.21379741039137345,0.0,0.9726531682105515,226.0,1.0
2019-07-26,0.0024317960588071,-0.47,-0.33,0.0203588879149314,9824.0,-0.1910616856677524,0.0,0.970584271951639,227.0,1.0
2019-08-02,0.0056520452094372,-0.5399999999999998,-0.3899999999999999,0.011005500036296,10523.75,-0.177572633329374,0.0,0.9767342870032732,228.0,1.0
2019-08-09,-5.2383896674834673e-05,-0.5700000000000003,-0.4999999999999999,0.0182772822223948,11879.99,-0.22292779707727017,0.0,0.9804924636441891,229.0,1.0
2019-08-16,0.0085974745133983,-0.6800000000000002,-0.55,0.0339112396995613,10331.54,-0.1507819744200769,0.0,0.9881877688193932,230.0,1.0
2019-08-23,0.0049140175434538,-0.4399999999999999,-0.42,0.0400662969483003,10389.55,-0.18459124793662862,0.0,0.966390202537375,231.0,1.0
2019-08-30,0.0209155601329913,-0.3500000000000001,-0.3999999999999999,0.028516782574677,9584.54,-0.24167148345147504,0.0,0.9333760348457535,232.0,1.0
2019-09-06,0.0105559950891112,-0.31,-0.45,0.039300118490239,10298.73,-0.24848209439416313,0.0,0.9287501809957234,233.0,1.0
2019-09-13,0.0168063275387786,0.02,-0.11,0.0180534407623298,10342.06,-0.2721498424878602,0.0,0.7215488749700607,234.0,1.0
2019-09-20,0.0226894078568991,-0.06,-0.18,0.0139178546031599,10168.59,-0.2861861870721507,0.0,0.7536738655579927,235.0,1.0
2019-09-27,0.0226611717856857,-0.2400000000000002,-0.1899999999999999,-0.0272195382614275,8177.91,-0.12106760773840752,0.0,0.8333209764780601,236.0,1.0
2019-10-04,0.0240510244535738,-0.4400000000000001,-0.3299999999999999,-0.0317400535110227,8137.13,-0.10843995364458969,0.0,0.8904174840892105,237.0,1.0
2019-10-11,0.0170140899020192,-0.1700000000000001,-0.0499999999999999,-0.0109802126730669,8258.5,-0.11061815099594352,0.0,0.7811579463825848,238.0,1.0
2019-10-18,0.0051019127629172,-0.28,-0.1399999999999999,-0.0288912191893797,7947.01,0.031459630729041566,1.0,0.8283734413023723,239.0,1.0
2019-10-25,-0.000938147666164,-0.09,-0.05,0.0298660929025669,8655.02,0.029839330238405015,1.0,0.7686356924711107,240.0,1.0
2019-11-01,-0.0061034730625316,-0.0699999999999998,0.06,0.0536817101554882,9231.61,-0.08585826307653821,0.0,0.7719008706161153,241.0,1.0
2019-11-08,-0.0062778338654544,0.1999999999999999,0.22,0.0733688009662736,8773.73,0.066010693285524,1.0,0.6640985073996208,242.0,1.0
2019-11-15,-0.0073383921180485,0.1,0.2299999999999999,0.1017909531120822,8471.73,0.15840920331502528,1.0,0.7164322496393738,243.0,1.0
2019-11-22,-0.0105266275945241,0.1100000000000001,0.2,0.0699495670156042,7268.23,0.4232295895974676,1.0,0.7103165921773499,244.0,1.0
2019-11-29,-7.513071036080454e-05,0.08,0.16,0.0694057825668523,7739.68,0.2503165505550615,1.0,0.6896666192568262,245.0,1.0
2019-12-06,-0.0019662971866364,-0.1799999999999999,-0.08,0.058681341859041,7527.47,0.15482492789742097,1.0,0.7603249701949683,246.0,1.0
2019-12-13,-0.012674312329805,-0.0799999999999998,-0.01,0.0760328969861512,7258.48,0.25809811420572903,1.0,0.7663339039889056,247.0,1.0
2019-12-20,-0.0166664118285653,0.0,-0.01,0.1241027721277054,7187.83,-0.22388259043410874,0.0,0.7669178695343363,248.0,1.0
2019-12-27,-0.0196445466983412,0.1900000000000001,0.13,0.1282998714407099,7254.74,-0.14423397668283078,0.0,0.733705048795339,249.0,1.0
2020-01-03,-0.0157262341010699,-0.0999999999999998,-0.17,0.1196133428051871,7344.96,-0.13422128915610165,0.0,0.7736112361113447,250.0,1.0
2020-01-10,-0.0091850476689077,-0.02,-0.09,0.1346578800821711,8197.02,-0.17846973656279963,0.0,0.7468039435649345,251.0,1.0
2020-01-17,-0.0087165977184188,-0.0499999999999998,-0.06,0.1390032289000473,8913.28,-0.2304830544984563,0.0,0.7601733336068803,252.0,1.0
2020-01-24,-0.0015173090748217,-0.07,-0.12,0.1107161263923153,8439.0,-0.16725322905557527,0.0,0.7222749868921198,253.0,1.0
2020-01-31,-0.005235354587618,-0.3499999999999998,-0.37,0.0797175435032619,9352.89,-0.19757422572060612,0.0,0.7808044762336384,254.0,1.0
2020-02-07,0.0005882853072094,-0.2000000000000001,-0.28,0.1147054418058475,9813.73,-0.10054994380322269,0.0,0.7468854654783303,255.0,1.0
2020-02-14,-0.0042031002354727,-0.1900000000000001,-0.22,0.1421733429753047,10344.36,-0.05262287855411063,0.0,0.7749409110129839,256.0,1.0
2020-02-21,-0.0006241440432238,-0.27,-0.32,0.1051437655358276,9677.05,-0.037266522338935903,0.0,0.7661426806642773,257.0,1.0
2020-02-28,0.0095994357210218,-0.7500000000000001,-0.43,-0.0102997567655469,8692.91,0.05488265724596264,1.0,0.8155175901080217,258.0,1.0
2020-03-06,0.0087634305905008,-1.12,-0.69,-0.0182326222869272,9131.88,0.03232521671331656,1.0,0.8739506227241134,259.0,1.0
2020-03-13,0.0404199039735728,-1.14,-0.1099999999999999,-0.1176565589897276,5578.6,0.7246549313447816,1.0,0.8270797250993376,260.0,1.0
2020-03-20,0.0843273737198402,-1.2200000000000002,0.02,-0.2361707355234251,6208.36,0.5245781494629822,1.0,0.717123427802589,261.0,1.0
2020-03-27,0.0644770221251676,-1.28,-0.25,-0.1683215210384715,6359.11,0.4640775202819263,1.0,0.7816965590812176,262.0,1.0
2020-04-03,0.081234786130252,-1.33,-0.53,-0.1967325140893014,6734.1,0.36056934111462535,1.0,0.7252385503376079,263.0,1.0
2020-04-10,0.0616483119194615,-1.35,-0.59,-0.1315761198842346,6858.92,0.32065398051005123,1.0,0.782039544709185,264.0,1.0
2020-04-17,0.0633063218052607,-1.29,-0.38,-0.0713662823002604,7027.55,0.3217038655007791,1.0,0.7703216269161177,265.0,1.0
2020-04-24,0.0728132060880724,-1.11,-0.37,-0.0564336422475362,7505.0,0.21976282478347775,1.0,0.6814046738769822,266.0,1.0
2020-05-01,0.0569966508910071,-1.21,-0.35,-0.0961670743323265,8826.96,0.08053055638634365,1.0,0.7409575815160258,267.0,1.0
2020-05-08,0.0525294552675903,-1.26,-0.36,-0.0626706519234644,9800.01,0.15667841155264117,1.0,0.744383109280238,268.0,1.0
2020-05-15,0.0559756611216148,-1.1800000000000002,-0.3,-0.0586879340775254,9316.42,0.2444941297193557,1.0,0.7062331589410361,269.0,1.0
2020-05-22,0.0396432675374478,-0.69,-0.18,0.0883841501189959,9170.0,0.2825016357688115,1.0,0.6452813959569715,270.0,1.0
2020-05-29,0.0362880492431707,-0.3299999999999999,0.0699999999999999,0.1066103660734265,9427.07,0.2232156969238588,1.0,0.5951837257414783,271.0,1.0
2020-06-05,-0.0134923297143445,-0.27,-0.3999999999999999,0.2462513999159461,9621.16,0.1980790258139351,1.0,0.6777476971756218,272.0,1.0
2020-06-12,-0.0421951363976172,-0.18,-0.67,0.3938195605346684,9465.13,0.10365626251303484,1.0,0.670041935628737,273.0,1.0
2020-06-19,-0.017827512424357,-0.06,-0.38,0.3257286717743342,9310.23,0.11575009425116245,1.0,0.6035479646342916,274.0,1.0
2020-06-26,-0.0312035828419678,-0.06,-0.22,0.3233573517682171,9162.21,0.19331362193182655,1.0,0.6605868498246409,275.0,1.0
2020-07-03,-0.0188581785080451,-0.07,-0.2299999999999999,0.2519199891343742,9058.26,0.1797707285946748,1.0,0.6448198902123906,276.0,1.0
2020-07-10,-0.0286487454322011,-0.04,-0.4,0.2274299446258487,9288.34,0.1380289696544268,1.0,0.6494124643226739,277.0,1.0
2020-07-17,-0.0405721580361062,-0.0799999999999999,-0.3099999999999999,0.2164186312480291,9154.32,0.20715028532976776,1.0,0.7105173583947106,278.0,1.0
2020-07-24,-0.0407335167422929,-0.06,-0.5,0.2043276779388316,9537.8,0.186785212522804,1.0,0.680617309290883,279.0,1.0
2020-07-31,-0.0434942984986684,-0.05,-0.5700000000000001,0.1780388324401363,11335.46,0.14005695401862828,1.0,0.6799039236573161,280.0,1.0
2020-08-07,-0.0483433940862029,-0.03,-0.5900000000000001,0.2214662716315369,11594.23,0.16955589116310454,1.0,0.6699489281904326,281.0,1.0
2020-08-14,-0.0439956802219732,-0.03,-0.4799999999999999,0.1817463276492976,11760.54,0.3247622983298386,1.0,0.684779209641543,282.0,1.0
2020-08-21,-0.0321515918700774,0.0,-0.5,0.1919867885441579,11531.34,0.41533421094166,1.0,0.6345745517657814,283.0,1.0
2020-08-28,-0.0242093090196593,-0.0799999999999999,-0.67,0.1917194265493473,11526.91,0.6184450125835976,1.0,0.6268781798908026,284.0,1.0
2020-09-04,-0.0303331397365134,-0.0499999999999999,-0.48,0.1798263173187413,10446.25,0.6407342347732441,1.0,0.6836284674670079,285.0,1.0
2020-09-11,-0.0343707213359661,-0.06,-0.38,0.0912345393790194,10387.89,0.795409847428111,1.0,0.7201664578536091,286.0,1.0
2020-09-18,-0.0439174333999816,-0.03,-0.2899999999999999,0.1061839925623984,10933.39,0.6496740718112131,1.0,0.7495025891893932,287.0,1.0
2020-09-25,-0.0165833023932986,-0.04,-0.19,0.0691570614926622,10686.67,1.1622628938668451,1.0,0.7024798065734925,288.0,1.0
2020-10-02,-0.0219420213840029,-0.03,-0.1799999999999999,0.0430969313736915,10570.4,1.3378935518050405,1.0,0.7118097043248973,289.0,1.0
2020-10-09,-0.0323049931164164,0.0199999999999999,-0.12,0.1025164693726339,11050.64,1.6542978506222266,1.0,0.7399659943771657,290.0,1.0
2020-10-16,-0.0200198251291554,0.0,-0.0299999999999999,0.1262527450325559,11319.32,2.5852692564571016,1.0,0.7397151004366113,291.0,1.0
2020-10-23,-0.0187324777617947,0.0699999999999999,0.0999999999999999,0.0747315588363919,12923.07,1.8431494993062794,1.0,0.7183545908305008,292.0,1.0
2020-10-30,-0.0126547410857827,0.01,0.22,-0.0090265008899141,13560.1,1.4295668910996229,1.0,0.7234023036259193,293.0,1.0
2020-11-06,-0.0252061963664971,0.0199999999999999,0.12,0.0794905919239885,15579.92,1.198483689261562,1.0,0.7582070040072479,294.0,1.0
2020-11-13,-0.0240694293046476,0.01,0.17,0.0457478246883893,16320.7,1.346115056339495,1.0,0.756913007062639,295.0,1.0
2020-11-20,-0.0211182931478538,0.0199999999999999,0.17,0.0136238787775047,18655.67,1.5347575294803137,1.0,0.736644155387799,296.0,1.0
2020-11-27,-0.0245823016735511,0.0199999999999999,0.0699999999999999,0.0789100572352454,17139.52,2.261818300629189,1.0,0.7527183059388306,297.0,1.0
2020-12-04,-0.0371171177379646,0.03,0.0599999999999999,0.1484012782036408,18650.52,1.4812643293591816,1.0,0.794380572872464,298.0,1.0
2020-12-11,-0.0268814078506068,-0.03,0.0,0.146812628191423,18036.53,1.7029428609605062,1.0,0.7877575375974072,299.0,1.0
2020-12-18,-0.053117091252156,0.01,-0.0799999999999999,0.1687882002436582,23107.39,1.4763385220052978,1.0,0.8306949510000778,300.0,1.0
2020-12-25,-0.0407034568897501,0.0,-0.09,0.1561812990595037,24712.47,1.3482076053101935,1.0,0.80725195693703,301.0,1.0
2021-01-01,-0.0343420165741782,-0.03,-0.1200000000000001,0.1129832965630641,29331.69,0.8759774837385776,1.0,0.7935513326301208,302.0,1.0
2021-01-08,-0.0387257607678812,0.0,0.0199999999999999,0.1311239418535157,40582.81,0.4525857130149442,1.0,0.8098908733971395,303.0,1.0
2021-01-15,-0.0304488377795129,-0.0499999999999999,-0.0899999999999999,0.1255788474322179,36742.22,0.5824449366423694,1.0,0.8002996599721953,304.0,1.0
2021-01-22,-0.0394694468697744,-0.01,-0.17,0.2411628153407696,32945.17,0.8617235849746718,1.0,0.8284551681619998,305.0,1.0
2021-01-29,-0.0179030264431069,-0.05,-0.2,0.0988177542272557,34252.2,0.49260894190738114,1.0,0.7567320618712239,306.0,1.0
2021-02-05,-0.0175228051194111,-0.08,-0.19,0.1713551497115584,38290.24,0.5067617753244691,1.0,0.7871006668877621,307.0,1.0
2021-02-12,-0.0176237344588462,-0.05,-0.15,0.1889924691228766,47287.6,0.21204607550393773,1.0,0.7866458224628653,308.0,1.0
2021-02-19,-0.0130453259917849,-0.05,0.1099999999999999,0.136705793120774,55906.0,-0.10847762315315002,0.0,0.7911821534433705,309.0,1.0
2021-02-26,0.0094186860002611,-0.0199999999999999,0.21,0.0584166942717019,46276.87,-0.19501880745175726,0.0,0.7095636476796019,310.0,1.0
2021-03-05,0.0143300841702953,0.03,0.3099999999999999,0.0438104672535306,48751.71,-0.268466890699834,0.0,0.6840214043238045,311.0,1.0
2021-03-12,0.0127214128850225,0.01,0.38,0.0442330387715299,57221.72,-0.35638075891462195,0.0,0.7096262190635785,312.0,1.0
2021-03-19,0.0088845667155144,0.03,0.4600000000000001,0.0320592273790416,58030.01,-0.3566780360713362,0.0,0.722044544114244,313.0,1.0
2021-03-26,0.0217729742743464,0.01,0.39,0.0194323982718371,55025.59,-0.3490330589821936,0.0,0.6744953457690339,314.0,1.0
2021-04-02,0.0219868499443318,0.0499999999999999,0.29,0.0210672848267616,58950.01,-0.4642163758750847,0.0,0.6411076776310327,315.0,1.0
2021-04-09,0.0151752389458938,0.03,0.35,0.0693688063766972,58142.54,-0.4189013758256863,0.0,0.704768472807466,316.0,1.0
2021-04-16,0.0083351561071289,0.03,0.2199999999999999,0.0376045214003106,61334.8,-0.448668455754319,0.0,0.6955245859596453,317.0,1.0
2021-04-23,0.0012308945602141,0.05,0.26,0.0723847868415639,51125.14,-0.38613625312321886,0.0,0.7308912438153626,318.0,1.0
2021-04-30,-0.0013720855432968,0.07,0.26,0.0076773658416737,57694.27,-0.41702893545580877,0.0,0.7049107280321593,319.0,1.0
2021-05-07,-0.0041618492962079,0.03,0.12,-0.0243503408432493,57314.75,-0.263603697128575,0.0,0.6954642030397429,320.0,1.0
2021-05-14,-0.0051071654291898,0.05,-0.0799999999999999,-0.0320358048845792,49841.45,-0.14053724359945374,0.0,0.6566673745685768,321.0,1.0
2021-05-21,-0.0157138223141595,0.03,-0.09,0.0211213796822051,37252.01,0.28315223795977706,1.0,0.7204047916824944,322.0,1.0
2021-05-28,-0.0262956851375004,0.0,-0.1799999999999999,0.0641315943467062,35663.49,0.3829961677895237,1.0,0.768868814076116,323.0,1.0
2021-06-04,-0.0201261823512809,0.0,-0.2199999999999999,0.0371347649117415,36829.0,0.332371229194385,1.0,0.7445398898980032,324.0,1.0
2021-06-11,-0.0166611197462106,0.0,-0.28,0.0646359560894049,37331.98,0.3393112286034654,1.0,0.7436982511893996,325.0,1.0
2021-06-18,-0.0061525963464232,0.12,-0.12,0.0678641986136527,35819.84,0.25212480011077676,1.0,0.6719526762475453,326.0,1.0
2021-06-25,-0.0155278001257346,0.09,-0.16,0.0653020838789324,31584.45,0.4975717481228896,1.0,0.7149368887874301,327.0,1.0
2021-07-02,-0.0058328945927131,0.0799999999999999,-0.25,0.0531747857827094,33786.55,0.26708912274262975,1.0,0.6924880426912604,328.0,1.0
2021-07-09,0.0031658567549837,0.07,-0.14,0.0462257592221491,33815.81,0.4236420774779608,1.0,0.6561246936553734,329.0,1.0
2021-07-16,0.0085102093070768,0.09,-0.26,0.0292813184058509,31383.87,0.7190814899500924,1.0,0.6433995271701661,330.0,1.0
2021-07-23,0.0120971879101281,0.06,-0.29,0.0626176755782574,33634.09,0.8336283217414238,1.0,0.6504962810793844,331.0,1.0
2021-07-30,0.0148300066021225,0.0499999999999999,-0.2699999999999999,0.0669301464661935,42206.37,0.43789243187698923,1.0,0.6427509614153387,332.0,1.0
2021-08-06,0.0195572423883321,0.0499999999999999,-0.18,0.1046747089577744,42836.87,0.4532740137176221,1.0,0.6197803456781488,333.0,1.0
2021-08-13,0.0180437898892107,0.06,-0.28,0.1003571476727986,47800.0,0.2748351464435146,1.0,0.6341435982749042,334.0,1.0
2021-08-20,0.0337972292646284,0.09,-0.17,0.0702551583206132,49322.47,0.3000612094244266,1.0,0.547227433012235,335.0,1.0
2021-08-27,0.0233702114903464,0.0799999999999999,-0.2400000000000001,0.0951906109682443,49069.9,0.1830519320398043,1.0,0.6046094662203834,336.0,1.0
2021-09-03,0.0130907984549923,0.0499999999999999,-0.16,0.0919795994831986,49999.14,0.07454908224421453,1.0,0.6405267295946013,337.0,1.0
2021-09-10,-0.0008695975258491,-0.03,-0.26,0.0773400549825298,44850.91,0.19509392340088527,1.0,0.7225994491833816,338.0,1.0
2021-09-17,0.0145884223265202,-0.05,-0.1599999999999999,0.047601777866757,47299.98,-0.0033708259496093573,0.0,0.6608053508180554,339.0,1.0
2021-09-24,0.0108154697114422,0.0499999999999999,0.02,0.0278954101730182,42810.57,0.07756565726641806,1.0,0.6140808199482286,340.0,1.0
2021-10-01,0.0136683283482883,0.04,0.01,-0.0091974196078504,48141.61,0.055635654893968045,1.0,0.6035044558240049,341.0,1.0
2021-10-08,0.0137629287314184,0.07,0.13,0.0105564059524443,53951.43,-0.14336042622039857,0.0,0.5764598175050869,342.0,1.0
2021-10-15,0.0057360820452785,0.1899999999999999,0.08,0.0040675102174818,61672.42,-0.32601185424538226,0.0,0.5798043748498489,343.0,1.0
2021-10-22,0.0088629412610474,0.29,0.1799999999999999,0.0284556411442822,60688.22,-0.29047251674212893,0.0,0.5219270022609326,344.0,1.0
2021-10-29,0.0072906958682821,0.27,0.1,0.0446643713082923,62253.71,-0.414568063493726,0.0,0.5546891273666302,345.0,1.0
2021-11-05,0.0089482272922258,0.16,-0.01,0.0774942435592098,60937.12,-0.38105771982660164,0.0,0.6116477684068599,346.0,1.0
2021-11-12,0.0001179030033824,0.3,-0.1399999999999999,0.077901887812245,64122.23,-0.35164060888088267,0.0,0.6360933211980507,347.0,1.0
2021-11-19,0.016572201968583,0.3,-0.03,0.0613331854778742,58052.24,-0.27007588337676536,0.0,0.553883594746434,348.0,1.0
2021-11-26,0.0352091026374619,0.29,-0.06,0.0083405774789662,53726.53,-0.2559646044514693,0.0,0.48983804867037595,349.0,0.0
2021-12-03,0.029175908094827,0.37,-0.03,-0.0019860756976461,53601.05,-0.268313400577041,0.0,0.48050292660170807,350.0,0.0
2021-12-10,0.0173795696965375,0.44,0.0,0.0389943541149722,47140.54,-0.16953306007949842,0.0,0.5001458332482833,351.0,1.0
2021-12-17,0.017856059746993,0.37,-0.0999999999999999,0.0081061883612951,46131.2,-0.1604473761792452,0.0,0.5381170078164452,352.0,1.0
2021-12-24,0.0100883197907322,0.4399999999999999,-0.0699999999999999,0.0745995940950776,50820.0,-0.17832526564344742,0.0,0.5541710634632593,353.0,1.0
2021-12-31,0.0059721497470299,0.41,-0.15,0.0730770439016201,46216.93,-0.04119204802222898,0.0,0.5958164618850619,354.0,1.0
2022-01-07,0.0083670419535368,0.46,0.25,0.002588418286717,41566.48,0.11348110304264392,1.0,0.45193854351334967,355.0,0.0
2022-01-14,0.0062681446291896,0.51,0.3199999999999999,-0.0130183955659861,43059.96,-0.018763370890265474,0.0,0.41902988594231144,356.0,0.0
2022-01-21,0.0041845219998439,0.53,0.37,-0.1115902855582715,36445.31,0.11267814706473911,1.0,0.3813634415271095,357.0,0.0
2022-01-28,0.0172354242714327,0.7599999999999999,0.43,-0.137808418121337,37716.56,0.052831435316476494,1.0,0.26302280632937103,358.0,0.0
2022-02-04,0.0054298848005143,0.78,0.6699999999999999,-0.1111502834415009,41574.25,-0.07163424475486624,0.0,0.24575066632022108,359.0,0.0
2022-02-11,-0.0032755099649622,0.98,0.6000000000000001,-0.1411364438178149,42373.73,-0.15009204995642367,0.0,0.22580801159568273,360.0,0.0
2022-02-18,-0.014694838138774,0.97,0.5800000000000001,-0.1254603976686045,39974.44,-0.26735559022215205,0.0,0.2590317555642411,361.0,0.0
2022-02-25,-0.0084309995810309,0.95,0.5100000000000001,-0.0921979649679712,39219.17,-0.25544038795313617,0.0,0.2564147054388115,362.0,0.0
2022-03-04,0.0093196346557853,0.83,0.0299999999999999,-0.1482450601765592,39148.66,-0.2686901671730272,0.0,0.2899043587857445,363.0,0.0
2022-03-11,0.0106070419980828,1.09,0.03,-0.1533236142819841,38729.57,-0.23313865865280714,0.0,0.19777766920020834,364.0,0.0
2022-03-18,0.0052287774043418,1.26,0.25,-0.1124058436148216,41757.51,-0.303313823070389,0.0,0.1482476596075684,365.0,0.0
2022-03-25,0.0044160891024696,1.5699999999999998,0.5700000000000001,-0.0943223251732832,44313.16,-0.5380873311675358,0.0,0.07677923248033493,366.0,0.0
2022-04-01,0.0037924257530306,1.5699999999999998,0.31,-0.0451529785943343,46283.49,-0.5411389676966885,0.0,0.10222996708409937,367.0,0.0
2022-04-08,0.0177920573514305,1.5399999999999998,0.51,-0.0794125052454889,42252.01,-0.5436950810150807,0.0,0.07168072532418474,368.0,0.0
2022-04-15,0.0182283782309957,1.4600000000000002,0.53,-0.0303465955297022,40551.9,-0.46747871246476735,0.0,0.09528811575937454,369.0,0.0
2022-04-22,0.0170571521889566,1.5700000000000005,0.5800000000000001,-0.0676283009565803,39709.18,-0.47543515126728886,0.0,0.0964737229666711,370.0,0.0
2022-04-29,0.0378430068041155,1.39,0.49,-0.1250793655631522,38596.11,-0.4122508719142939,0.0,0.0874469540987503,371.0,0.0
2022-05-06,0.0436811495515985,1.2200000000000002,0.77,-0.1193874468582589,36013.77,-0.33987055506824193,0.0,0.08107851791157916,372.0,0.0
2022-05-13,0.05266633100519,1.14,0.73,-0.128658197979071,29287.05,-0.20400245159550046,0.0,0.0764412384867984,373.0,0.0
2022-05-20,0.035659222767763,1.05,0.7999999999999999,-0.1708700190276305,29201.01,-0.16428644077721966,0.0,0.09695796053063546,374.0,0.0
2022-05-27,0.013999963994949,0.9700000000000002,1.04,-0.0888057863870092,28629.8,-0.2722830756763931,0.0,0.13470460261951936,375.0,0.0
2022-06-03,0.0102213995651996,0.91,1.16,-0.0647065885719355,29700.21,-0.318487983754997,0.0,0.1489228697091795,376.0,0.0
2022-06-10,0.0332389626805398,1.09,1.11,-0.1838095401429871,29091.88,-0.3141777018192018,0.0,0.07121478991612419,377.0,0.0
2022-06-17,0.0470222061781417,0.8700000000000001,1.14,-0.2379052064518614,20468.81,0.04354429983960961,1.0,0.07569493595883604,378.0,0.0
2022-06-24,0.0433307874688044,0.6000000000000001,0.98,-0.1860870092776005,21237.69,-0.06753983130933727,0.0,0.13910400915200585,379.0,0.0
2022-07-01,0.0437064498838664,0.31,0.6900000000000001,-0.1883998534479615,19279.8,0.0005243830330190491,1.0,0.2338746800487393,380.0,0.0
2022-07-08,0.0493951673368939,0.6499999999999999,0.78,-0.1285117382093823,21594.75,-0.10058648514106439,0.0,0.1369515757189163,381.0,0.0
2022-07-15,0.0462461001909868,0.4099999999999997,0.6499999999999999,-0.1080176639804896,20830.04,-0.06240746537212605,0.0,0.21890960479589325,382.0,0.0
2022-07-22,0.0247520153849629,0.2799999999999998,0.42,-0.040579158462761,22684.83,-0.15463638034757154,0.0,0.3770182585522888,383.0,0.0
2022-07-29,0.0159363979118571,0.1699999999999999,-0.12,0.0202583086123562,23773.75,-0.19388527262211475,0.0,0.5420406843851422,384.0,1.0
2022-08-05,0.0122206940837872,0.6300000000000003,0.13,0.072219382015036,23312.42,-0.1167008830486066,0.0,0.3423593148599769,385.0,0.0
2022-08-12,0.0138253480631695,0.6499999999999999,0.1399999999999999,0.1490644596676513,24403.68,-0.1333880791749441,0.0,0.3560851915628331,386.0,0.0
2022-08-19,0.04029897686404,0.7799999999999998,0.32,0.0473236911397161,20834.39,-0.18066667658616342,0.0,0.18276216866966846,387.0,0.0
2022-08-26,0.0410293760621509,0.71,0.2499999999999999,0.0107369005342314,20241.05,-0.17492175554133793,0.0,0.1953431006601106,388.0,0.0
2022-09-02,0.0314688315898334,0.3399999999999998,0.3399999999999999,0.0256472944787282,19951.86,-0.17189976272888852,0.0,0.35196486035455204,389.0,0.0
2022-09-09,0.0210373244449504,0.3900000000000001,0.24,0.121681553984577,21360.11,-0.19978221085940095,0.0,0.4240748634928308,390.0,0.0
2022-09-16,0.0364700092044425,0.81,0.5000000000000001,-0.0137168278212983,19803.3,-0.13506536789322987,0.0,0.1676365044814469,391.0,0.0
2022-09-23,0.0475656306118721,1.3600000000000003,0.78,-0.0233576055571439,19289.91,-0.13778135823339777,0.0,0.05502560784883694,392.0,0.0
2022-09-30,0.0412244358035114,1.0999999999999996,0.96,-0.091075312325922,19422.61,-0.1361356686871641,0.0,0.08234497248544503,393.0,0.0
2022-10-07,0.0310553020210322,1.17,1.0500000000000005,-0.0698559375841521,19530.09,-0.14964651980610433,0.0,0.08142692235993958,394.0,0.0
2022-10-14,0.0480314574809517,1.5000000000000004,1.16,-0.1278271587965436,19176.93,-0.11609157461595776,0.0,0.03104518204686752,395.0,0.0
2022-10-21,0.0484996854669297,1.6,1.5499999999999998,-0.1235581432538147,19164.37,0.03995122198120771,1.0,0.022673186653620874,396.0,0.0
2022-10-28,0.0399972204282175,1.17,1.14,-0.1228594501598639,20591.84,0.10078603951856646,1.0,0.06251304760034361,397.0,0.0
2022-11-04,0.0506437058949909,1.41,1.3199999999999998,-0.1971259976274525,21148.52,0.09105318008068641,1.0,0.029447373025930285,398.0,0.0
2022-11-11,0.0134441174773527,1.09,1.0,-0.108765505688061,17070.31,0.3726698577823133,1.0,0.1080065476500748,399.0,0.0
2022-11-18,0.0063933381871132,1.1399999999999997,1.1,-0.0820024851382731,16700.45,0.294886664730591,1.0,0.10803052445013615,400.0,0.0
2022-11-25,-0.0035201168578614,1.02,0.6300000000000001,-0.0347781666852924,16522.14,0.4870936815690947,1.0,0.17571110168756432,401.0,0.0
2022-12-02,-0.014356873155103,0.7200000000000002,0.17,-0.0537312530310194,17092.74,0.3564408046925185,1.0,0.3428936459836159,402.0,0.0
2022-12-09,-0.0196934001925057,0.48,0.24,-0.0387635178973044,17128.56,0.3050916130719685,1.0,0.47511813217105087,403.0,0.0
2022-12-16,-0.0364126886608273,-0.0300000000000002,0.03,-0.0149540469917582,16632.12,0.2115527064499294,1.0,0.7838690438779328,404.0,1.0
2022-12-23,-0.0434498583693814,0.0899999999999998,-0.1299999999999999,-0.0073527381622402,16778.5,0.6327520338528474,1.0,0.7726023041672395,405.0,1.0
2022-12-30,-0.0462292761589523,0.1100000000000003,-0.04,-0.0174533358733516,16607.48,0.6531388266010256,1.0,0.7664288405028576,406.0,1.0
2023-01-06,-0.0564728342391834,-0.2400000000000002,-0.25,0.0240181214999986,16950.65,0.6793078731494071,1.0,0.897982755846309,407.0,1.0
2023-01-13,-0.0666246323630197,-0.2700000000000004,-0.3799999999999999,0.0202068225711899,19930.01,0.40021655784417587,1.0,0.9115535607553398,408.0,1.0
2023-01-20,-0.0618244132894699,-0.2700000000000004,-0.26,0.0034208207665309,22667.21,0.34409704590904666,1.0,0.8985352644140536,409.0,1.0
2023-01-27,-0.0646850726876334,-0.4699999999999997,-0.5,0.109444639596907,23074.16,0.18153120200258654,1.0,0.9306272654577568,410.0,1.0
2023-02-03,-0.0416577121577106,-0.04,-0.1199999999999998,0.0603727094830657,23431.9,0.250931422547894,1.0,0.8088585653334871,411.0,1.0
2023-02-10,-0.0299590480281366,-0.0099999999999997,-0.1600000000000001,0.0513240166416013,21625.19,0.36440928380282456,1.0,0.7663908968858003,412.0,1.0
2023-02-17,-0.022588224610949,0.1799999999999997,0.0999999999999998,0.04996358232964,24569.97,0.09055932913226994,1.0,0.6927254537144577,413.0,1.0
2023-02-24,-0.0036234675461559,0.5,0.49,-0.0058072303199843,23185.29,0.15936699519393538,1.0,0.5082570193316841,414.0,1.0
2023-03-03,-0.0134446875962362,0.5300000000000002,0.1399999999999999,0.0621911198341675,22354.34,0.19466376551488418,1.0,0.5235432875591256,415.0,1.0
2023-03-10,-0.0114830351282709,0.4299999999999997,0.0899999999999998,0.0404916286121392,20150.69,0.3519432833317371,1.0,0.5548328116318783,416.0,1.0
2023-03-17,-0.0033613638282817,-0.4999999999999995,-0.26,0.1078933588494455,27395.13,-0.03348478360934948,0.0,0.8301350962073155,417.0,1.0
2023-03-24,-0.0079538416940084,-0.6500000000000004,-0.4200000000000001,0.1296978001574222,27454.47,-0.04041127000448386,0.0,0.8687955504765879,418.0,1.0
2023-03-31,-0.0142461671616348,-0.1800000000000006,-0.1800000000000001,0.1563605607452975,28465.36,0.0780998378379898,1.0,0.7790138205992356,419.0,1.0
2023-04-07,0.0015725790548246,-0.2499999999999995,-0.1700000000000001,0.0910538154932631,27906.33,0.0919386390112924,1.0,0.7496156794110558,420.0,1.0
2023-04-14,-0.0041215397583214,-0.0599999999999996,-0.03,0.0882407650905521,30466.93,-0.004011890925669226,0.0,0.7131011181214306,421.0,1.0
2023-04-21,0.0032744069026582,-0.0200000000000004,0.1,0.038785170298953,27262.84,0.11184344697764415,1.0,0.6770040215359036,422.0,1.0
2023-04-28,-0.0023822373953534,-0.2599999999999998,-0.05,0.0182918958802913,29311.7,0.020129163439855047,1.0,0.7740862415359157,423.0,1.0
2023-05-05,-0.013210212257339,-0.5800000000000001,-0.1799999999999999,0.0441444560978485,29505.61,-0.006489274412560864,0.0,0.8764501183794466,424.0,1.0
2023-05-12,-0.0098338816417066,-0.6199999999999997,-0.1799999999999999,0.0422040661585045,26795.01,0.08654521868064258,1.0,0.8776826938230677,425.0,1.0
2023-05-19,-0.0147489349590888,-0.5,-0.1100000000000001,0.1108351525600854,26880.26,0.0947077892847763,1.0,0.8666824919446772,426.0,1.0
2023-05-26,-0.0011906516457985,-0.3200000000000003,0.1200000000000001,0.1100761048079852,26705.92,-0.024411066909509116,0.0,0.7951989811647698,427.0,1.0
2023-06-02,-0.0102043762026555,-0.0999999999999996,0.07,0.1886974329714577,27242.59,-0.04340923531866836,0.0,0.7567134703147528,428.0,1.0
2023-06-09,-0.0175388662625458,0.7799999999999998,0.26,0.1400308254437874,26477.81,-0.02540844578913448,0.0,0.46303570072718486,429.0,0.0
2023-06-16,-0.0169467324368792,0.9400000000000004,0.3900000000000001,0.1577821946053494,26345.0,-0.01649269311064716,0.0,0.4044783394666144,430.0,0.0
2023-06-23,-0.0017443000263069,0.6500000000000004,0.3700000000000001,0.1039616032809929,30688.5,-0.13322580119588767,0.0,0.44921472085974834,431.0,0.0
2023-06-30,4.943248988098503e-05,0.8999999999999999,0.4500000000000002,0.1406324943523107,30472.0,-0.1277192176424259,0.0,0.34744817315608034,432.0,0.0
2023-07-07,0.0018459203393665,0.8600000000000003,0.5700000000000001,0.1267995082820134,30344.7,-0.11328963542233084,0.0,0.3570079248122102,433.0,0.0
2023-07-14,-0.018987240983072,0.5700000000000003,0.3,0.1690823776578907,30312.01,-0.07854708414255596,0.0,0.5533594293130294,434.0,1.0
2023-07-21,-0.010761183914756,0.7800000000000002,0.2299999999999999,0.1477297396856778,29901.72,-0.1016570284251207,0.0,0.428850012189791,435.0,0.0
2023-07-28,-0.0064678950156383,0.9500000000000002,0.3500000000000001,0.1701005502408001,29314.14,0.012106785326125857,1.0,0.35524294343524154,436.0,0.0
2023-08-04,-0.0045749624477766,0.8000000000000003,0.3899999999999999,0.1322372283830915,29113.99,0.16411457172307875,1.0,0.4044672568652177,437.0,0.0
2023-08-11,-0.0012381538399883,0.6099999999999994,0.3400000000000001,0.0779710053241513,29426.03,0.17979829423133187,1.0,0.4636435653965615,438.0,0.0
2023-08-18,-0.001643864233228,0.3799999999999999,0.3699999999999999,0.0242830888620073,26054.0,0.43170453673140385,1.0,0.5546838501649781,439.0,1.0
2023-08-25,0.004239826873736,0.5300000000000002,0.4099999999999999,0.0264245109432073,26060.01,0.4049848791308983,1.0,0.46751274395855763,440.0,0.0
2023-09-01,0.0111092318486973,0.2800000000000002,0.3699999999999999,0.0582745142114897,25805.05,0.46148021414413076,1.0,0.514465609933164,441.0,1.0
2023-09-08,0.0298019564527134,0.2800000000000002,0.3799999999999999,0.005256553660548,25910.5,0.4929283495108159,1.0,0.4360326178607927,442.0,0.0
2023-09-15,0.0171797368067678,0.3099999999999996,0.4499999999999999,0.0159948293108016,26600.0,0.6605635338345863,1.0,0.4783128146907781,443.0,0.0
2023-09-22,0.0181802035177436,0.2299999999999995,0.4799999999999997,-0.0417837030405493,26580.14,0.5778810796331397,1.0,0.5179032447377439,444.0,1.0
2023-09-29,0.027138947278253,0.0899999999999998,0.4500000000000002,-0.0323115782255765,26906.96,0.6341139987571989,1.0,0.5232104768670712,445.0,1.0
2023-10-06,0.053910290201399,0.3399999999999998,0.8800000000000001,-0.0483473746869816,27931.09,0.5060976854107733,1.0,0.3053100508771061,446.0,0.0
2023-10-13,0.0479355071738771,0.2199999999999997,0.8,-0.0445797470868528,26862.0,0.6434036929491476,1.0,0.3722521543776207,447.0,0.0
2023-10-20,0.0494447651713247,0.2000000000000001,0.8799999999999999,-0.0930978713883655,29669.04,0.4419991344512664,1.0,0.3867196572169838,448.0,0.0
2023-10-27,0.0403884835172234,0.2099999999999999,0.75,-0.0910352001556968,33892.02,0.2291692852771834,1.0,0.42836558678274866,449.0,0.0
2023-11-03,0.0178020309830237,-0.0599999999999996,0.3800000000000001,-0.0122074878584996,34716.78,0.20470590878531958,1.0,0.6168416940402014,450.0,1.0
2023-11-10,0.01408262415087,0.1200000000000001,0.3500000000000001,0.0381715796730861,37301.63,0.15812633388943076,1.0,0.5606211525261915,451.0,1.0
2023-11-17,0.0027714691358742,-0.1500000000000003,0.2400000000000002,0.0393527949548266,36613.92,0.28729100844706057,1.0,0.70398498437875,452.0,1.0
2023-11-24,-0.0045421045222302,0.0499999999999998,0.29,0.0156102488396028,37713.57,0.3821049028241028,1.0,0.6799407465587605,453.0,1.0
2023-12-01,-0.0164423214908054,-0.4200000000000008,0.07,0.0394941542983096,38682.52,0.3118108644421307,1.0,0.8392914204093346,454.0,1.0
2023-12-08,-0.0036163664716705,-0.3099999999999996,0.04,0.0507457614802815,44170.99,0.4124179693504719,1.0,0.7768296321517251,455.0,1.0
2023-12-15,-0.0147485489251266,-0.6599999999999993,-0.3799999999999999,0.1212635061863525,41940.3,0.624313369241517,1.0,0.8673295504687571,456.0,1.0
2023-12-22,-0.026533080092259,-0.7200000000000006,-0.5300000000000002,0.1341709991235602,43969.04,0.5806542512640713,1.0,0.8964904817567214,457.0,1.0
2023-12-29,-0.0400101170349629,-0.8499999999999996,-0.7500000000000002,0.1176360500147888,42066.95,0.5165501658665532,1.0,0.9277539706862421,458.0,1.0
2024-01-05,-0.0340417199992879,-0.6399999999999997,-0.4599999999999999,0.0833013086746861,44145.11,0.582293939238117,1.0,0.9014289581857715,459.0,1.0
2024-01-12,-0.0329903245639581,-0.9300000000000006,-0.77,0.153186950605024,42782.73,0.585233574388544,1.0,0.9229824897659105,460.0,1.0
2024-01-19,-0.024072156608963,-0.6000000000000005,-0.6099999999999999,0.2110225342221439,41659.03,0.6110917608979376,1.0,0.8559177421855577,461.0,1.0
2024-01-26,-0.0093555657033224,-0.4900000000000002,-0.33,0.1466863752656455,41823.51,0.5258884297372459,1.0,0.8215005935052329,462.0,1.0
2024-02-02,-0.010039458568503,-0.6799999999999997,-0.47,0.1326877229636502,43200.0,0.47615763888888885,1.0,0.8592527216363222,463.0,1.0
2024-02-09,0.0015829842024299,-0.3999999999999994,-0.2400000000000002,0.132043627940753,47132.77,0.33414628505814536,1.0,0.7766428292707463,464.0,1.0
2024-02-16,0.0078196164228581,-0.2800000000000002,-0.24,0.1069971842413453,52124.11,0.16644658297283144,1.0,0.7183279034840799,465.0,1.0
2024-02-23,0.0091252134357824,0.1100000000000003,-0.04,0.1182653938317015,50744.15,0.3208222031505108,1.0,0.5819578100341357,466.0,1.0
2024-03-01,0.0020735222634515,-0.1699999999999999,-0.1499999999999999,0.1298927128175453,62387.9,0.09877059493908269,1.0,0.7098010186949512,467.0,1.0
2024-03-08,0.0019776479018391,0.04,0.1200000000000001,0.0858105374128825,68124.19,-0.008575221224648821,0.0,0.6734850400920352,468.0,1.0
2024-03-15,0.0112361154855642,0.4100000000000001,0.28,0.0653773210504062,69499.85,-0.0020755440479367504,0.0,0.4981476959558158,469.0,0.0
2024-03-22,0.0233354275600232,0.3599999999999994,0.1500000000000001,0.094426599873455,63796.64,0.03522677683338826,1.0,0.4385349048117968,470.0,0.0
2024-03-29,0.0136621771032263,0.1899999999999995,0.0499999999999998,0.1277458459314038,69850.54,-0.0817027327204628,0.0,0.5397262519530458,471.0,1.0
2024-04-05,0.0119681429551423,0.5900000000000007,0.33,0.0852053853528014,67820.62,-0.10900490145917274,0.0,0.4168180335294029,472.0,0.0
2024-04-12,0.0136293331962913,0.4900000000000002,0.2999999999999998,0.0564379743817511,67116.52,-0.15626152845826935,0.0,0.45417594785627974,473.0,0.0
2024-04-19,0.020645462964268,0.6299999999999999,0.3599999999999999,-0.0112162112040289,63818.01,-0.09290339827268201,0.0,0.37805173838415684,474.0,0.0
2024-04-26,0.0169153529304726,0.5999999999999996,0.4200000000000001,0.0191279767083885,63770.01,0.04531895165141098,1.0,0.4132767703232132,475.0,0.0
2024-05-03,0.009075587207429,0.3299999999999992,0.2299999999999999,0.0103604179099665,62882.01,0.07992715245584558,1.0,0.5449091472805061,476.0,1.0
2024-05-10,0.0071274984420204,0.2300000000000004,0.1900000000000001,0.0358286164162457,60799.99,0.011485857152279122,1.0,0.5907481804469652,477.0,1.0
2024-05-17,0.0016399957368371,0.1600000000000001,0.1400000000000001,0.0430804608142341,67024.0,-0.09229544640725718,0.0,0.63851398868204,478.0,1.0
2024-05-24,0.0050086314395951,0.3899999999999997,0.27,0.039683624994067,68549.99,-0.14114356544763906,0.0,0.5409004393371609,479.0,1.0
2024-05-31,0.017695353198583,0.4099999999999992,0.3500000000000001,0.0404043967049543,67540.01,-0.051862148080819015,0.0,0.48345108426744227,480.0,0.0
2024-06-07,0.0261519281928699,0.1500000000000003,0.1399999999999999,0.0726193324915083,69355.6,-0.14752392020255045,0.0,0.5258133676772511,481.0,1.0
2024-06-14,0.0246335743438499,0.08,0.1599999999999997,0.0766981757001914,66043.99,-0.18292383606744544,0.0,0.5714235173621908,482.0,1.0
2024-06-21,0.0255290280625124,0.1100000000000003,0.1400000000000001,0.07997207583073,64143.56,-0.05683438836260413,0.0,0.5464100066778659,483.0,1.0
2024-06-28,0.0268318169117245,-0.0200000000000004,0.06,0.0913363260739379,60427.84,0.04589291955496022,1.0,0.584362030413647,484.0,1.0
2024-07-05,0.0097122787506593,-0.2800000000000002,-0.1099999999999998,0.134631086622152,56628.79,0.1614224849233048,1.0,0.7333252525033126,485.0,1.0
2024-07-12,-0.0054188412566253,-0.5199999999999996,-0.27,0.2039286390285555,57889.1,0.07249896785405197,1.0,0.8335528814625695,486.0,1.0
2024-07-19,0.0016259025223042,-0.4699999999999997,-0.3100000000000003,0.1129489146955549,66660.0,-0.06180618061806176,0.0,0.8040577627468167,487.0,1.0
2024-07-26,0.0125637089346024,-0.4499999999999993,-0.2199999999999999,0.0743702793542731,67907.99,0.007657567246505126,1.0,0.777533047847074,488.0,1.0
2024-08-02,0.0119174848787844,-0.9900000000000002,-0.4000000000000001,0.0266381187746334,61498.33,0.08455514157864119,1.0,0.9001859583298966,489.0,1.0
2024-08-09,0.013957969371982,-0.7800000000000002,-0.26,0.0035556863415737,60837.99,0.14231272269185746,1.0,0.8655365783815272,490.0,1.0
2024-08-16,0.0064135665021065,-0.8700000000000001,-0.33,0.0420152770653334,58874.6,0.29953800110743845,1.0,0.891513658497534,491.0,1.0
2024-08-23,-0.0052277678586053,-0.9899999999999998,-0.4800000000000002,0.068286118765267,64037.24,0.42154892996637594,1.0,0.9200155618948382,492.0,1.0
2024-08-30,-0.0098972877158051,-0.96,-0.3699999999999999,0.0338810393742112,59123.99,0.6726205386341484,1.0,0.9283389184558934,493.0,1.0
2024-09-06,-0.0134517844170947,-1.0099999999999998,-0.3399999999999998,-0.0564224944011106,53962.97,0.8060532991419858,1.0,0.9431681034713013,494.0,1.0
2024-09-13,-0.0197689765253978,-1.1300000000000003,-0.4399999999999999,-0.0003040758082851,60498.0,0.648663426890145,1.0,0.9547988349588856,495.0,1.0
2024-09-20,-0.0225834733512438,-1.16,-0.5,0.0121652046443856,63201.05,0.6047874204621599,1.0,0.9576480745610387,496.0,1.0
2024-09-27,-0.0191542985611803,-1.0499999999999998,-0.3999999999999999,-0.0127048969665984,65769.95,0.4870839950463701,1.0,0.9494637401804388,497.0,1.0
2024-10-04,-0.0018025096291746,-0.52,-0.1899999999999999,-0.0141642160312849,62086.0,0.5188453113423317,1.0,0.849628857310726,498.0,1.0
2024-10-11,-0.0013520426806986,-0.54,-0.1799999999999999,0.0347493712396815,62540.0,0.5697822193795969,1.0,0.8458490593798391,499.0,1.0
2024-10-18,0.0019931754964745,-0.4100000000000001,-0.1599999999999999,0.0651963180899346,68428.0,0.38431796925235284,1.0,0.800694122040708,500.0,1.0
2024-10-25,0.0092525923700128,0.2300000000000004,0.1999999999999999,0.1038646032537335,66698.33,0.5604210780089995,1.0,0.5584542179430575,501.0,1.0
2024-11-01,0.0152935549054891,0.1600000000000001,0.1999999999999999,0.0892560342838721,69496.01,0.5090146901958834,1.0,0.5657505762568485,502.0,1.0
2024-11-08,0.0260128499671561,0.2000000000000001,0.1399999999999999,0.0938682401801351,76509.78,0.338777343236381,1.0,0.48646120680247285,503.0,0.0
2024-11-15,0.0446658438971938,0.4099999999999997,0.4200000000000001,0.044878596302937,91032.07,0.060140673501107855,1.0,0.353964719443323,504.0,0.0
2024-11-22,0.0420596732343521,0.4599999999999999,0.3099999999999998,0.0728270851799788,98892.0,-0.014071107875257893,0.0,0.3233896803874471,505.0,0.0
2024-11-29,0.0333120814765171,0.4699999999999997,0.2299999999999999,0.1514208599524555,97460.0,-0.013113277241945442,0.0,0.3302161850665025,506.0,0.0
2024-12-06,0.0413702343757063,0.5299999999999998,0.3299999999999998,0.1230372916518944,99740.84,-0.15430890696328603,0.0,0.2902079642918711,507.0,0.0
2024-12-13,0.0486338311703289,0.7000000000000002,0.4899999999999997,0.1102276066049008,101424.25,-0.14417163548165257,0.0,0.22180197811474026,508.0,0.0
2024-12-20,0.0559973445869124,0.75,0.6299999999999999,0.0801899920558184,97805.44,-0.14132383638374313,0.0,0.20018092112062266,509.0,0.0
2024-12-27,0.0509762337822787,0.3799999999999994,0.5299999999999998,0.0873410972975086,94299.03,-0.108275132840709,0.0,0.34440537846694624,510.0,0.0
2025-01-03,0.0526343607319859,0.33,0.5099999999999998,0.0697129398285805,98174.18,-0.14005515503159782,0.0,0.3601127269440569,511.0,0.0
2025-01-10,0.0479984828738244,0.4500000000000002,0.5699999999999998,0.0363491837133516,94726.11,-0.11439549243603486,0.0,0.3427021877230145,512.0,0.0
2025-01-17,0.0391251138547712,0.1599999999999992,0.2400000000000002,0.0600255570621106,104077.48,-0.1984448508937764,0.0,0.4681476230240572,513.0,0.0
2025-01-24,0.0212607245071614,0.0599999999999996,0.1600000000000001,0.0939905913358181,104870.5,-0.19448567518987703,0.0,0.585626446459187,514.0,1.0
2025-01-31,0.023106183971951,-0.04,0.2100000000000002,0.0176628845597459,102429.56,-0.0760608558701219,0.0,0.6468276895412077,515.0,1.0
2025-02-07,0.0121716706808066,-0.0199999999999995,-0.0300000000000002,0.0451432479446052,96506.8,0.003941069437594091,1.0,0.6458689230368927,516.0,1.0
2025-02-14,-0.0025268452795611,-0.1100000000000003,-0.0299999999999998,0.0538380321461675,97500.48,0.056117775009928206,1.0,0.7400569568375724,517.0,1.0
2025-02-21,0.0044319867783011,0.0600000000000005,0.08,0.015914098220241,96181.98,0.07570981591354231,1.0,0.663229832978653,518.0,1.0
2025-02-28,0.0125702513260923,-0.1099999999999994,-0.0499999999999998,-0.0509819730174518,84349.94,0.2722984746640009,1.0,0.6950354237158692,519.0,1.0
2025-03-07,-0.0104328346016325,-0.2599999999999998,-0.0799999999999998,-0.0868431903965319,86801.75,0.19796524839648955,1.0,0.8298122755718425,520.0,1.0
2025-03-14,-0.0171924968528379,-0.2800000000000002,-0.2200000000000002,-0.0929109981258676,83983.2,0.24177740309966755,1.0,0.8428149640254577,521.0,1.0
2025-03-21,-0.0169879330478784,-0.3699999999999996,-0.3599999999999999,-0.098264660621515,84088.79,0.2613642079996632,1.0,0.8569528084360716,522.0,1.0
2025-03-28,-0.0234431668514175,-0.3900000000000001,-0.3599999999999999,-0.117150493216408,84424.38,0.22355639449173337,1.0,0.8808300734896927,523.0,1.0
2025-04-04,-0.0312128464329495,-0.7200000000000002,-0.5099999999999998,-0.1865102634812508,83889.87,0.2760490628963903,1.0,0.9436066305224451,524.0,1.0
2025-04-11,-0.0422408926377311,-0.3099999999999996,0.0799999999999996,-0.1480238814119905,83423.84,0.2944050525605153,1.0,0.9274611411942105,525.0,1.0
2025-04-18,-0.0351056126143584,-0.4599999999999995,-0.0900000000000003,-0.1838125337563311,84474.69,0.39127660604614234,1.0,0.9346624975967769,526.0,1.0
2025-04-25,-0.0435622511340039,-0.4799999999999995,-0.1400000000000001,-0.1143552120163406,94638.68,0.2460533050545506,1.0,0.9398868924717994,527.0,1.0
2025-05-02,-0.0461966593266952,-0.4599999999999999,-0.0099999999999997,-0.0791701184706134,96887.14,0.21393107485678686,1.0,0.9420641849410807,528.0,1.0
2025-05-09,-0.0364139423715937,-0.3799999999999999,0.04,-0.1047522720077989,102971.99,0.10027911473790097,1.0,0.9240713853484668,529.0,1.0
2025-05-16,-0.0319889445402262,-0.2100000000000004,0.0899999999999998,-0.016026941187098,103463.9,0.12768550189969652,1.0,0.8802648848094198,530.0,1.0
2025-05-23,-0.053763432478046,0.0099999999999997,0.32,-0.0058400131733205,107318.3,0.09340205724466366,1.0,0.8939831489073423,531.0,1.0
2025-05-30,-0.0334493822103897,-0.1,0.0799999999999998,0.0504252417628359,103985.48,0.12454152252795314,1.0,0.8491557597710659,532.0,1.0
2025-06-06,-0.0360653077071176,0.0200000000000004,0.1900000000000004,0.1000253682745195,104288.44,0.039208180695770256,1.0,0.8230081357193584,533.0,1.0
2025-06-13,-0.0470697619901812,0.02,0.2099999999999999,0.0912491376028863,106066.59,0.04330675663279093,1.0,0.8572867877501594,534.0,1.0
2025-06-20,-0.0425403836615942,0.0099999999999997,0.1499999999999999,0.1226358667373368,103297.99,0.123249542416072,1.0,0.837452457554287,535.0,1.0
2025-06-27,-0.0489131082742707,0.0499999999999998,0.1699999999999999,0.3005987947422539,107047.59,0.08019601375425656,1.0,0.8057355113108943,536.0,1.0
2025-07-04,-0.0385279999483938,-0.08,-0.2599999999999998,0.231794536539154,107984.24,0.015365390356963271,1.0,0.7948408116078065,537.0,1.0
2025-07-11,-0.024922247563757,0.0899999999999998,-0.0499999999999998,0.2639666133507621,117527.66,0.040027513523199554,1.0,0.6859737010858715,538.0,1.0
2025-07-18,-0.0205865934062358,0.1399999999999996,0.0099999999999997,0.2020780747106902,117924.84,-0.043674767758853816,0.0,0.6730134544192395,539.0,1.0
2025-07-25,-0.0204945132991881,0.08,-0.1,0.1741370997408033,117614.31,-0.0950788216161792,0.0,0.6962644242285297,540.0,1.0
2025-08-01,-0.0106669082616506,-0.1899999999999999,-0.1800000000000001,0.1517777395045343,113297.93,-0.020239028197602482,0.0,0.758909162609999,541.0,1.0
2025-08-08,-0.0222695831847097,-0.2200000000000002,-0.2099999999999999,0.1165430385245833,116674.74,-0.06056778013818598,0.0,0.8180949879856985,542.0,1.0
2025-08-15,-0.0086173019935955,-0.25,-0.2300000000000002,0.1540127578685961,117342.05,-0.11933462897571667,0.0,0.7675213334870923,543.0,1.0
2025-08-22,-0.0122364442371274,-0.2099999999999999,-0.2199999999999997,0.124662460084302,116935.99,-0.19106170820463408,0.0,0.777799135897765,544.0,1.0
2025-08-29,-0.0078639166068289,-0.4500000000000002,-0.3800000000000001,0.0985973665846144,108377.4,-0.21450939033414718,0.0,0.8316563695607986,545.0,1.0
2025-09-05,-0.0016314216971605,-0.4500000000000002,-0.3999999999999999,0.1181831621981508,110659.99,-0.17864894077796323,0.0,0.8049650155442649,546.0,1.0
2025-09-12,-0.0080939650101453,-0.3399999999999998,-0.3499999999999998,0.1385114743548154,116029.42,-0.2301087086361373,0.0,0.7919968615549796,547.0,1.0
2025-09-19,0.0010596779180838,-0.1600000000000001,-0.25,0.1163106555175466,115632.38,-0.2193499779214093,0.0,0.7049499166024683,548.0,1.0
2025-09-26,0.0100362132269691,-0.25,-0.1999999999999999,0.0914014658842827,109643.46,-0.19614959250647512,0.0,0.71619709850065,549.0,1.0
2025-10-03,0.001390077167211,-0.3199999999999998,-0.26,0.1066273515290767,122232.0,-0.2852153282282872,0.0,0.7702926654686985,550.0,1.0
2025-10-10,0.0063170926252118,-0.3599999999999999,-0.2799999999999998,0.0626340540930083,112774.5,-0.2019904322342373,0.0,0.7731023886281839,551.0,1.0
2025-10-17,0.0059765455383433,-0.4500000000000002,-0.2099999999999999,0.0744564402736627,106431.68,-0.14836184113602258,0.0,0.8064923591469638,552.0,1.0
2025-10-24,-0.0022910235108346,-0.2099999999999999,-0.1699999999999999,0.1237153555416898,111004.89,-0.13921864162921105,0.0,0.7395478084182557,553.0,1.0
2025-10-31,0.0087507240330784,-0.1599999999999997,-0.0699999999999998,0.1060577778465745,109608.01,-0.18253912282505635,0.0,0.684323904206464,554.0,1.0
2025-11-07,0.0087279381274529,-0.2000000000000001,-0.1199999999999998,0.0638930694936648,103339.08,-0.184621248805389,0.0,0.7092053310928014,555.0,1.0
2025-11-14,0.0057300872815675,-0.06,0.01,0.0653152015386198,94594.0,-0.25386113284140643,0.0,0.6768223873167566,556.0,1.0
2025-11-21,0.0137852492592018,-0.08,0.0,0.0381033936257388,85129.43,-0.19118499912427456,0.0,0.6551962207232858,557.0,1.0
2025-11-28,0.0076959448322708,-0.0399999999999995,0.06,0.0767405000630028,90890.7,-0.25162849444442614,0.0,0.6541638685770571,558.0,1.0
2025-12-05,0.0052073485916754,0.0,0.1799999999999999,0.0649033370226803,89330.04,-0.26259856146935556,0.0,0.6680257806709072,559.0,1.0
2025-12-12,0.0029920073998754,-0.0499999999999998,0.1799999999999999,0.0249073167751157,90268.42,-0.2454280245516649,0.0,0.7165182542805184,560.0,1.0
2025-12-19,-0.0022393840987953,-0.1499999999999999,0.0999999999999998,0.0366281023266124,88136.94,-0.19522960520299437,0.0,0.7594194531044883,561.0,1.0
2025-12-26,-0.0051279019319981,-0.1200000000000001,0.1099999999999998,0.0356703977264007,87369.56,-0.19295999659377938,0.0,0.7604682743893211,562.0,1.0
2026-01-02,-0.0124706583672056,-0.0499999999999998,0.1899999999999999,0.0464412365635094,89995.13,-0.26210140482046085,0.0,0.7688292058185922,563.0,1.0
2026-01-09,-0.003987479992179,0.08,0.1499999999999999,0.0437116484508246,90641.28,-0.2612163023293581,0.0,0.6785442517718789,564.0,1.0
2026-01-16,-0.0070343863827113,0.1099999999999998,0.1799999999999999,0.0133817382245593,95550.94,-0.23639997680818214,0.0,0.6995366917324591,565.0,1.0
2026-01-23,-0.0204990859729178,0.0,0.1099999999999998,-0.0094297606522666,89600.26,-0.1398239246180758,0.0,0.7950848942336864,566.0,1.0
2026-01-30,-0.0287376017398753,-0.0299999999999998,0.0699999999999998,0.0198778705697006,84260.49,-0.0809793534312464,0.0,0.8161823632736404,567.0,1.0
2026-02-06,-0.0225343193906416,-0.1200000000000001,0.0199999999999997,0.0057038309773338,70580.26,0.10839957234501552,1.0,0.8196345543223504,568.0,1.0
2026-02-13,-0.0356089879563747,-0.1099999999999998,-0.05,0.0122834310652302,68853.96,0.16468493605887002,1.0,0.8491632601477117,569.0,1.0
2026-02-20,-0.0252865074467567,0.0099999999999997,0.01,-0.0205266419202903,68020.01,0.1630873032803144,1.0,0.8024598178086975,570.0,1.0
2026-02-27,-0.0237309454345688,-0.1800000000000001,-0.1599999999999999,-0.0385916902108125,65872.1,0.14676016097862354,1.0,0.8394565056344996,571.0,1.0
2026-03-06,-0.0054368001118655,0.04,-0.1299999999999999,-0.0348128613454764,68114.02,0.07849720219126688,1.0,0.7042634989876846,572.0,1.0
2026-03-13,0.0032172376029,0.25,0.0,-0.0515822640815968,70930.0,-0.13920104328210914,0.0,0.6041967766457834,573.0,1.0
2026-03-20,0.0067245713023018,0.4199999999999999,0.0999999999999998,-0.082460137353124,70510.73,-0.09829312503217591,0.0,0.5468896284558878,574.0,1.0
2026-03-27,0.0106951245716138,0.4099999999999997,0.1899999999999999,-0.0984381056067665,66407.28,-0.04311831473898642,0.0,0.5488269222661561,575.0,1.0
2026-04-03,0.0036183211821512,0.2999999999999998,0.09,-0.0757105087563412,66964.3,-0.10254762612317314,0.0,0.6050077256559764,576.0,1.0
2026-04-10,-0.0102311885533269,0.2200000000000002,0.04,-0.0260467712302779,72962.7,-0.14225679696612104,0.0,0.6662761252066001,577.0,1.0
2026-04-17,-0.0068807107965173,0.1099999999999998,-0.02,0.0411569868112844,77072.0,-0.16750934191405442,0.0,0.6423351144553563,578.0,1.0
2026-04-24,0.0070381918174446,0.2599999999999998,-0.01,0.058596446420764,77437.13,-0.17440548222797003,0.0,0.5035852972184505,579.0,1.0
2026-05-01,0.0012846676313655,0.3799999999999999,0.03,0.0904524091797984,78231.13,-0.18012190287932706,0.0,0.4683701184293631,580.0,0.0
2026-05-08,0.0043684025124695,0.5,0.1599999999999999,0.1641222481666717,80193.17,-0.21579506085119216,0.0,0.3697134809162938,581.0,0.0
2026-05-15,0.0109397525419161,0.6099999999999999,0.3,0.1458996790146298,79113.21,-0.17936347166294986,0.0,0.3188991432905832,582.0,0.0
2026-05-22,0.012429735287802,0.75,0.4400000000000001,0.1621548244702537,75539.5,-0.1654225934775846,0.0,0.2651618990870695,583.0,0.0
2026-05-29,-0.005127582830506,0.4199999999999999,0.2699999999999998,0.2047974384627706,73460.78,0.06639257029397183,1.0,0.42544680553635017,584.0,0.0
2026-06-05,-0.0038879552192501,0.4399999999999999,0.27,0.163040566378487,61056.47,0.27498150482659733,1.0,0.44097527037267176,585.0,0.0
2026-06-12,-0.0063886553975573,0.2099999999999999,0.1600000000000001,0.1959214246376801,63580.01,,,0.5189039511073578,586.0,1.0
2026-06-19,-0.004047645243293,0.3100000000000005,0.08,0.2658714323541149,63543.91,,,0.42170231741465286,587.0,0.0
2026-06-26,0.0019070667556244,0.2300000000000004,0.1900000000000001,0.1562416645390969,60097.27,,,0.4994354094351061,588.0,0.0
2026-07-03,0.015438954290599,0.3299999999999996,0.3099999999999998,0.1279218132263599,62583.26,,,0.4179055061963189,589.0,0.0
2026-07-10,0.0205378579685719,0.5,0.4199999999999999,0.0741005927428,64161.72,,,0.3634815673875138,590.0,0.0
2026-07-17,0.0151782119677181,0.3999999999999999,0.4200000000000001,0.0275255323092598,63931.67,,,0.453017573860775,591.0,0.0
2026-07-24,0.0195780817382167,0.4500000000000002,0.5200000000000002,-0.0055194996839856,64139.99,,,0.4371533947010914,592.0,0.0
2026-07-31,0.014098706192519,0.3800000000000003,0.5400000000000003,-0.0332696233695638,62887.88,,,0.5109195282090434,593.0,1.0
2026-08-07,-0.0018242407729549,0.1000000000000005,0.2999999999999998,0.0177493239133013,64923.19,,,0.6520212980757244,594.0,1.0
2026-08-14,-0.0032191323767591,0.04,0.25,0.0146215412044665,63043.56,,,0.6779060874693269,595.0,1.0
2026-08-21,-0.0068599567793281,0.2600000000000002,0.33,-0.0293689759602131,78338.03,,,0.6411975524910392,596.0,1.0
2026-08-28,-0.016824182586892,0.0300000000000002,0.2299999999999999,0.026954710501102,77845.87,,,0.7344802776291743,597.0,1.0
