analysis_family,group,horizon,N,sample_quality,positive_frequency,mean_future_return,median_future_return,p25,p75,strong_up_frequency,severe_down_frequency,median_max_drawdown,median_max_runup,declustered_or_all
context,ALL_MARKET,4,430,OK,0.5930232558139535,0.07782847132723579,0.0426650584206715,-0.08944881948513339,0.2013469553950646,0.3883720930232558,0.23255813953488372,-0.077400316332292,0.09176821895540266,ALL
context,ALL_MARKET,12,422,OK,0.6018957345971564,0.2719996806873366,0.12913143735051846,-0.14160923807607523,0.47948560749836033,0.4549763033175355,0.1872037914691943,-0.19143721329871344,0.2904022612786271,ALL
candidate_vs_generic,GENERIC_BULL,4,151,OK,0.7019867549668874,0.15058711550994736,0.0916256868145444,-0.0344339206280895,0.2588768864955938,0.48344370860927155,0.17218543046357615,-0.0814484229320728,0.1476109603075646,ALL
candidate_vs_generic,GENERIC_BULL,4,25,OK,0.84,0.1338837946029693,0.0867937451564648,0.0293544305163371,0.1614935519344604,0.48,0.08,-0.0503734811487085,0.1496519911018579,DECLUSTERED
candidate_vs_generic,GENERIC_BULL,12,145,OK,0.7241379310344828,0.47123533643580723,0.2251809615256366,-0.0462034049810564,0.7692979209729394,0.5379310344827586,0.1310344827586207,-0.1823225600216645,0.3881448985327882,ALL
candidate_vs_generic,GENERIC_BULL,12,19,OK,0.7894736842105263,0.4111520545596123,0.2417665372970467,0.0315745185546273,0.4930860059733323,0.631578947368421,0.15789473684210525,-0.1763858648762692,0.3911009505407494,DECLUSTERED
candidate_vs_generic,CANDIDATE_HEALTHY_BULL,4,79,OK,0.6962025316455697,0.16432769126837957,0.1107090254594631,-0.07147453362754855,0.25365750842972756,0.5063291139240507,0.20253164556962025,-0.0832419501644962,0.1614935519344604,ALL
candidate_vs_generic,CANDIDATE_HEALTHY_BULL,4,27,OK,0.7407407407407407,0.11190404410216007,0.0957714339029705,-0.001153836944706249,0.19831423346921045,0.48148148148148145,0.14814814814814814,-0.0597123675214845,0.16387357399618,DECLUSTERED
candidate_vs_generic,CANDIDATE_HEALTHY_BULL,12,75,OK,0.72,0.46325231750809015,0.2120693557793853,-0.03749587173745305,0.8489279706907558,0.52,0.14666666666666667,-0.1982648616461476,0.3747325621952151,ALL
candidate_vs_generic,CANDIDATE_HEALTHY_BULL,12,16,OK,0.8125,0.48472461391279353,0.28391750013049893,0.04887485156691625,0.8499118139008571,0.625,0.125,-0.17935421244896693,0.45165418674179547,DECLUSTERED
candidate_vs_generic,CANDIDATE_FRAGILE_BULL,4,43,OK,0.6976744186046512,0.19048833892111047,0.1357931569943617,-0.0167254439754656,0.3400438820057682,0.5813953488372093,0.16279069767441862,-0.1037515351152909,0.2612519422515791,ALL
candidate_vs_generic,CANDIDATE_FRAGILE_BULL,4,14,VERY_LOW_SAMPLE,0.7857142857142857,0.18870685200872406,0.1385675822635684,0.05610267732238387,0.2503518508059983,0.5714285714285714,0.14285714285714285,-0.10195844670382105,0.2692482789427478,DECLUSTERED
candidate_vs_generic,CANDIDATE_FRAGILE_BULL,12,43,OK,0.6744186046511628,0.5114098837968856,0.1746845544629123,-0.05824341696208325,0.8169913262294168,0.4883720930232558,0.11627906976744186,-0.2115031377529005,0.4803922249340013,ALL
candidate_vs_generic,CANDIDATE_FRAGILE_BULL,12,10,VERY_LOW_SAMPLE,0.8,0.5424641016613371,0.1415745433252384,0.00531447235539015,0.6897153281753154,0.4,0.2,-0.1969128488872825,0.46567988735822263,DECLUSTERED
high_mom_subset,HIGH_MOM_BULL,4,86,OK,0.7093023255813954,0.18590530265523553,0.13728088699885305,-0.019527897937525848,0.3078914285936752,0.5697674418604651,0.18604651162790697,-0.10327980759823299,0.21622409307785023,ALL
high_mom_subset,HIGH_MOM_BULL,4,18,OK,0.7777777777777778,0.12451643974938466,0.1143665521624561,0.019666144072236075,0.2122392835535488,0.5555555555555556,0.05555555555555555,-0.06859385618671195,0.14538906023111295,DECLUSTERED
high_mom_subset,HIGH_MOM_BULL,12,83,OK,0.6626506024096386,0.5270913442075691,0.1746845544629123,-0.0650952061496307,0.8345448804990819,0.4939759036144578,0.14457831325301204,-0.2254868992492178,0.433683667742335,ALL
high_mom_subset,HIGH_MOM_BULL,12,12,VERY_LOW_SAMPLE,0.9166666666666666,0.6414803396680102,0.2507069327684562,0.022042770083256225,0.576480047450366,0.5833333333333334,0.0,-0.1693973299184191,0.42123469721702245,DECLUSTERED
high_mom_subset,EXTREME_MOM_BULL,4,40,OK,0.725,0.2632194579928118,0.2172598244196426,-0.014749890647577524,0.5117910051416481,0.6,0.225,-0.1037515351152909,0.28550184317828486,ALL
high_mom_subset,EXTREME_MOM_BULL,4,7,VERY_LOW_SAMPLE,0.7142857142857143,0.24886421472193307,0.0767938985346123,0.015690790175134,0.5646752173832006,0.42857142857142855,0.14285714285714285,-0.083241950164496,0.125710255123929,DECLUSTERED
high_mom_subset,EXTREME_MOM_BULL,12,40,OK,0.725,0.536095897975874,0.40362937251868714,-0.020203500254118274,0.9085102274769822,0.55,0.125,-0.30697067094800257,0.6027165585183694,ALL
high_mom_subset,EXTREME_MOM_BULL,12,5,VERY_LOW_SAMPLE,0.6,0.6951606389274992,0.1510193599094793,-0.0612872386954185,1.6405495218322002,0.4,0.0,-0.2115031377529006,0.6193650113253875,DECLUSTERED
breadth_change,BREADTH_IMPROVING,4,100,OK,0.73,0.15914017713793885,0.11983878401652664,-0.010205056170224824,0.2532056534988475,0.53,0.15,-0.0787908372241933,0.161040612067958,ALL
breadth_change,BREADTH_IMPROVING,4,28,OK,0.8571428571428571,0.13803486011377636,0.1143665521624561,0.0542683778824867,0.16872446156299772,0.5714285714285714,0.07142857142857142,-0.0588321653894281,0.15511983165165674,DECLUSTERED
breadth_change,BREADTH_IMPROVING,12,95,OK,0.7368421052631579,0.5180342297416102,0.202391781260806,-0.03221562512501125,0.7846874129152095,0.5052631578947369,0.12631578947368421,-0.1823225600216645,0.3747325621952151,ALL
breadth_change,BREADTH_IMPROVING,12,20,OK,0.8,0.4093038702495962,0.226917946538216,0.0469999980350161,0.5346609602400212,0.6,0.15,-0.17935421244896685,0.3585847067523503,DECLUSTERED
breadth_change,BREADTH_STABLE,4,27,OK,0.6296296296296297,0.1977542853361017,0.0916256868145444,-0.10116706515845686,0.32664654778446833,0.48148148148148145,0.25925925925925924,-0.1087268663838262,0.2430583779371573,ALL
breadth_change,BREADTH_STABLE,4,15,OK,0.6666666666666666,0.1726430248928003,0.1387686170033444,-0.07007032373023464,0.2762260760844861,0.5333333333333333,0.13333333333333333,-0.0935468515991126,0.2365044983319095,DECLUSTERED
breadth_change,BREADTH_STABLE,12,26,OK,0.6923076923076923,0.37450211745052575,0.24952432486378895,-0.022298509057403028,0.7316094183600313,0.6538461538461539,0.15384615384615385,-0.3151255286097086,0.48404522628252333,ALL
breadth_change,BREADTH_STABLE,12,9,VERY_LOW_SAMPLE,0.7777777777777778,0.4436798840845003,0.2377379785888034,0.0251403540750525,0.8351840133968098,0.6666666666666666,0.1111111111111111,-0.162408794960569,0.3592683036548474,DECLUSTERED
breadth_change,BREADTH_DETERIORATING,4,24,OK,0.6666666666666666,0.06188629267222593,0.0220906753294206,-0.04045186429009817,0.1229092014812182,0.2916666666666667,0.16666666666666666,-0.07551060809018835,0.0485846929438735,ALL
breadth_change,BREADTH_DETERIORATING,4,16,OK,0.5,0.000167822348190131,-0.005960606163172199,-0.10066471632891355,0.04493308475199645,0.1875,0.25,-0.10623920074955855,0.035139604859454804,DECLUSTERED
breadth_change,BREADTH_DETERIORATING,12,24,OK,0.7083333333333334,0.3907840376677254,0.2629501393238323,-0.07791433255936085,0.7302652739351481,0.5416666666666666,0.125,-0.14786576239919014,0.3823110580894665,ALL
breadth_change,BREADTH_DETERIORATING,12,12,VERY_LOW_SAMPLE,0.6666666666666666,0.37135937458931173,0.21896389378382938,-0.13469405651414684,0.5069624481465413,0.5,0.25,-0.1584272330121754,0.35472846935156566,DECLUSTERED
largecap_breadth_change,BREADTH_IMPROVING,4,106,OK,0.7169811320754716,0.15364478573732498,0.1143665521624561,-0.022261591026127698,0.2559980593303837,0.5188679245283019,0.1509433962264151,-0.0808148905240837,0.161040612067958,ALL
largecap_breadth_change,BREADTH_IMPROVING,4,28,OK,0.8571428571428571,0.14551911843739695,0.1143665521624561,0.0542683778824867,0.1799824620585065,0.5714285714285714,0.07142857142857142,-0.0588321653894281,0.15511983165165674,DECLUSTERED
largecap_breadth_change,BREADTH_IMPROVING,12,101,OK,0.7326732673267327,0.49295872919827466,0.202391781260806,-0.0475836603203236,0.7692979209729394,0.504950495049505,0.13861386138613863,-0.1823225600216645,0.3571614891221377,ALL
largecap_breadth_change,BREADTH_IMPROVING,12,20,OK,0.8,0.4115537173473659,0.23347374941134164,0.0469999980350161,0.5346609602400212,0.65,0.15,-0.17935421244896685,0.37311965407034525,DECLUSTERED
largecap_breadth_change,BREADTH_STABLE,4,16,LOW_SAMPLE,0.6875,0.33973535858140913,0.27382155432339306,-0.12391020951811166,0.636637607993153,0.625,0.3125,-0.04087796005078015,0.27382155432339306,ALL
largecap_breadth_change,BREADTH_STABLE,4,7,VERY_LOW_SAMPLE,0.7142857142857143,0.27239661285140154,0.2494883706777906,0.03317957226395005,0.3922768379656255,0.7142857142857143,0.2857142857142857,-0.043967213615225,0.2494883706777906,DECLUSTERED
largecap_breadth_change,BREADTH_STABLE,12,16,LOW_SAMPLE,0.75,0.6054707858103556,0.6646202398894585,0.1639184690206918,0.9085102274769822,0.75,0.0625,-0.3151255286097086,0.6646202398894585,ALL
largecap_breadth_change,BREADTH_STABLE,12,5,VERY_LOW_SAMPLE,0.6,0.5033733838222763,0.7293182206243041,-0.0462034049810564,0.9776338126424388,0.6,0.2,-0.1823225600216645,0.7293182206243041,DECLUSTERED
largecap_breadth_change,BREADTH_DETERIORATING,4,29,OK,0.6551724137931034,0.035053152294588136,0.0198247668843962,-0.0773903112819951,0.1161553022946901,0.27586206896551724,0.1724137931034483,-0.1037515351152909,0.0558879093276276,ALL
largecap_breadth_change,BREADTH_DETERIORATING,4,18,OK,0.5,0.014902797204095751,-0.005960606163172199,-0.0913416382988431,0.1331152883261808,0.3333333333333333,0.2222222222222222,-0.10623920074955855,0.08784742837594689,DECLUSTERED
largecap_breadth_change,BREADTH_DETERIORATING,12,28,OK,0.6785714285714286,0.3161699843285934,0.214138113851608,-0.10340277077400882,0.5650296154364071,0.5357142857142857,0.14285714285714285,-0.16582439426328394,0.3704260259635863,ALL
largecap_breadth_change,BREADTH_DETERIORATING,12,12,VERY_LOW_SAMPLE,0.6666666666666666,0.3744161025892036,0.27176801970773234,-0.13469405651414684,0.5069624481465413,0.5833333333333334,0.25,-0.1584272330121754,0.35472846935156566,DECLUSTERED
vol_change,VOL_FALLING,4,35,OK,0.6571428571428571,0.013325902067679068,0.0202936043512231,-0.07815249667569865,0.09490689724382259,0.22857142857142856,0.17142857142857143,-0.0801813581160946,0.0667260067505437,ALL
vol_change,VOL_FALLING,4,10,VERY_LOW_SAMPLE,0.7,-0.009940781004440713,0.0246716947398787,-0.039061229291325494,0.10705101233337852,0.3,0.2,-0.0627717337765708,0.0636615560918929,DECLUSTERED
vol_change,VOL_FALLING,12,35,OK,0.6857142857142857,0.16589020096326,0.1312912615126582,-0.1518358130855749,0.31593326189530624,0.45714285714285713,0.2571428571428571,-0.162408794960569,0.2268770948081522,ALL
vol_change,VOL_FALLING,12,9,VERY_LOW_SAMPLE,0.7777777777777778,0.12061608590924022,0.2081740098822126,0.127109876421309,0.224943290645081,0.6666666666666666,0.2222222222222222,-0.1624087949605691,0.222205391115154,DECLUSTERED
vol_change,VOL_STABLE,4,68,OK,0.7058823529411765,0.19358446723525527,0.1324468136076806,-0.06907700661215417,0.26411423806328327,0.5294117647058824,0.22058823529411764,-0.08324195016449609,0.17365312460896332,ALL
vol_change,VOL_STABLE,4,28,OK,0.6785714285714286,0.08758895253992213,0.06744533328812236,-0.0534872083604058,0.18329075683414647,0.42857142857142855,0.21428571428571427,-0.061098711896334854,0.136227733784284,DECLUSTERED
vol_change,VOL_STABLE,12,64,OK,0.734375,0.5372560222871327,0.2815467710365117,-0.025547124951239352,0.8650901024422868,0.546875,0.09375,-0.21150313775290056,0.42682466402462976,ALL
vol_change,VOL_STABLE,12,18,OK,0.6111111111111112,0.49520687189296425,0.2195872120122579,-0.1061178881937953,0.5070821815888659,0.5,0.2222222222222222,-0.1621989424157108,0.3900680477613074,DECLUSTERED
vol_change,VOL_RISING,4,48,OK,0.7291666666666666,0.1897605020340818,0.1332655802211255,-0.00496909931060705,0.32479446647153476,0.6041666666666666,0.10416666666666667,-0.077400316332292,0.24330341895461946,ALL
vol_change,VOL_RISING,4,18,OK,0.7777777777777778,0.15944171064480028,0.1170896905800696,0.04104261686466217,0.21746001404541773,0.5555555555555556,0.05555555555555555,-0.08547358396570229,0.18759619182274584,DECLUSTERED
vol_change,VOL_RISING,12,46,OK,0.7391304347826086,0.6117082896326405,0.28961278697876003,-0.0141861069908945,0.8263788413406727,0.5869565217391305,0.08695652173913043,-0.1823225600216645,0.486025072849793,ALL
vol_change,VOL_RISING,12,13,VERY_LOW_SAMPLE,0.7692307692307693,0.46092858993437386,0.1510193599094793,0.0007235595938497,0.4509675497824439,0.46153846153846156,0.15384615384615385,-0.1989062022159549,0.391501844651601,DECLUSTERED
mom12_acceleration,MOM_ACCELERATING,4,72,OK,0.7083333333333334,0.1292556112556591,0.09041805287056975,-0.02324158292912005,0.23930257349991113,0.4722222222222222,0.1111111111111111,-0.0823451865482844,0.1300112859878274,ALL
mom12_acceleration,MOM_ACCELERATING,4,23,OK,0.7391304347826086,0.10459627087470065,0.0767938985346123,0.005698561011735151,0.16488041606677145,0.43478260869565216,0.17391304347826086,-0.0597123675214845,0.1292845685277655,DECLUSTERED
mom12_acceleration,MOM_ACCELERATING,12,66,OK,0.7424242424242424,0.5459312697586757,0.2289200982049034,-0.011926703171133077,0.8862393935559247,0.5303030303030303,0.09090909090909091,-0.1763858648762692,0.3649940305557111,ALL
mom12_acceleration,MOM_ACCELERATING,12,17,OK,0.7647058823529411,0.5067140518196287,0.1712692802459254,0.0127500181078674,0.4509675497824439,0.47058823529411764,0.17647058823529413,-0.1619890898708527,0.3260684629639512,DECLUSTERED
mom12_acceleration,MOM_STABLE,4,55,OK,0.7090909090909091,0.15994708943883731,0.1180240788654491,-0.07259525725120636,0.27667229183775777,0.509090909090909,0.2,-0.0952449315553539,0.2040869994163621,ALL
mom12_acceleration,MOM_STABLE,4,20,OK,0.8,0.15866456194162915,0.12207454453873295,0.024421087468390952,0.23626184270792602,0.55,0.15,-0.07744200710916666,0.1862108860338848,DECLUSTERED
mom12_acceleration,MOM_STABLE,12,55,OK,0.6727272727272727,0.4148948190640662,0.2120693557793853,-0.04961469516809215,0.7353060878244655,0.509090909090909,0.16363636363636364,-0.2254868992492179,0.4757249716132048,ALL
mom12_acceleration,MOM_STABLE,12,12,VERY_LOW_SAMPLE,0.75,0.47806866375858365,0.20397473234260885,-0.05431724144072225,0.590827747346956,0.5,0.25,-0.1678614972976332,0.3418930036598322,DECLUSTERED
mom12_acceleration,MOM_DECELERATING,4,24,OK,0.6666666666666666,0.19313168801910596,0.044876206501976254,-0.1107256291957789,0.2682584345185779,0.4583333333333333,0.2916666666666667,-0.03196715692620005,0.10679352376924595,ALL
mom12_acceleration,MOM_DECELERATING,4,11,VERY_LOW_SAMPLE,0.7272727272727273,0.18215972446680417,0.1107090254594631,-0.037366822466839804,0.26247574045114686,0.5454545454545454,0.2727272727272727,-0.0311966950658979,0.1457538143634753,DECLUSTERED
mom12_acceleration,MOM_DECELERATING,12,24,OK,0.7916666666666666,0.39493520544149235,0.25581011185768515,0.10208659135626676,0.560594148305628,0.625,0.16666666666666666,-0.2121965507325863,0.3597565959404845,ALL
mom12_acceleration,MOM_DECELERATING,12,10,VERY_LOW_SAMPLE,0.7,0.46116480968877205,0.183424270512034,-0.0614985352170378,0.4445972015313928,0.5,0.2,-0.2121965507325863,0.2856157939837014,DECLUSTERED
mom4_acceleration,MOM_ACCELERATING,4,76,OK,0.7236842105263158,0.14397701045604586,0.08486260268134466,-0.0148342210429393,0.23024771699799162,0.47368421052631576,0.11842105263157894,-0.0808148905240837,0.1300112859878274,ALL
mom4_acceleration,MOM_ACCELERATING,4,28,OK,0.8214285714285714,0.15698046803888976,0.09875138530796396,0.0270892239750586,0.23286011634146753,0.5,0.10714285714285714,-0.0588321653894281,0.15511983165165674,DECLUSTERED
mom4_acceleration,MOM_ACCELERATING,12,72,OK,0.7638888888888888,0.45805243348145985,0.20723056852009564,0.00559647965419015,0.8010072092827669,0.5138888888888888,0.09722222222222222,-0.17935421244896685,0.33912584972309134,ALL
mom4_acceleration,MOM_ACCELERATING,12,20,OK,0.75,0.2907689750605663,0.20723056852009564,-0.004246329267731701,0.4662775180725433,0.55,0.15,-0.20520466998442777,0.3585847067523503,DECLUSTERED
mom4_acceleration,MOM_STABLE,4,43,OK,0.6744186046511628,0.14455485548619085,0.1638562204982292,-0.09007857908816641,0.3663241685508119,0.5813953488372093,0.2558139534883721,-0.0832419501644962,0.2365044983319095,ALL
mom4_acceleration,MOM_STABLE,4,20,OK,0.65,0.1646539546503257,0.15031248286706164,-0.04027259517512105,0.3212407820915467,0.6,0.2,-0.04984692991065405,0.16236264546499718,DECLUSTERED
mom4_acceleration,MOM_STABLE,12,41,OK,0.7073170731707317,0.43590691780692914,0.2698536864183236,-0.0868222405850812,0.6909651792305038,0.5609756097560976,0.1951219512195122,-0.2115031377529006,0.4757249716132048,ALL
mom4_acceleration,MOM_STABLE,12,13,VERY_LOW_SAMPLE,0.6923076923076923,0.5194920792067516,0.2932398556546998,-0.0868222405850812,0.7293182206243041,0.5384615384615384,0.15384615384615385,-0.162408794960569,0.3707197574565748,DECLUSTERED
mom4_acceleration,MOM_DECELERATING,4,32,OK,0.6875,0.17439196441988636,0.0416807621545196,-0.077950673093824,0.26108952177234035,0.375,0.1875,-0.0696060725852894,0.12634089557265854,ALL
mom4_acceleration,MOM_DECELERATING,4,18,OK,0.6111111111111112,0.10070205576111117,0.009000680946840301,-0.0907812764870142,0.23965468304014453,0.3888888888888889,0.2222222222222222,-0.09736855653789295,0.13168370996332218,DECLUSTERED
mom4_acceleration,MOM_DECELERATING,12,32,OK,0.65625,0.546161404451339,0.2289200982049034,-0.07791433255936085,0.861742315641696,0.5625,0.125,-0.17935421244896685,0.38487916975807146,ALL
mom4_acceleration,MOM_DECELERATING,12,13,VERY_LOW_SAMPLE,0.6923076923076923,0.5982688133369913,0.2377379785888034,-0.0516457300158607,0.9414172223763546,0.6153846153846154,0.07692307692307693,-0.1763858648762692,0.3764772176461448,DECLUSTERED
mom12_acceleration_high_mom,HIGH_MOM_MOM_ACCELERATING,4,41,OK,0.7804878048780488,0.21355737963492982,0.1591110856616877,0.0412814765601194,0.3111369921352351,0.6097560975609756,0.07317073170731707,-0.083241950164496,0.1789714765665191,ALL
mom12_acceleration_high_mom,HIGH_MOM_MOM_ACCELERATING,4,17,OK,0.7647058823529411,0.14130454220427485,0.1591110856616877,0.0075922223204389,0.2494883706777906,0.5294117647058824,0.11764705882352941,-0.0832419501644962,0.1614935519344604,DECLUSTERED
mom12_acceleration_high_mom,HIGH_MOM_MOM_ACCELERATING,12,38,OK,0.7631578947368421,0.7316886077476875,0.24436800663172448,0.003932164413665875,1.580936308725245,0.5263157894736842,0.05263157894736842,-0.1823225600216645,0.46567988735822263,ALL
mom12_acceleration_high_mom,HIGH_MOM_MOM_ACCELERATING,12,11,VERY_LOW_SAMPLE,0.9090909090909091,0.8421039052054646,0.2081740098822126,0.01894518609145995,1.5895895157059843,0.5454545454545454,0.0,-0.1313124292696212,0.391501844651601,DECLUSTERED
mom12_acceleration_high_mom,HIGH_MOM_MOM_STABLE,4,41,OK,0.6585365853658537,0.179470382017364,0.1431708990408025,-0.1033838398288751,0.3235474179450281,0.5365853658536586,0.2682926829268293,-0.1254526891165261,0.2430583779371573,ALL
mom12_acceleration_high_mom,HIGH_MOM_MOM_STABLE,4,11,VERY_LOW_SAMPLE,0.7272727272727273,0.199706676179809,0.2040869994163621,-0.04406016744977305,0.34746780499695706,0.6363636363636364,0.2727272727272727,-0.0801813581160946,0.2501023395773294,DECLUSTERED
mom12_acceleration_high_mom,HIGH_MOM_MOM_STABLE,12,41,OK,0.5609756097560976,0.37538365195349693,0.0817156916938717,-0.176076914432994,0.7323731509386071,0.4634146341463415,0.21951219512195122,-0.3151255286097086,0.433683667742335,ALL
mom12_acceleration_high_mom,HIGH_MOM_MOM_STABLE,12,9,VERY_LOW_SAMPLE,0.4444444444444444,0.26079972722873757,-0.0462034049810564,-0.2194396445444381,0.7382390247103239,0.4444444444444444,0.3333333333333333,-0.2956455057397159,0.3521832364822315,DECLUSTERED
mom12_acceleration_high_mom,HIGH_MOM_MOM_DECELERATING,4,4,LOW_SAMPLE,0.5,-0.031570549848447746,-0.024112764395379502,-0.16912845563032564,0.11344514138649837,0.5,0.5,-0.18410140735735955,0.07287690718173764,ALL
mom12_acceleration_high_mom,HIGH_MOM_MOM_DECELERATING,4,3,VERY_LOW_SAMPLE,0.6666666666666666,0.02447598679228173,0.1107090254594631,-0.024112764395379516,0.11618125731353365,0.6666666666666666,0.3333333333333333,-0.1699379530685715,0.1457538143634753,DECLUSTERED
mom12_acceleration_high_mom,HIGH_MOM_MOM_DECELERATING,12,4,LOW_SAMPLE,0.75,0.13842118618068056,0.21443038104175421,-0.0859914244105876,0.4388429916330224,0.5,0.25,-0.2988158132862966,0.318296786155785,ALL
mom12_acceleration_high_mom,HIGH_MOM_MOM_DECELERATING,12,3,VERY_LOW_SAMPLE,0.6666666666666666,0.04643218784210209,0.0144725808870924,-0.1864554297082676,0.263340001914967,0.3333333333333333,0.3333333333333333,-0.2988158132862966,0.222205391115154,DECLUSTERED
highmom_x_breadth,HIGH_MOM_BREADTH_IMPROVING,4,52,OK,0.7692307692307693,0.19513033207155586,0.1626748862163448,0.03440077842983333,0.29086447205875376,0.6538461538461539,0.11538461538461539,-0.08324195016449609,0.21622409307785023,ALL
highmom_x_breadth,HIGH_MOM_BREADTH_IMPROVING,4,18,OK,0.8333333333333334,0.14680202278048082,0.14038228741464595,0.0826444825190997,0.2122392835535488,0.7222222222222222,0.05555555555555555,-0.07897230313336745,0.16268356296532022,DECLUSTERED
highmom_x_breadth,HIGH_MOM_BREADTH_IMPROVING,12,50,OK,0.72,0.6353663029475463,0.22343311786912765,-0.039899642722667425,0.8254485369153854,0.5,0.12,-0.2115031377529005,0.42403592446937555,ALL
highmom_x_breadth,HIGH_MOM_BREADTH_IMPROVING,12,11,VERY_LOW_SAMPLE,0.7272727272727273,0.6354543939112685,0.2932398556546998,-0.03574098175942215,0.6407526719578904,0.5454545454545454,0.09090909090909091,-0.2254868992492178,0.4509675497824439,DECLUSTERED
highmom_x_breadth,HIGH_MOM_BREADTH_STABLE,4,22,OK,0.6363636363636364,0.21102257998799664,0.0857275247104093,-0.12489173205931195,0.4547373857986713,0.45454545454545453,0.3181818181818182,-0.12838255919307365,0.24627337430747392,ALL
highmom_x_breadth,HIGH_MOM_BREADTH_STABLE,4,10,VERY_LOW_SAMPLE,0.7,0.1892776429053185,0.07953111067728375,-0.05728795597194193,0.2576417257282245,0.5,0.2,-0.11708977775017615,0.2035769187686673,DECLUSTERED
highmom_x_breadth,HIGH_MOM_BREADTH_STABLE,12,21,OK,0.6190476190476191,0.3496233333076093,0.224943290645081,-0.0462034049810564,0.7323731509386071,0.5714285714285714,0.19047619047619047,-0.3151255286097087,0.4923654809518418,ALL
highmom_x_breadth,HIGH_MOM_BREADTH_STABLE,12,6,VERY_LOW_SAMPLE,0.6666666666666666,0.35435468105534307,0.11665718197863255,-0.028367465217029174,0.6784315125181605,0.5,0.16666666666666666,-0.14393074203854755,0.3046853216160884,DECLUSTERED
highmom_x_breadth,HIGH_MOM_BREADTH_DETERIORATING,4,12,LOW_SAMPLE,0.5833333333333334,0.09988183340778528,0.0485846929438735,-0.08895483655938115,0.2608173742118921,0.4166666666666667,0.25,-0.10623920074955855,0.13782808465013885,ALL
highmom_x_breadth,HIGH_MOM_BREADTH_DETERIORATING,4,9,VERY_LOW_SAMPLE,0.4444444444444444,0.016155869179400956,-0.0223303518995861,-0.1169240706495925,0.0558879093276276,0.2222222222222222,0.3333333333333333,-0.1763858648762692,0.0558879093276276,DECLUSTERED
highmom_x_breadth,HIGH_MOM_BREADTH_DETERIORATING,12,12,LOW_SAMPLE,0.5,0.38651470186592674,-0.0359398433183327,-0.15892129421466053,1.0412025865346204,0.3333333333333333,0.16666666666666666,-0.23898403288069014,0.34867248266805906,ALL
highmom_x_breadth,HIGH_MOM_BREADTH_DETERIORATING,12,8,VERY_LOW_SAMPLE,0.5,0.33732370240569914,-0.0359398433183327,-0.2036265570949093,0.5257877627091895,0.25,0.25,-0.23898403288069014,0.21530924613402488,DECLUSTERED
highmom_x_vol,HIGH_MOM_VOL_FALLING,4,12,LOW_SAMPLE,0.5833333333333334,-0.022708516043940405,0.01142786362488395,-0.12076513773264785,0.07232930428762174,0.25,0.25,-0.1571698166650741,0.06310794287965646,ALL
highmom_x_vol,HIGH_MOM_VOL_FALLING,4,6,VERY_LOW_SAMPLE,0.6666666666666666,-0.001111656414962767,0.03174006582403325,-0.05728795597194193,0.10521209420761005,0.3333333333333333,0.16666666666666666,-0.15978930581282155,0.057688894168198404,DECLUSTERED
highmom_x_vol,HIGH_MOM_VOL_FALLING,12,12,LOW_SAMPLE,0.3333333333333333,-0.14677715253678203,-0.1518358130855749,-0.36779578773739485,0.008412056347186425,0.16666666666666666,0.5,-0.31988452734161515,0.20450102778849455,ALL
highmom_x_vol,HIGH_MOM_VOL_FALLING,12,5,VERY_LOW_SAMPLE,0.8,0.014742034280656577,0.0251403540750525,0.0028359571045644,0.2081740098822126,0.4,0.2,-0.1763858648762692,0.222205391115154,DECLUSTERED
highmom_x_vol,HIGH_MOM_VOL_STABLE,4,39,OK,0.717948717948718,0.20561189885236061,0.1638562204982292,-0.04476582736958105,0.26590034242702476,0.5897435897435898,0.23076923076923078,-0.099492181520432,0.2283611867393384,ALL
highmom_x_vol,HIGH_MOM_VOL_STABLE,4,15,OK,0.7333333333333333,0.13001096315291036,0.1431708990408025,0.03228443804776085,0.2549239407114132,0.6,0.2,-0.0832419501644962,0.2283611867393384,DECLUSTERED
highmom_x_vol,HIGH_MOM_VOL_STABLE,12,36,OK,0.6944444444444444,0.6754408297519032,0.3040665598701161,-0.05405610718575015,1.5403331339384017,0.5277777777777778,0.08333333333333333,-0.2659577713591995,0.4967856449367234,ALL
highmom_x_vol,HIGH_MOM_VOL_STABLE,12,9,VERY_LOW_SAMPLE,0.7777777777777778,0.5578141197293532,0.2932398556546998,0.0082229737214503,0.4923654809518418,0.5555555555555556,0.0,-0.2988158132862966,0.414388181196416,DECLUSTERED
highmom_x_vol,HIGH_MOM_VOL_RISING,4,35,OK,0.7428571428571429,0.23547126187529932,0.2168853267739032,0.0204196655315508,0.40711917112941387,0.6571428571428571,0.11428571428571428,-0.0814484229320728,0.2841069653665933,ALL
highmom_x_vol,HIGH_MOM_VOL_RISING,4,11,VERY_LOW_SAMPLE,0.9090909090909091,0.26284487045733457,0.2168853267739032,0.0974089887000307,0.2726794538090862,0.7272727272727273,0.0,-0.076086083376259,0.2841069653665933,DECLUSTERED
highmom_x_vol,HIGH_MOM_VOL_RISING,12,35,OK,0.7428571428571429,0.6055439293886028,0.4509675497824439,-0.005967604755752801,0.859687390011592,0.5714285714285714,0.08571428571428572,-0.1823225600216647,0.5866117192473863,ALL
highmom_x_vol,HIGH_MOM_VOL_RISING,12,7,VERY_LOW_SAMPLE,0.8571428571428571,0.8072774147118752,0.4509675497824439,0.08188468900867335,1.2049237214025696,0.5714285714285714,0.14285714285714285,-0.1823225600216644,0.4803922249340013,DECLUSTERED
highmom_x_stablecoin,HIGH_MOM_SC12_POS,4,81,OK,0.7037037037037037,0.18641034907093773,0.1387686170033444,-0.0223303518995861,0.2981547379689955,0.5802469135802469,0.19753086419753085,-0.1028080800811751,0.2283611867393384,ALL
highmom_x_stablecoin,HIGH_MOM_SC12_POS,4,16,OK,0.75,0.13178838172666774,0.1385675822635684,0.00496451164107225,0.23658387561739858,0.625,0.0625,-0.061098711896334854,0.16268356296532022,DECLUSTERED
highmom_x_stablecoin,HIGH_MOM_SC12_POS,12,78,OK,0.6410256410256411,0.5526768834555078,0.2165586502636468,-0.07326252620688307,0.8728977776655749,0.5128205128205128,0.15384615384615385,-0.2308784681139504,0.4780585982736031,ALL
highmom_x_stablecoin,HIGH_MOM_SC12_POS,12,11,VERY_LOW_SAMPLE,0.9090909090909091,0.6865574302475935,0.2932398556546998,0.01894518609145995,0.6407526719578904,0.6363636363636364,0.0,-0.162408794960569,0.4509675497824439,DECLUSTERED
highmom_x_stablecoin,HIGH_MOM_SC12_NONPOS,4,5,LOW_SAMPLE,0.8,0.17772355072086013,0.0767938985346123,0.0558879093276276,0.3515521519604816,0.4,0.0,-0.1378083232475553,0.125710255123929,ALL
highmom_x_stablecoin,HIGH_MOM_SC12_NONPOS,4,2,VERY_LOW_SAMPLE,1.0,0.06634090393111995,0.06634090393111995,0.06111440662937377,0.07156740123286612,0.0,0.0,-0.15709709406191225,0.0907990822257783,DECLUSTERED
highmom_x_stablecoin,HIGH_MOM_SC12_NONPOS,12,5,LOW_SAMPLE,1.0,0.12795693193972404,0.1510193599094793,0.0390631069463212,0.1746845544629123,0.2,0.0,-0.2115031377529005,0.3707197574565748,ALL
highmom_x_stablecoin,HIGH_MOM_SC12_NONPOS,12,2,VERY_LOW_SAMPLE,1.0,0.07692765850702185,0.07692765850702185,0.03988180780579312,0.11397350920825057,0.0,0.0,-0.1939445013145849,0.2782363637108647,DECLUSTERED
highmom_x_turnover,HIGH_MOM_TOVER_GE1,4,62,OK,0.7419354838709677,0.1979218032015701,0.15351355976951586,0.00800600210139625,0.32044481149257986,0.6129032258064516,0.16129032258064516,-0.09949218152043204,0.23213424725664483,ALL
highmom_x_turnover,HIGH_MOM_TOVER_GE1,4,20,OK,0.7,0.1728510884251536,0.12041110615000444,-0.004663939350233625,0.26696569803033265,0.55,0.15,-0.06859385618671195,0.136227733784284,DECLUSTERED
highmom_x_turnover,HIGH_MOM_TOVER_GE1,12,59,OK,0.6949152542372882,0.6722440781074673,0.4509675497824439,-0.046893532650690004,1.2665533453144864,0.559322033898305,0.1016949152542373,-0.2115031377529005,0.4923654809518418,ALL
highmom_x_turnover,HIGH_MOM_TOVER_GE1,12,12,VERY_LOW_SAMPLE,0.75,0.7935345461171138,0.08807985699226589,-0.00370953553633805,1.1794437183394617,0.4166666666666667,0.0,-0.1693973299184191,0.39218276223816195,DECLUSTERED
highmom_x_turnover,HIGH_MOM_TOVER_LT1,4,24,OK,0.625,0.1548626762438712,0.05595964558288375,-0.09952072629322183,0.23720267957267627,0.4583333333333333,0.25,-0.1338524196826529,0.18279027567541126,ALL
highmom_x_turnover,HIGH_MOM_TOVER_LT1,4,15,OK,0.6666666666666666,0.21680827555273657,0.1107090254594631,-0.0528035172735163,0.28421873936719244,0.5333333333333333,0.2,-0.10442471188721,0.2728489483875742,DECLUSTERED
highmom_x_turnover,HIGH_MOM_TOVER_LT1,12,24,OK,0.5833333333333334,0.17025754003698554,0.04631980666817465,-0.18691759696085503,0.2367528883026465,0.3333333333333333,0.25,-0.2988158132862966,0.3649940305557111,ALL
highmom_x_turnover,HIGH_MOM_TOVER_LT1,12,11,VERY_LOW_SAMPLE,0.6363636363636364,0.39061925535170816,0.1746845544629123,-0.1176559338407425,0.39638471316203894,0.45454545454545453,0.09090909090909091,-0.2254868992492178,0.3707197574565748,DECLUSTERED
breadth_x_vol,DETERIORATING_BREADTH_AND_RISING_VOL,4,5,LOW_SAMPLE,0.8,0.27304657904316804,0.3285356120510547,0.1161553022946901,0.456473394807426,0.8,0.0,-0.0557762846250228,0.4016118488227536,ALL
breadth_x_vol,DETERIORATING_BREADTH_AND_RISING_VOL,4,3,VERY_LOW_SAMPLE,0.6666666666666666,0.18343278173417665,0.1161553022946901,0.046912475197552,0.28631434855105803,0.6666666666666666,0.0,-0.0557762846250228,0.1161553022946901,DECLUSTERED
breadth_x_vol,DETERIORATING_BREADTH_AND_RISING_VOL,12,5,LOW_SAMPLE,0.8,0.9290774140569538,0.9776338126424388,0.8037981225586288,1.2319089082111652,0.8,0.0,-0.1823225600216645,1.0030899072083472,ALL
breadth_x_vol,DETERIORATING_BREADTH_AND_RISING_VOL,12,3,VERY_LOW_SAMPLE,0.6666666666666666,0.8119481164770548,0.8037981225586288,0.36454123940869954,1.2552799965861972,0.6666666666666666,0.0,-0.1404686011480816,1.0030899072083472,DECLUSTERED
breadth_x_vol,IMPROVING_BREADTH_AND_STABLE_OR_FALLING_VOL,4,67,OK,0.7164179104477612,0.16238663257166513,0.1107090254594631,-0.047090173562001694,0.24813882988057911,0.5074626865671642,0.19402985074626866,-0.0624850562711852,0.1605876722014556,ALL
breadth_x_vol,IMPROVING_BREADTH_AND_STABLE_OR_FALLING_VOL,4,26,OK,0.7692307692307693,0.1368066767810741,0.1238892496898105,0.0223303268516495,0.17956370861774812,0.5769230769230769,0.11538461538461539,-0.05686412394119725,0.16268356296532022,DECLUSTERED
breadth_x_vol,IMPROVING_BREADTH_AND_STABLE_OR_FALLING_VOL,12,64,OK,0.71875,0.4448649246209042,0.19415923269875565,-0.05405610718575015,0.7082787689261374,0.484375,0.15625,-0.1904142689666547,0.3165565801237348,ALL
breadth_x_vol,IMPROVING_BREADTH_AND_STABLE_OR_FALLING_VOL,12,17,OK,0.8235294117647058,0.4372099499550008,0.2417665372970467,0.0624254775154049,0.6020215721315605,0.5882352941176471,0.11764705882352941,-0.1763858648762692,0.3911009505407494,DECLUSTERED
three_way,HIGH_MOM_IMPROVING_BREADTH_VOL_NOT_RISING,4,29,OK,0.7586206896551724,0.1978100106668072,0.16387357399618,0.015263504929329,0.2714411741090137,0.6551724137931034,0.1724137931034483,-0.083241950164496,0.1789714765665191,ALL
three_way,HIGH_MOM_IMPROVING_BREADTH_VOL_NOT_RISING,4,12,VERY_LOW_SAMPLE,0.8333333333333334,0.18740433705989148,0.1626748862163448,0.1016489621709406,0.24905513808831256,0.75,0.08333333333333333,-0.061098711896334854,0.16460341474327228,DECLUSTERED
three_way,HIGH_MOM_IMPROVING_BREADTH_VOL_NOT_RISING,12,27,OK,0.6296296296296297,0.5991309362163283,0.0624254775154049,-0.0727596101610651,1.0930608173310827,0.4444444444444444,0.18518518518518517,-0.2362700369786829,0.3747325621952151,ALL
three_way,HIGH_MOM_IMPROVING_BREADTH_VOL_NOT_RISING,12,9,VERY_LOW_SAMPLE,0.6666666666666666,0.5658645205801017,0.0624254775154049,-0.0842319816267117,0.5122074229428415,0.4444444444444444,0.1111111111111111,-0.2506399431117172,0.3911009505407494,DECLUSTERED
