"Series Description","Nominal Broad Dollar Index","Nominal Advanced Foreign Economies Dollar Index","Nominal Emerging Market Economies Dollar Index"
"Unit:","Index:_1997_Jan_100","Index:_1997_Jan_100","Index:_1997_Jan_100"
"Multiplier:","1","1","1"
"Currency:","NA","NA","NA"
"Unique Identifier: ","H10/H10/JRXWTFB_N.B","H10/H10/JRXWTFN_N.B","H10/H10/JRXWTFO_N.B"
"Time Period","JRXWTFB_N.B","JRXWTFN_N.B","JRXWTFO_N.B"
2014-10-01,97.5387,96.4456,99.8048
2014-10-02,97.3062,96.1096,99.6758
2014-10-03,97.9846,97.2357,99.9038
2014-10-06,97.5513,96.6433,99.6278
2014-10-07,97.4459,96.4158,99.6462
2014-10-08,97.4945,96.2721,99.8930
2014-10-09,97.1711,96.0879,99.4228
2014-10-10,97.4144,96.3376,99.6624
2014-10-13,ND,ND,ND
2014-10-14,97.3943,96.4121,99.5449
2014-10-15,97.3532,96.0061,99.8786
2014-10-16,97.2869,95.7637,99.9936
2014-10-17,97.3067,95.9760,99.8145
2014-10-20,97.2874,95.9366,99.8158
2014-10-21,97.2488,95.9571,99.7157
2014-10-22,97.4590,96.2822,99.8101
2014-10-23,97.6047,96.4586,99.9260
2014-10-24,97.4772,96.2721,99.8578
2014-10-27,97.5423,96.1943,100.0708
2014-10-28,97.2173,95.9114,99.6986
2014-10-29,97.0145,95.7516,99.4490
2014-10-30,97.4560,96.5462,99.5331
2014-10-31,98.1163,97.4596,99.9431
2014-11-03,98.5336,97.9749,100.2656
2014-11-04,98.5576,97.8852,100.4055
2014-11-05,98.8086,98.2323,100.5618
2014-11-06,99.1325,98.7169,100.7266
2014-11-07,99.0236,98.5027,100.7232
2014-11-10,98.9305,98.4445,100.5934
2014-11-11,ND,ND,ND
2014-11-12,98.8897,98.2427,100.7157
2014-11-13,99.1045,98.4403,100.9506
2014-11-14,99.0917,98.3715,100.9947
2014-11-17,99.2188,98.5710,101.0494
2014-11-18,99.0185,98.2989,100.9199
2014-11-19,99.2424,98.5010,101.1688
2014-11-20,99.2554,98.5247,101.1711
2014-11-21,99.2894,98.7086,101.0529
2014-11-24,99.4227,98.7845,101.2460
2014-11-25,99.2837,98.5679,101.1844
2014-11-26,99.1893,98.2960,101.2701
2014-11-27,ND,ND,ND
2014-11-28,100.0719,99.2444,102.0959
2014-12-01,99.8964,98.7226,102.2730
2014-12-02,100.4478,99.4080,102.6932
2014-12-03,100.5696,99.6540,102.6894
2014-12-04,100.3931,99.2401,102.7541
2014-12-05,101.0989,100.0969,103.3133
2014-12-08,101.3100,100.2119,103.6253
2014-12-09,100.8095,99.3703,103.4702
2014-12-10,101.0212,99.4672,103.8032
2014-12-11,101.4448,99.8034,104.3222
2014-12-12,101.3735,99.3779,104.6188
2014-12-15,101.6740,99.6817,104.9193
2014-12-16,101.5260,99.4530,104.8539
2014-12-17,101.5527,99.9121,104.4306
2014-12-18,101.7531,100.3538,104.3837
2014-12-19,102.0483,100.7653,104.5625
2014-12-22,101.9942,100.7832,104.4335
2014-12-23,102.3480,101.1617,104.7662
2014-12-24,102.3028,101.0710,104.7672
2014-12-25,ND,ND,ND
2014-12-26,ND,ND,ND
2014-12-29,102.3767,101.1495,104.8373
2014-12-30,102.1019,100.8703,104.5636
2014-12-31,102.2843,101.2064,104.5904
2015-01-01,ND,ND,ND
2015-01-02,102.9027,102.0577,104.9858
2015-01-05,103.4976,102.6059,105.6341
2015-01-06,103.2938,102.4574,105.3731
2015-01-07,103.6316,103.2686,105.2499
2015-01-08,103.2799,103.1442,104.6720
2015-01-09,103.1213,103.0439,104.4547
2015-01-12,103.2372,103.1772,104.5550
2015-01-13,103.2700,103.4040,104.3998
2015-01-14,103.0903,103.1161,104.3229
2015-01-15,103.0829,103.1420,104.2831
2015-01-16,103.2189,103.3726,104.3290
2015-01-19,ND,ND,ND
2015-01-20,103.5233,103.7401,104.5760
2015-01-21,103.7858,104.2691,104.5846
2015-01-22,103.9271,104.9466,104.2139
2015-01-23,104.3676,105.6305,104.4282
2015-01-26,104.4818,105.7647,104.5248
2015-01-27,104.1646,105.3087,104.3356
2015-01-28,104.4737,105.5695,104.6944
2015-01-29,105.2763,106.5137,105.3721
2015-01-30,105.5884,106.6533,105.8521
2015-02-02,105.2058,106.1458,105.5840
2015-02-03,104.6063,105.3507,105.1642
2015-02-04,104.7850,105.6860,105.1953
2015-02-05,104.4915,105.2207,105.0625
2015-02-06,105.1283,106.0800,105.4945
2015-02-09,104.9889,105.9251,105.3681
2015-02-10,105.2897,106.1767,105.7194
2015-02-11,105.7901,106.6835,106.2199
2015-02-12,104.9385,105.5528,105.6253
2015-02-13,104.8452,105.5187,105.4741
2015-02-16,ND,ND,ND
2015-02-17,ND,ND,ND
2015-02-18,105.2514,105.8727,105.9352
2015-02-19,105.1407,105.7070,105.8761
2015-02-20,105.3387,105.8138,106.1643
2015-02-23,105.5359,106.1042,106.2742
2015-02-24,105.5472,106.3661,106.0453
2015-02-25,105.0503,105.5784,105.8213
2015-02-26,105.5021,106.4746,105.8528
2015-02-27,105.5981,106.5802,105.9409
2015-03-02,105.8151,106.8022,106.1557
2015-03-03,105.5562,106.4142,106.0170
2015-03-04,106.1333,107.0818,106.5147
2015-03-05,ND,ND,ND
2015-03-06,107.4337,108.7983,107.4348
2015-03-09,107.5199,108.8020,107.6004
2015-03-10,108.1165,109.5453,108.0651
2015-03-11,108.5235,110.6105,107.8573
2015-03-12,108.1741,110.2060,107.5553
2015-03-13,108.9174,111.0063,108.2540
2015-03-16,108.6422,110.6801,108.0235
2015-03-17,108.5805,110.6272,107.9526
2015-03-18,108.4080,110.4347,107.7968
2015-03-19,108.1826,110.4024,107.3882
2015-03-20,107.1671,108.9770,106.7447
2015-03-23,106.5022,108.0819,106.2886
2015-03-24,106.4401,108.1640,106.0898
2015-03-25,106.2636,107.7748,106.1120
2015-03-26,106.5582,107.9738,106.5004
2015-03-27,106.8916,108.3630,106.7850
2015-03-30,107.3941,109.1934,106.9843
2015-03-31,107.4396,109.4402,106.8414
2015-04-01,107.0600,109.1270,106.3950
2015-04-02,106.6738,108.6261,106.1117
2015-04-03,105.8861,107.6540,105.4879
2015-04-06,105.7876,107.5275,105.4145
2015-04-07,106.4488,108.5398,105.7542
2015-04-08,106.4231,108.5743,105.6721
2015-04-09,107.0335,109.5995,105.9034
2015-04-10,107.4526,110.0508,106.2975
2015-04-13,107.7508,110.1537,106.7806
2015-04-14,107.0547,109.1724,106.3422
2015-04-15,107.1855,109.2472,106.5271
2015-04-16,106.2761,107.9404,105.9800
2015-04-17,106.3290,107.7950,106.2208
2015-04-20,106.4902,107.8895,106.4470
2015-04-21,106.5582,108.0635,106.4157
2015-04-22,106.5815,108.1739,106.3569
2015-04-23,106.1658,107.5166,106.1648
2015-04-24,105.9050,107.0775,106.0701
2015-04-27,105.6891,106.8125,105.8983
2015-04-28,105.1234,106.0934,105.4718
2015-04-29,104.5634,104.9549,105.4601
2015-04-30,105.3120,105.7635,106.1600
2015-05-01,105.6382,106.0122,106.5648
2015-05-04,105.6679,105.9943,106.6408
2015-05-05,105.2396,105.5267,106.2453
2015-05-06,104.6935,104.6322,106.0303
2015-05-07,105.1941,105.3027,106.3721
2015-05-08,104.8424,105.1796,105.7949
2015-05-11,105.3075,105.5671,106.3407
2015-05-12,104.8924,104.7400,106.3203
2015-05-13,104.3608,103.9351,106.0493
2015-05-14,104.2359,104.0620,105.6767
2015-05-15,104.0202,103.9365,105.3707
2015-05-18,104.6068,104.7170,105.7761
2015-05-19,105.3448,105.9246,106.0698
2015-05-20,105.5605,106.2816,106.1524
2015-05-21,105.3808,105.9227,106.1427
2015-05-22,105.8487,106.7461,106.2754
2015-05-25,ND,ND,ND
2015-05-26,106.7294,108.0253,106.7873
2015-05-27,106.9080,108.2722,106.9031
2015-05-28,106.9200,108.2325,106.9643
2015-05-29,106.7388,107.8572,106.9655
2015-06-01,107.2238,108.5802,107.2302
2015-06-02,106.4507,107.1617,107.0631
2015-06-03,106.1443,106.5491,107.0474
2015-06-04,106.4725,106.7979,107.4563
2015-06-05,107.1336,107.7057,107.8877
2015-06-08,106.7693,106.9774,107.8702
2015-06-09,106.2238,106.2691,107.4757
2015-06-10,105.8037,105.7583,107.1386
2015-06-11,106.0934,106.3033,107.1841
2015-06-12,105.9015,105.9412,107.1550
2015-06-15,105.9989,106.0935,107.2002
2015-06-16,106.0473,106.1548,107.2368
2015-06-17,106.0580,106.1295,107.2825
2015-06-18,105.1020,104.9065,106.5745
2015-06-19,105.4496,105.3350,106.8476
2015-06-22,105.3846,105.3168,106.7363
2015-06-23,105.9678,106.2894,106.9490
2015-06-24,106.2522,106.6979,107.1172
2015-06-25,106.1515,106.3471,107.2569
2015-06-26,106.4116,106.5802,107.5464
2015-06-29,106.3785,106.3085,107.7444
2015-06-30,106.5191,106.6463,107.6951
2015-07-01,107.0101,107.3891,107.9486
2015-07-02,106.9106,107.4191,107.7232
2015-07-03,ND,ND,ND
2015-07-06,107.1343,107.5821,108.0080
2015-07-07,107.7850,108.5102,108.4001
2015-07-08,107.4734,107.8753,108.3955
2015-07-09,107.5595,108.1458,108.3051
2015-07-10,107.2130,107.6760,108.0731
2015-07-13,107.5849,108.3903,108.1207
2015-07-14,107.4843,108.2885,108.0200
2015-07-15,108.0149,109.0365,108.3493
2015-07-16,108.1726,109.3284,108.3810
2015-07-17,108.5374,109.7069,108.7372
2015-07-20,108.6944,109.7237,109.0296
2015-07-21,108.3893,109.3146,108.8201
2015-07-22,108.7817,109.6498,109.2719
2015-07-23,108.7565,109.3355,109.5237
2015-07-24,109.0174,109.4717,109.9077
2015-07-27,108.6924,108.6822,110.0284
2015-07-28,108.6881,108.7524,109.9516
2015-07-29,108.6040,108.8046,109.7345
2015-07-30,109.4328,109.6920,110.5166
2015-07-31,108.7819,109.1606,109.7422
2015-08-03,109.2140,109.7224,110.0547
2015-08-04,109.2244,109.6728,110.1231
2015-08-05,109.8420,110.3266,110.7134
2015-08-06,109.7220,110.0920,110.7024
2015-08-07,109.4376,109.8771,110.3473
2015-08-10,109.1931,109.5499,110.1797
2015-08-11,109.9464,109.6742,111.5528
2015-08-12,109.4655,108.3508,111.8950
2015-08-13,109.9025,108.9191,112.2073
2015-08-14,109.9174,109.0173,112.1399
2015-08-17,110.1435,109.1902,112.4214
2015-08-18,110.2504,109.3249,112.5022
2015-08-19,110.4333,109.3724,112.8211
2015-08-20,110.1077,108.4716,113.0642
2015-08-21,110.1443,107.8149,113.7993
2015-08-24,109.9306,106.7095,114.4939
2015-08-25,110.3394,107.8017,114.2080
2015-08-26,110.5807,107.9884,114.5077
2015-08-27,110.4834,108.6067,113.6857
2015-08-28,110.6714,109.1362,113.5337
2015-08-31,110.5621,108.9898,113.4603
2015-09-01,110.4506,108.4947,113.7320
2015-09-02,110.7979,108.9493,113.9756
2015-09-03,110.8566,109.3071,113.7354
2015-09-04,111.1018,109.3948,114.1411
2015-09-07,ND,ND,ND
2015-09-08,110.7942,108.8512,114.0668
2015-09-09,110.9225,109.1302,114.0451
2015-09-10,110.6331,108.6114,113.9830
2015-09-11,110.6109,108.4732,114.0775
2015-09-14,110.5005,108.4258,113.9022
2015-09-15,110.6394,108.7547,113.8516
2015-09-16,110.1021,108.2337,113.2915
2015-09-17,110.1212,108.2767,113.2867
2015-09-18,109.8165,107.7481,113.2038
2015-09-21,110.6414,108.7865,113.8235
2015-09-22,111.1967,109.2307,114.4971
2015-09-23,111.6287,109.3872,115.2122
2015-09-24,111.4454,109.0218,115.2111
2015-09-25,111.3725,109.4008,114.6807
2015-09-28,111.3914,109.1899,114.9315
2015-09-29,111.5219,109.2777,115.1069
2015-09-30,111.3311,109.6236,114.3737
2015-10-01,111.0439,109.0188,114.4021
2015-10-02,110.7006,108.5839,114.1470
2015-10-05,110.4445,108.7141,113.4994
2015-10-06,110.1371,108.2561,113.3394
2015-10-07,109.8162,108.1607,112.7885
2015-10-08,109.6452,107.9648,112.6405
2015-10-09,109.0782,107.4568,112.0077
2015-10-12,ND,ND,ND
2015-10-13,109.4119,107.4833,112.6534
2015-10-14,109.1244,107.0263,112.5334
2015-10-15,108.6671,106.7350,111.9034
2015-10-16,108.9956,107.2482,112.0503
2015-10-19,109.3858,107.5463,112.5375
2015-10-20,109.3368,107.3645,112.6215
2015-10-21,109.7746,107.8091,113.0577
2015-10-22,110.0342,108.7015,112.6871
2015-10-23,110.4329,109.5378,112.6568
2015-10-26,110.2089,109.2649,112.4785
2015-10-27,110.4875,109.5208,112.7828
2015-10-28,110.2334,109.3052,112.4876
2015-10-29,110.8083,109.9139,113.0362
2015-10-30,110.2079,109.1712,112.5690
2015-11-02,110.2188,109.2666,112.4965
2015-11-03,110.2440,109.7084,112.1118
2015-11-04,110.7139,110.2577,112.5096
2015-11-05,110.8302,110.3791,112.6224
2015-11-06,111.7603,111.6302,113.2503
2015-11-09,111.9112,111.3754,113.7996
2015-11-10,111.9919,111.7341,113.6093
2015-11-11,ND,ND,ND
2015-11-12,111.7965,111.3240,113.6214
2015-11-13,112.0264,111.6185,113.7910
2015-11-16,112.2199,111.7546,114.0429
2015-11-17,112.3141,112.0600,113.9317
2015-11-18,112.3663,112.1475,113.9502
2015-11-19,111.5749,111.2175,113.2845
2015-11-20,111.7799,111.8600,113.0658
2015-11-23,112.1125,112.2696,113.3278
2015-11-24,111.7638,111.8864,113.0082
2015-11-25,111.8936,112.0239,113.1323
2015-11-26,ND,ND,ND
2015-11-27,112.2824,112.4003,113.5378
2015-11-30,112.3400,112.4758,113.5789
2015-12-01,112.1134,112.2377,113.3605
2015-12-02,112.3715,112.5844,113.5360
2015-12-03,111.6407,111.0036,113.6253
2015-12-04,111.5463,110.9740,113.4661
2015-12-07,112.3056,111.5989,114.3666
2015-12-08,112.5485,111.6661,114.7856
2015-12-09,112.1918,110.9273,114.8028
2015-12-10,112.2672,110.9920,114.8898
2015-12-11,112.7147,110.9279,115.8534
2015-12-14,112.7521,110.9258,115.9308
2015-12-15,112.8609,111.6560,115.4209
2015-12-16,112.9864,111.7338,115.5953
2015-12-17,113.8177,112.9915,116.0148
2015-12-18,113.2837,112.3107,115.6192
2015-12-21,113.4144,112.2584,115.9327
2015-12-22,113.2110,111.9013,115.8792
2015-12-23,113.1847,112.1490,115.5810
2015-12-24,113.0496,111.5972,115.8580
2015-12-25,ND,ND,ND
2015-12-28,113.0461,111.6452,115.8032
2015-12-29,113.1664,111.9050,115.7861
2015-12-30,113.4707,111.9812,116.3211
2015-12-31,113.3429,112.1925,115.8546
2016-01-01,ND,ND,ND
2016-01-04,114.1595,112.7218,116.9684
2016-01-05,114.2649,113.0372,116.8649
2016-01-06,114.6177,113.1843,117.4278
2016-01-07,114.6516,112.6817,118.0025
2016-01-08,115.0095,112.7967,118.6110
2016-01-11,115.0139,112.8841,118.5311
2016-01-12,115.3128,113.4561,118.5570
2016-01-13,115.1425,113.3409,118.3290
2016-01-14,115.3846,113.5838,118.5733
2016-01-15,115.7404,113.4770,119.4018
2016-01-18,ND,ND,ND
2016-01-19,115.8155,113.8812,119.1441
2016-01-20,116.3498,113.9276,120.1801
2016-01-21,115.9833,113.5573,119.8132
2016-01-22,ND,ND,ND
2016-01-25,ND,ND,ND
2016-01-26,ND,ND,ND
2016-01-27,115.5087,113.0649,119.3511
2016-01-28,115.2224,112.6671,119.1753
2016-01-29,115.5731,113.6576,118.8798
2016-02-01,115.3331,113.0930,118.9660
2016-02-02,115.5530,112.9708,119.5374
2016-02-03,114.6144,111.4087,119.2291
2016-02-04,113.6012,110.2931,118.3103
2016-02-05,114.2935,111.0956,118.8963
2016-02-08,114.4351,110.8901,119.3996
2016-02-09,114.1270,110.0134,119.6827
2016-02-10,114.2877,110.4830,119.5215
2016-02-11,114.1845,109.5415,120.3000
2016-02-12,114.2992,109.9911,120.0616
2016-02-15,ND,ND,ND
2016-02-16,114.4905,110.7413,119.6685
2016-02-17,113.8634,110.3499,118.7888
2016-02-18,113.8897,110.5451,118.6398
2016-02-19,113.9558,110.4088,118.9171
2016-02-22,113.8232,110.8281,118.2114
2016-02-23,114.1770,111.0288,118.7272
2016-02-24,114.1716,110.9180,118.8308
2016-02-25,113.9222,110.6386,118.6096
2016-02-26,114.3708,111.2273,118.9184
2016-02-29,114.2418,111.2428,118.6387
2016-03-01,113.9265,111.1849,118.0553
2016-03-02,113.7965,111.1726,117.8031
2016-03-03,113.2482,110.4241,117.4538
2016-03-04,112.6387,109.9795,116.6681
2016-03-07,112.6219,109.8576,116.7589
2016-03-08,112.8465,109.8557,117.2190
2016-03-09,112.4268,109.5401,116.6873
2016-03-10,112.4191,109.2512,116.9698
2016-03-11,111.7410,108.6966,116.1562
2016-03-14,112.1688,109.2830,116.4254
2016-03-15,112.5545,109.4681,117.0223
2016-03-16,112.7759,109.8196,117.1120
2016-03-17,110.4450,107.1871,115.0665
2016-03-18,110.4002,107.2722,114.8866
2016-03-21,110.7370,107.7226,115.1100
2016-03-22,110.7877,107.9852,114.9428
2016-03-23,111.5473,108.7835,115.6714
2016-03-24,111.8160,108.9964,116.0005
2016-03-25,111.7698,109.0494,115.8518
2016-03-28,111.3578,108.5774,115.4967
2016-03-29,111.3736,108.5022,115.6063
2016-03-30,110.2301,107.2928,114.5177
2016-03-31,109.9191,107.0344,114.1488
2016-04-01,110.2977,107.3427,114.6042
2016-04-04,110.3987,107.1721,114.9873
2016-04-05,110.9478,107.5520,115.7181
2016-04-06,110.5347,106.9631,115.4837
2016-04-07,110.8876,107.2368,115.9232
2016-04-08,110.4213,106.7740,115.4480
2016-04-11,109.9758,106.3757,114.9482
2016-04-12,109.8160,106.2211,114.7813
2016-04-13,110.1436,106.7844,114.8670
2016-04-14,110.1691,107.0069,114.6884
2016-04-15,110.1933,106.8210,114.9309
2016-04-18,109.9892,106.5562,114.7876
2016-04-19,109.2782,105.8771,114.0356
2016-04-20,109.3926,106.0658,114.0738
2016-04-21,109.8533,106.4580,114.6110
2016-04-22,110.2331,106.8580,114.9739
2016-04-25,110.1865,106.5894,115.1582
2016-04-26,109.7496,106.1709,114.6971
2016-04-27,109.8483,106.3171,114.7476
2016-04-28,109.2148,105.6887,114.1017
2016-04-29,108.8274,104.9916,114.0341
2016-05-02,108.6710,104.5880,114.1360
2016-05-03,109.3613,105.0874,115.0352
2016-05-04,109.9952,105.8180,115.5738
2016-05-05,110.2417,106.1288,115.7549
2016-05-06,110.3801,106.2250,115.9392
2016-05-09,110.9466,106.7350,116.5715
2016-05-10,110.8225,106.7920,116.2551
2016-05-11,110.2806,106.1312,115.8327
2016-05-12,110.6935,106.5096,116.2866
2016-05-13,111.2521,107.1960,116.7163
2016-05-16,111.1217,106.8778,116.7827
2016-05-17,111.0867,106.7666,116.8277
2016-05-18,111.4995,107.1290,117.2981
2016-05-19,112.2331,107.9048,117.9949
2016-05-20,112.1822,108.1646,117.6159
2016-05-23,112.2840,108.1934,117.7958
2016-05-24,112.2912,108.2103,117.7928
2016-05-25,112.2001,108.0662,117.7564
2016-05-26,111.8979,107.6295,117.5928
2016-05-27,112.0822,107.9054,117.6824
2016-05-30,ND,ND,ND
2016-05-31,112.4276,108.3531,117.9240
2016-06-01,112.4620,108.1497,118.2094
2016-06-02,112.4564,108.0505,118.3025
2016-06-03,111.4451,106.6392,117.7056
2016-06-06,111.2295,106.4058,117.5070
2016-06-07,110.8378,106.0961,117.0237
2016-06-08,110.1916,105.5757,116.2369
2016-06-09,110.6168,106.0078,116.6591
2016-06-10,111.1027,106.3904,117.2600
2016-06-13,111.5036,106.5032,117.9727
2016-06-14,111.9826,106.9566,118.4838
2016-06-15,111.7671,106.9440,118.0494
2016-06-16,112.2347,107.4447,118.4864
2016-06-17,111.5332,106.4778,118.0613
2016-06-20,110.8693,105.7454,117.4645
2016-06-21,111.0077,106.0073,117.4717
2016-06-22,110.7681,105.8996,117.0886
2016-06-23,110.2620,105.4389,116.5290
2016-06-24,112.1355,107.4426,118.2829
2016-06-27,113.1301,108.5203,119.1995
2016-06-28,112.7545,108.5221,118.4206
2016-06-29,111.8597,107.8057,117.3285
2016-06-30,112.1618,108.4310,117.2949
2016-07-01,111.6509,107.6099,117.1037
2016-07-04,ND,ND,ND
2016-07-05,112.4231,108.1238,118.1564
2016-07-06,112.5438,108.2692,118.2521
2016-07-07,112.5775,108.2287,118.3647
2016-07-08,112.3963,108.5223,117.6819
2016-07-11,112.5254,108.8607,117.5935
2016-07-12,112.1102,108.5250,117.0906
2016-07-13,112.0266,108.1988,117.2597
2016-07-14,111.7692,108.1234,116.8092
2016-07-15,112.2833,108.6577,117.3078
2016-07-18,112.2463,108.5696,117.3239
2016-07-19,112.6380,109.1318,117.5422
2016-07-20,112.6743,109.2168,117.5280
2016-07-21,112.6239,109.0956,117.5508
2016-07-22,112.9890,109.7520,117.6175
2016-07-25,113.1784,109.7361,118.0221
2016-07-26,113.0593,109.5228,117.9996
2016-07-27,113.2170,109.7235,118.1143
2016-07-28,112.7393,108.9367,117.9539
2016-07-29,111.8740,107.7836,117.3811
2016-08-01,111.9757,107.9359,117.4306
2016-08-02,111.7124,107.3854,117.4673
2016-08-03,111.9419,107.6837,117.6265
2016-08-04,111.9149,107.8231,117.4239
2016-08-05,112.3589,108.5925,117.5314
2016-08-08,112.1456,108.7070,116.9739
2016-08-09,111.7220,108.4061,116.4181
2016-08-10,111.3238,107.8964,116.1312
2016-08-11,111.1954,107.8164,115.9511
2016-08-12,111.1787,107.6469,116.0932
2016-08-15,110.9212,107.5355,115.6808
2016-08-16,110.4295,106.8073,115.4300
2016-08-17,110.9459,106.9617,116.3313
2016-08-18,110.3134,106.2319,115.7944
2016-08-19,110.8163,106.6375,116.4051
2016-08-22,110.9997,106.7819,116.6317
2016-08-23,110.9414,106.6631,116.6368
2016-08-24,111.2958,106.9692,117.0458
2016-08-25,111.1726,106.9611,116.7999
2016-08-26,111.2035,107.2373,116.5729
2016-08-29,111.8775,107.8696,117.2980
2016-08-30,112.2928,108.2943,117.7079
2016-08-31,112.4036,108.4493,117.7733
2016-09-01,112.1733,108.0498,117.7185
2016-09-02,112.0009,108.0430,117.3702
2016-09-05,ND,ND,ND
2016-09-06,110.9613,106.8986,116.4294
2016-09-07,110.9717,107.0044,116.3397
2016-09-08,111.2609,107.1037,116.8319
2016-09-09,111.9879,107.7478,117.6540
2016-09-12,112.1516,107.6015,118.1475
2016-09-13,112.5207,107.9364,118.5567
2016-09-14,112.4678,107.8535,118.5350
2016-09-15,112.4753,107.8193,118.5869
2016-09-16,113.1765,108.4926,119.3251
2016-09-19,112.9030,108.2763,118.9879
2016-09-20,113.1848,108.4595,119.3773
2016-09-21,112.9842,108.2086,119.2282
2016-09-22,112.2592,107.4695,118.5107
2016-09-23,112.7166,107.9669,118.9303
2016-09-26,112.7112,107.7217,119.1807
2016-09-27,112.5515,108.0807,118.4675
2016-09-28,112.6283,108.1251,118.5793
2016-09-29,112.2879,107.7281,118.2954
2016-09-30,112.2795,107.7534,118.2512
2016-10-03,112.5077,108.1443,118.3094
2016-10-04,112.6579,108.4931,118.2517
2016-10-05,112.7946,108.6954,118.3209
2016-10-06,113.0066,109.1082,118.3243
2016-10-07,113.2915,109.4826,118.5187
2016-10-10,ND,ND,ND
2016-10-11,113.4461,109.9440,118.3549
2016-10-12,113.7442,110.4180,118.4737
2016-10-13,113.6238,110.0392,118.6205
2016-10-14,113.7119,110.2040,118.6299
2016-10-17,113.5488,110.0269,118.4793
2016-10-18,113.1393,109.8028,117.8728
2016-10-19,113.0547,109.8760,117.6237
2016-10-20,113.4033,110.3728,117.8231
2016-10-21,113.9015,111.0362,118.1569
2016-10-24,113.8571,111.1137,117.9868
2016-10-25,113.6801,111.0199,117.7224
2016-10-26,113.8131,110.9252,118.0908
2016-10-27,114.1998,111.2424,118.5535
2016-10-28,114.0931,111.1787,118.4012
2016-10-31,114.0188,110.9726,118.4619
2016-11-01,113.9915,110.4415,118.9562
2016-11-02,113.9206,109.8204,119.4600
2016-11-03,113.7664,109.7911,119.1730
2016-11-04,113.5828,109.6159,118.9786
2016-11-07,113.5443,110.2566,118.2316
2016-11-08,113.3017,110.2336,117.7593
2016-11-09,114.6956,110.6545,120.1813
2016-11-10,115.9375,111.3588,122.0032
2016-11-11,ND,ND,ND
2016-11-14,117.2245,112.6273,123.3233
2016-11-15,116.7724,112.5050,122.5184
2016-11-16,116.8062,112.5141,122.5785
2016-11-17,116.8952,112.8242,122.4363
2016-11-18,117.5936,113.5865,123.0752
2016-11-21,117.4762,113.3336,123.0986
2016-11-22,117.4508,113.2836,123.0987
2016-11-23,118.0356,113.7941,123.7680
2016-11-24,ND,ND,ND
2016-11-25,118.0200,113.7994,123.7303
2016-11-28,117.7278,113.5453,123.3949
2016-11-29,117.6440,113.3671,123.4095
2016-11-30,117.7636,113.8483,123.1512
2016-12-01,117.6642,113.2290,123.5965
2016-12-02,117.3116,112.8269,123.2924
2016-12-05,117.1008,112.5317,123.1686
2016-12-06,116.9225,112.5604,122.7698
2016-12-07,116.6720,112.3332,122.4922
2016-12-08,117.0327,112.9830,122.5530
2016-12-09,117.2834,113.3314,122.7041
2016-12-12,116.9161,112.9044,122.3953
2016-12-13,116.8029,112.6941,122.3827
2016-12-14,116.7332,112.5531,122.3870
2016-12-15,118.8072,115.3705,123.7085
2016-12-16,118.3584,114.6897,123.4953
2016-12-19,118.3875,114.7828,123.4583
2016-12-20,118.6300,115.2309,123.4902
2016-12-21,118.5810,115.1192,123.5056
2016-12-22,118.8209,115.1792,123.9349
2016-12-23,118.7856,115.3944,123.6394
2016-12-26,ND,ND,ND
2016-12-27,118.9506,115.4407,123.9292
2016-12-28,119.2305,115.8129,124.1167
2016-12-29,118.6637,114.9739,123.8261
2016-12-30,118.3466,114.4547,123.7161
2017-01-02,ND,ND,ND
2017-01-03,119.0903,115.3277,124.3350
2017-01-04,118.8803,114.5971,124.6610
2017-01-05,117.9999,113.4213,124.0784
2017-01-06,118.3495,113.9039,124.2931
2017-01-09,118.4111,113.8689,124.4562
2017-01-10,118.5386,113.8225,124.7667
2017-01-11,119.0219,114.2782,125.2841
2017-01-12,117.8001,112.8203,124.2968
2017-01-13,117.9884,113.1923,124.2944
2017-01-16,ND,ND,ND
2017-01-17,117.2656,112.2019,123.8449
2017-01-18,117.7242,112.6599,124.3091
2017-01-19,118.3182,113.5239,124.6259
2017-01-20,ND,ND,ND
2017-01-23,117.2479,112.4046,123.5953
2017-01-24,117.0516,112.1032,123.5074
2017-01-25,116.9355,111.8554,123.5286
2017-01-26,117.2766,112.4305,123.6273
2017-01-27,117.0735,112.4440,123.1950
2017-01-30,116.7325,112.3124,122.6317
2017-01-31,116.2241,111.3818,122.5594
2017-02-01,116.3914,111.7169,122.5527
2017-02-02,115.9030,111.2924,121.9919
2017-02-03,115.6259,111.3359,121.3772
2017-02-06,116.0504,111.9322,121.6281
2017-02-07,116.4082,112.1859,122.0978
2017-02-08,116.1382,111.9494,121.7901
2017-02-09,116.3060,112.4026,121.6641
2017-02-10,116.1480,112.2698,121.4781
2017-02-13,116.3427,112.5637,121.5728
2017-02-14,116.3949,112.8479,121.3868
2017-02-15,116.2162,112.6847,121.1903
2017-02-16,116.0067,112.1996,121.2620
2017-02-17,116.4035,112.5514,121.7097
2017-02-20,ND,ND,ND
2017-02-21,116.5921,112.9758,121.6575
2017-02-22,116.2136,113.0729,120.7877
2017-02-23,115.6527,112.5208,120.2112
2017-02-24,115.8143,112.5439,120.5162
2017-02-27,115.6764,112.3378,120.4463
2017-02-28,116.0032,112.7492,120.6905
2017-03-01,116.4380,113.5662,120.7411
2017-03-02,116.8429,114.0947,121.0257
2017-03-03,116.6438,114.0613,120.6564
2017-03-06,116.4313,113.8001,120.4906
2017-03-07,116.4303,113.8666,120.4215
2017-03-08,116.8750,114.3467,120.8359
2017-03-09,116.9959,114.2476,121.1806
2017-03-10,116.6160,113.8521,120.8120
2017-03-13,116.4004,113.6190,120.6115
2017-03-14,116.5646,113.8213,120.7389
2017-03-15,116.3584,113.8003,120.3430
2017-03-16,115.4456,112.5457,119.7654
2017-03-17,115.2783,112.6074,119.3641
2017-03-20,115.0426,112.5093,118.9865
2017-03-21,114.8119,111.9813,119.0538
2017-03-22,114.7937,111.9717,119.0267
2017-03-23,114.7899,111.9778,119.0129
2017-03-24,114.6372,112.0224,118.6585
2017-03-27,114.2347,111.4874,118.3853
2017-03-28,114.4190,111.6873,118.5561
2017-03-29,114.7167,112.3282,118.5105
2017-03-30,114.5245,112.1944,118.2573
2017-03-31,114.7938,112.4021,118.5918
2017-04-03,114.8734,112.7712,118.3815
2017-04-04,115.0038,112.8217,118.5937
2017-04-05,114.9494,112.8485,118.4572
2017-04-06,115.0181,112.8780,118.5661
2017-04-07,115.0547,113.0759,118.4415
2017-04-10,115.1100,113.0223,118.6064
2017-04-11,115.0090,112.7251,118.7012
2017-04-12,114.9162,112.6114,118.6282
2017-04-13,114.5059,112.3381,118.0754
2017-04-14,114.5368,112.3860,118.0895
2017-04-17,114.3283,112.0462,118.0105
2017-04-18,114.2575,111.9147,117.9998
2017-04-19,114.7923,112.2109,118.7817
2017-04-20,114.6205,111.9950,118.6524
2017-04-21,114.8128,112.3409,118.6918
2017-04-24,114.3659,111.8154,118.3190
2017-04-25,114.5111,111.7350,118.6942
2017-04-26,114.9479,112.0924,119.2167
2017-04-27,114.9946,112.1998,119.2025
2017-04-28,114.7877,112.0722,118.9126
2017-05-01,114.5921,112.0089,118.5808
2017-05-02,114.6792,112.2314,118.5323
2017-05-03,114.6637,112.1791,118.5538
2017-05-04,114.9076,112.1456,119.0812
2017-05-05,114.7725,111.8634,119.0938
2017-05-08,115.0895,112.2787,119.3147
2017-05-09,115.3933,112.7558,119.4465
2017-05-10,115.1145,112.5951,119.0451
2017-05-11,115.0669,112.7069,118.8363
2017-05-12,114.7479,112.4312,118.4699
2017-05-15,114.3504,112.0167,118.0846
2017-05-16,113.9923,111.4294,117.9533
2017-05-17,113.7506,110.8908,118.0097
2017-05-18,114.2683,110.7563,119.1997
2017-05-19,113.7001,110.4339,118.3729
2017-05-22,113.5442,110.1237,118.3734
2017-05-23,113.6862,110.3250,118.4561
2017-05-24,113.6750,110.4484,118.3070
2017-05-25,113.3719,110.1960,117.9484
2017-05-26,113.4839,110.5030,117.8629
2017-05-29,ND,ND,ND
2017-05-30,113.5552,110.3200,118.1946
2017-05-31,113.2956,110.1299,117.8608
2017-06-01,113.3017,110.3018,117.6979
2017-06-02,113.1908,109.9618,117.8196
2017-06-05,112.9755,109.9675,117.3762
2017-06-06,112.7095,109.6648,117.1444
2017-06-07,112.8191,109.9153,117.1118
2017-06-08,112.8351,110.0339,117.0236
2017-06-09,112.9562,110.2755,117.0240
2017-06-12,112.9837,110.2035,117.1527
2017-06-13,112.6271,109.7045,116.9367
2017-06-14,112.0734,109.0855,116.4428
2017-06-15,112.8708,110.0694,117.0600
2017-06-16,112.6155,109.7768,116.8395
2017-06-19,112.7576,109.9411,116.9607
2017-06-20,113.2698,110.3860,117.5474
2017-06-21,113.3327,110.4170,117.6436
2017-06-22,113.1654,110.1668,117.5586
2017-06-23,112.8665,109.9268,117.1961
2017-06-26,112.7633,109.8730,117.0415
2017-06-27,112.5500,109.3725,117.1185
2017-06-28,112.0747,108.6156,116.9263
2017-06-29,111.9980,108.2557,117.1406
2017-06-30,111.9896,108.2280,117.1521
2017-07-03,112.4268,108.6306,117.6299
2017-07-04,ND,ND,ND
2017-07-05,112.6534,108.7843,117.9346
2017-07-06,112.4199,108.3271,117.9304
2017-07-07,112.3137,108.4073,117.6297
2017-07-10,112.1587,108.4405,117.2782
2017-07-11,112.1434,108.4523,117.2349
2017-07-12,111.5904,107.9591,116.6137
2017-07-13,111.5365,107.9735,116.4888
2017-07-14,110.9075,107.2391,115.9614
2017-07-17,110.9304,107.2283,116.0193
2017-07-18,110.4356,106.6281,115.6279
2017-07-19,110.4339,106.6415,115.6106
2017-07-20,110.2512,106.2270,115.6662
2017-07-21,110.1910,106.0079,115.7707
2017-07-24,110.2004,105.9106,115.8916
2017-07-25,110.2835,105.9013,116.0721
2017-07-26,110.3811,106.1022,116.0627
2017-07-27,110.2160,106.0298,115.7992
2017-07-28,109.9200,105.3161,115.9372
2017-07-31,109.8177,105.0471,116.0093
2017-08-01,109.8495,105.2556,115.8555
2017-08-02,109.7503,105.0522,115.8648
2017-08-03,109.8332,105.0918,115.9942
2017-08-04,110.2808,105.9129,116.0545
2017-08-07,110.3730,105.9259,116.2305
2017-08-08,110.3960,106.1591,116.0341
2017-08-09,110.3671,106.0263,116.1133
2017-08-10,110.1886,105.9208,115.8568
2017-08-11,110.0422,105.6145,115.8759
2017-08-14,110.0950,105.8462,115.7422
2017-08-15,110.4846,106.3642,116.0022
2017-08-16,110.4394,106.4387,115.8320
2017-08-17,110.1673,105.9638,115.7680
2017-08-18,110.0410,105.7347,115.7477
2017-08-21,109.7349,105.3934,115.4751
2017-08-22,109.8386,105.6706,115.3987
2017-08-23,109.8095,105.5437,115.4713
2017-08-24,109.7524,105.4681,115.4329
2017-08-25,109.3415,105.0003,115.0770
2017-08-28,109.1815,104.5834,115.1847
2017-08-29,109.0946,104.3752,115.2245
2017-08-30,109.4052,105.1639,115.0370
2017-08-31,109.3686,105.0862,115.0428
2017-09-01,109.0504,104.7289,114.7622
2017-09-04,ND,ND,ND
2017-09-05,108.8664,104.3523,114.7779
2017-09-06,108.4897,103.7970,114.5850
2017-09-07,107.9224,103.2177,114.0245
2017-09-08,107.8080,102.9656,114.0543
2017-09-11,108.1530,103.5022,114.2007
2017-09-12,108.3239,103.5867,114.4646
2017-09-13,108.6628,104.0911,114.6326
2017-09-14,108.6180,104.0361,114.5981
2017-09-15,108.3147,103.5480,114.4864
2017-09-18,108.6401,103.9269,114.7587
2017-09-19,108.6142,103.8138,114.8246
2017-09-20,108.4329,103.6979,114.5724
2017-09-21,108.9267,104.2015,115.0609
2017-09-22,108.7542,104.0581,114.8561
2017-09-25,109.3302,104.5887,115.4861
2017-09-26,109.7769,105.0814,115.8888
2017-09-27,110.0722,105.3430,116.2228
2017-09-28,110.2415,105.3614,116.5532
2017-09-29,110.0867,105.3302,116.2663
2017-10-02,110.3686,105.7067,116.4515
2017-10-03,110.3281,105.6686,116.4082
2017-10-04,110.2425,105.6083,116.2949
2017-10-05,110.5823,106.1154,116.4629
2017-10-06,110.7841,106.0699,116.9265
2017-10-09,ND,ND,ND
2017-10-10,110.3034,105.4736,116.5627
2017-10-11,110.3037,105.3858,116.6558
2017-10-12,110.3152,105.3542,116.7132
2017-10-13,110.2669,105.2208,116.7545
2017-10-16,110.5432,105.3939,117.1429
2017-10-17,110.9141,105.8959,117.3787
2017-10-18,110.7214,105.6816,117.2069
2017-10-19,110.4577,105.3800,116.9806
2017-10-20,111.0375,106.1428,117.3728
2017-10-23,111.2134,106.2470,117.6263
2017-10-24,111.4027,106.4008,117.8551
2017-10-25,111.3904,106.4980,117.7270
2017-10-26,111.6418,107.0232,117.6930
2017-10-27,112.1495,107.6864,118.0432
2017-10-30,111.9010,107.2688,117.9692
2017-10-31,111.8052,107.3019,117.7371
2017-11-01,111.7942,107.5009,117.5066
2017-11-02,111.5474,107.2186,117.2941
2017-11-03,111.9383,107.4283,117.8788
2017-11-06,111.7197,107.2827,117.5815
2017-11-07,111.9446,107.4965,117.8203
2017-11-08,111.6935,107.2821,117.5281
2017-11-09,111.5626,106.9294,117.6283
2017-11-10,ND,ND,ND
2017-11-13,111.7833,107.0889,117.9157
2017-11-14,111.5097,106.6271,117.8372
2017-11-15,111.4809,106.5866,117.8204
2017-11-16,111.2568,106.4960,117.4533
2017-11-17,111.0016,106.3715,117.0579
2017-11-20,111.2599,106.6784,117.2680
2017-11-21,110.9828,106.5952,116.7846
2017-11-22,110.5632,106.1214,116.4174
2017-11-23,ND,ND,ND
2017-11-24,110.0253,105.4603,116.0028
2017-11-27,110.1136,105.5918,116.0467
2017-11-28,110.3018,105.9629,116.0453
2017-11-29,110.3265,106.0608,115.9938
2017-11-30,110.4648,106.0121,116.3292
2017-12-01,110.1413,105.4393,116.2641
2017-12-04,110.3970,105.8548,116.3545
2017-12-05,110.4905,105.9409,116.4568
2017-12-06,110.8711,106.3303,116.8322
2017-12-07,111.0178,106.4611,116.9973
2017-12-08,111.2273,106.8168,117.0559
2017-12-11,111.0827,106.5739,117.0127
2017-12-12,111.5214,107.0062,117.4628
2017-12-13,111.2759,106.7170,117.2604
2017-12-14,111.0893,106.4386,117.1682
2017-12-15,111.1286,106.5776,117.1032
2017-12-18,110.9086,106.3518,116.8870
2017-12-19,111.1255,106.5099,117.1680
2017-12-20,110.8361,106.1622,116.9368
2017-12-21,110.8786,105.9495,117.2486
2017-12-22,111.0997,106.1097,117.5363
2017-12-25,ND,ND,ND
2017-12-26,110.9758,105.8513,117.5537
2017-12-27,110.8553,105.5777,117.5944
2017-12-28,110.5154,105.1080,117.3892
2017-12-29,110.0783,104.5852,117.0394
2018-01-01,ND,ND,ND
2018-01-02,109.6445,104.3338,116.4074
2018-01-03,109.6751,104.5579,116.2336
2018-01-04,109.4777,104.4441,115.9461
2018-01-05,109.3496,104.2627,115.8726
2018-01-08,109.5681,104.5598,116.0106
2018-01-09,109.9025,104.8436,116.4020
2018-01-10,109.6280,104.6152,116.0760
2018-01-11,109.4888,104.3619,116.0555
2018-01-12,108.9010,103.8570,115.3741
2018-01-15,ND,ND,ND
2018-01-16,108.3218,103.0424,115.0379
2018-01-17,108.1526,103.0953,114.6320
2018-01-18,108.0655,102.9945,114.5584
2018-01-19,107.9455,103.0293,114.2736
2018-01-22,108.1070,103.0771,114.5567
2018-01-23,107.9979,102.7933,114.6314
2018-01-24,107.0802,101.7352,113.8532
2018-01-25,106.5052,101.1461,113.2874
2018-01-26,106.6911,101.3840,113.4200
2018-01-29,107.1142,101.8829,113.7669
2018-01-30,107.1064,101.6591,113.9886
2018-01-31,106.7696,101.4072,113.5580
2018-02-01,106.4877,101.1772,113.2180
2018-02-02,107.1151,101.8139,113.8419
2018-02-05,107.3300,102.1846,113.8939
2018-02-06,107.5204,102.3978,114.0621
2018-02-07,107.7175,102.9070,113.9321
2018-02-08,108.3025,103.0886,114.9489
2018-02-09,108.2582,103.1451,114.7976
2018-02-12,108.0332,103.0386,114.4452
2018-02-13,107.7574,102.4512,114.4961
2018-02-14,107.4691,102.1218,114.2486
2018-02-15,106.9867,101.5053,113.9040
2018-02-16,107.0359,101.6472,113.8550
2018-02-19,ND,ND,ND
2018-02-20,107.6249,102.4054,114.2704
2018-02-21,107.8679,102.7869,114.3693
2018-02-22,107.8668,102.7127,114.4455
2018-02-23,107.6804,102.6493,114.1271
2018-02-26,107.7347,102.8017,114.0783
2018-02-27,108.1731,103.2466,114.5146
2018-02-28,108.3903,103.4823,114.7147
2018-03-01,108.5358,103.6422,114.8466
2018-03-02,ND,ND,ND
2018-03-05,108.3614,103.3424,114.8024
2018-03-06,107.7969,102.8128,114.1951
2018-03-07,108.0911,103.1203,114.4785
2018-03-08,108.2671,103.3847,114.5632
2018-03-09,107.9230,103.1104,114.1419
2018-03-12,107.9438,103.1032,114.1924
2018-03-13,107.7384,102.9405,113.9399
2018-03-14,107.8623,103.0936,114.0345
2018-03-15,108.2032,103.4905,114.3201
2018-03-16,108.4332,103.8013,114.4680
2018-03-19,108.3145,103.4916,114.5486
2018-03-20,108.4953,103.7925,114.6051
2018-03-21,ND,ND,ND
2018-03-22,107.9935,103.0931,114.3056
2018-03-23,107.7495,102.6666,114.2517
2018-03-26,107.1819,102.3296,113.4346
2018-03-27,107.3359,102.5462,113.5245
2018-03-28,107.5733,103.0153,113.5212
2018-03-29,107.6650,103.3102,113.4018
2018-03-30,107.4784,103.1825,113.1516
2018-04-02,107.7033,103.3480,113.4409
2018-04-03,107.5624,103.2163,113.2889
2018-04-04,107.6361,103.1172,113.5440
2018-04-05,107.7281,103.4821,113.3523
2018-04-06,107.7886,103.1490,113.8244
2018-04-09,107.5316,102.7934,113.6681
2018-04-10,107.3659,102.5133,113.6210
2018-04-11,107.1224,102.2140,113.4336
2018-04-12,107.2905,102.4925,113.4873
2018-04-13,107.2368,102.5537,113.3122
2018-04-16,107.0595,102.2157,113.3020
2018-04-17,107.0344,102.2797,113.1828
2018-04-18,107.1096,102.4366,113.1731
2018-04-19,107.5197,102.6701,113.7732
2018-04-20,108.1787,103.2802,114.4907
2018-04-23,108.9332,103.9729,115.3184
2018-04-24,108.7906,103.9466,115.0519
2018-04-25,109.3447,104.3144,115.8082
2018-04-26,109.3646,104.5744,115.5756
2018-04-27,109.1735,104.6791,115.0726
2018-04-30,109.3363,104.7796,115.3023
2018-05-01,109.7445,105.3829,115.5114
2018-05-02,110.1625,105.4762,116.2730
2018-05-03,110.1803,105.4592,116.3277
2018-05-04,110.2500,105.5173,116.4101
2018-05-07,110.5721,105.5727,117.0161
2018-05-08,111.0630,106.1310,117.4411
2018-05-09,110.8818,105.9287,117.2802
2018-05-10,110.4050,105.6453,116.5952
2018-05-11,110.2847,105.3103,116.6991
2018-05-14,110.4080,105.1574,117.1151
2018-05-15,111.2292,106.0032,117.9190
2018-05-16,111.3068,106.1966,117.8752
2018-05-17,111.3547,106.1878,117.9834
2018-05-18,111.7171,106.4403,118.4658
2018-05-21,111.6394,106.4073,118.3400
2018-05-22,111.1945,106.1288,117.7148
2018-05-23,111.6933,106.7285,118.1128
2018-05-24,111.4885,106.4895,117.9416
2018-05-25,111.5843,106.9241,117.6832
2018-05-28,ND,ND,ND
2018-05-29,112.2127,107.4822,118.3919
2018-05-30,111.6731,106.6065,118.1995
2018-05-31,111.9894,106.8224,118.6248
2018-06-01,111.8265,106.7890,118.3240
2018-06-04,111.8247,106.6969,118.4171
2018-06-05,112.2640,106.9400,119.0682
2018-06-06,111.7525,106.2747,118.7145
2018-06-07,112.0725,106.3195,119.3305
2018-06-08,112.1066,106.3934,119.3224
2018-06-11,112.1106,106.4025,119.3209
2018-06-12,112.2138,106.4553,119.4790
2018-06-13,112.2577,106.4909,119.5321
2018-06-14,112.8593,107.4151,119.7970
2018-06-15,113.3379,107.8120,120.3672
2018-06-18,113.4899,108.0192,120.4623
2018-06-19,113.6390,108.2405,120.5364
2018-06-20,113.4784,108.2241,120.2218
2018-06-21,113.6109,108.2022,120.5188
2018-06-22,113.3047,108.0384,120.0590
2018-06-25,113.2860,107.7282,120.3486
2018-06-26,113.3016,107.8323,120.2704
2018-06-27,113.8971,108.3701,120.9332
2018-06-28,113.8405,108.3591,120.8277
2018-06-29,113.2586,107.6480,120.3770
2018-07-02,114.1673,108.1912,121.6842
2018-07-03,113.3222,107.7457,120.4049
2018-07-04,ND,ND,ND
2018-07-05,112.9759,107.4708,119.9794
2018-07-06,112.6428,107.1771,119.6011
2018-07-09,112.6425,107.2864,119.4846
2018-07-10,112.5794,107.3709,119.2649
2018-07-11,112.8582,107.4998,119.7051
2018-07-12,112.7790,107.8367,119.1866
2018-07-13,113.0705,107.9880,119.6285
2018-07-16,112.8437,107.6751,119.4901
2018-07-17,113.1504,108.1436,119.6296
2018-07-18,113.3348,108.3361,119.8076
2018-07-19,113.9463,108.7667,120.6159
2018-07-20,113.3213,107.7710,120.3762
2018-07-23,113.4246,107.7418,120.6215
2018-07-24,113.2045,107.7945,120.1096
2018-07-25,112.9221,107.6339,119.6953
2018-07-26,112.9179,107.7227,119.5930
2018-07-27,112.8125,107.6118,119.4923
2018-07-30,112.6044,107.2459,119.4488
2018-07-31,112.7299,107.4210,119.5231
2018-08-01,112.8899,107.5580,119.7091
2018-08-02,113.1679,107.8274,119.9991
2018-08-03,113.0120,107.7659,119.7419
2018-08-06,113.2290,108.0732,119.8659
2018-08-07,112.9759,107.9325,119.4919
2018-08-08,113.1411,108.0818,119.6755
2018-08-09,113.3806,108.1579,120.0896
2018-08-10,114.3005,109.1135,120.9817
2018-08-13,114.8510,109.1623,122.0686
2018-08-14,114.6580,109.3227,121.4993
2018-08-15,115.1526,109.5397,122.2928
2018-08-16,114.6416,109.2910,121.4989
2018-08-17,114.5339,108.9920,121.5925
2018-08-20,114.3504,108.8370,121.3769
2018-08-21,113.8604,108.2553,120.9791
2018-08-22,113.6630,107.8853,120.9633
2018-08-23,114.0932,108.2876,121.4275
2018-08-24,113.5985,107.9360,120.7754
2018-08-27,113.2721,107.5554,120.5035
2018-08-28,113.3444,107.2729,120.9552
2018-08-29,113.6461,107.3868,121.4614
2018-08-30,114.0899,107.6195,122.1365
2018-08-31,114.2755,108.0185,122.0942
2018-09-03,ND,ND,ND
2018-09-04,114.8584,108.5932,122.6916
2018-09-05,114.7477,108.3204,122.7541
2018-09-06,114.6479,108.2261,122.6474
2018-09-07,114.5816,108.3887,122.3346
2018-09-10,114.6802,108.1850,122.7591
2018-09-11,114.7051,108.2382,122.7539
2018-09-12,114.2192,107.7402,122.2762
2018-09-13,113.9268,107.5457,121.8757
2018-09-14,114.0657,107.7002,121.9992
2018-09-17,113.9158,107.4441,121.9622
2018-09-18,113.7739,107.3444,121.7736
2018-09-19,113.6532,107.2743,121.5973
2018-09-20,113.4989,106.9545,121.6198
2018-09-21,113.5099,107.0981,121.4880
2018-09-24,113.5301,106.9947,121.6416
2018-09-25,113.7202,107.0495,121.9798
2018-09-26,113.6739,107.1412,121.7839
2018-09-27,113.9784,107.8260,121.6822
2018-09-28,113.8077,107.7857,121.3702
2018-10-01,113.8235,107.8427,121.3419
2018-10-02,113.8954,107.9308,121.3974
2018-10-03,114.1569,108.2023,121.6508
2018-10-04,114.6867,108.4225,122.5173
2018-10-05,114.5610,108.4569,122.2187
2018-10-08,ND,ND,ND
2018-10-09,114.6583,108.4561,122.4219
2018-10-10,114.6072,108.1684,122.6246
2018-10-11,114.4074,108.1471,122.2311
2018-10-12,114.3691,108.1320,122.1675
2018-10-15,114.0450,107.7934,121.8559
2018-10-16,113.8963,107.7384,121.6052
2018-10-17,114.1755,108.1508,121.7445
2018-10-18,114.8164,108.5701,122.6289
2018-10-19,114.8567,108.6680,122.6079
2018-10-22,115.1782,108.9622,122.9617
2018-10-23,115.1651,108.8163,123.0912
2018-10-24,115.3755,109.0760,123.2506
2018-10-25,115.4831,109.3731,123.1561
2018-10-26,115.4730,109.2718,123.2435
2018-10-29,115.8936,109.4764,123.9002
2018-10-30,116.2357,109.6999,124.3730
2018-10-31,116.5281,109.7930,124.8832
2018-11-01,115.8657,109.2527,124.0828
2018-11-02,115.6430,109.3541,123.5092
2018-11-05,115.7030,109.2465,123.7499
2018-11-06,115.5622,109.2074,123.4983
2018-11-07,115.2519,108.8457,123.2404
2018-11-08,115.6478,109.1315,123.7587
2018-11-09,116.4778,109.9093,124.6528
2018-11-12,ND,ND,ND
2018-11-13,116.6694,110.0303,124.9221
2018-11-14,116.4980,109.9429,124.6585
2018-11-15,116.3861,109.9834,124.3818
2018-11-16,115.9258,109.4218,124.0259
2018-11-19,115.9859,109.2134,124.3764
2018-11-20,116.2367,109.6371,124.4429
2018-11-21,116.0920,109.7680,124.0003
2018-11-22,ND,ND,ND
2018-11-23,116.4713,109.8739,124.6772
2018-11-26,116.6208,109.9757,124.8796
2018-11-27,116.9001,110.4904,124.9081
2018-11-28,116.8343,110.4687,124.7944
2018-11-29,116.1961,109.8432,124.1364
2018-11-30,116.4130,110.1256,124.2851
2018-12-03,115.9057,109.7799,123.5998
2018-12-04,116.0028,109.7960,123.7845
2018-12-05,ND,ND,ND
2018-12-06,116.3991,110.0924,124.2917
2018-12-07,116.0847,109.8145,123.9352
2018-12-10,116.6746,110.3214,124.6198
2018-12-11,116.7564,110.6839,124.4019
2018-12-12,116.2214,110.1766,123.8321
2018-12-13,116.3974,110.2945,124.0719
2018-12-14,116.7900,110.6716,124.4848
2018-12-17,116.4532,110.4173,124.0567
2018-12-18,116.4127,110.4107,123.9797
2018-12-19,116.0676,110.0367,123.6619
2018-12-20,116.0183,110.1190,123.4719
2018-12-21,116.2227,110.3164,123.6857
2018-12-24,116.2182,110.3164,123.6764
2018-12-25,ND,ND,ND
2018-12-26,116.1162,110.2275,123.5593
2018-12-27,115.9927,110.4788,123.0369
2018-12-28,115.7232,110.1253,122.8536
2018-12-31,115.5674,109.9560,122.7102
2019-01-01,ND,ND,ND
2019-01-02,115.7689,110.3920,122.6510
2019-01-03,115.4622,109.8134,122.6464
2019-01-04,114.9821,109.4478,122.0344
2019-01-07,114.5628,108.9764,121.6704
2019-01-08,114.7281,109.1221,121.8589
2019-01-09,114.1406,108.4985,121.3076
2019-01-10,114.0496,108.5772,121.0255
2019-01-11,114.0404,108.7263,120.8392
2019-01-14,ND,ND,ND
2019-01-15,114.3402,109.2595,120.8813
2019-01-16,114.1370,109.0692,120.6621
2019-01-17,114.4115,109.2594,121.0326
2019-01-18,114.5580,109.4199,121.1648
2019-01-21,ND,ND,ND
2019-01-22,114.7541,109.5067,121.4839
2019-01-23,114.5759,109.3359,121.2962
2019-01-24,114.6170,109.6708,121.0110
2019-01-25,114.0197,108.9524,120.5435
2019-01-28,114.0522,108.8110,120.7697
2019-01-29,114.0260,108.9193,120.5936
2019-01-30,114.0731,108.8859,120.7307
2019-01-31,113.5504,108.4101,120.1517
2019-02-01,113.7548,108.3700,120.6305
2019-02-04,113.8766,108.6990,120.5219
2019-02-05,114.0431,108.9605,120.5839
2019-02-06,114.2305,109.2105,120.7031
2019-02-07,114.4339,109.5374,120.7713
2019-02-08,114.5003,109.6530,120.7838
2019-02-11,115.0310,110.0737,121.4407
2019-02-12,114.7297,109.7946,121.1123
2019-02-13,114.9407,109.9140,121.4267
2019-02-14,115.1007,110.1737,121.4771
2019-02-15,114.9923,110.0662,121.3671
2019-02-18,ND,ND,ND
2019-02-19,114.5700,109.5979,120.9923
2019-02-20,ND,ND,ND
2019-02-21,114.5091,109.4453,121.0328
2019-02-22,114.2716,109.3797,120.6026
2019-02-25,114.1457,109.3984,120.3157
2019-02-26,114.0687,109.0453,120.5440
2019-02-27,114.0363,108.9723,120.5563
2019-02-28,114.1991,109.0730,120.7896
2019-03-01,114.5370,109.4583,121.0774
2019-03-04,114.6925,109.7793,121.0505
2019-03-05,114.8040,110.0512,120.9855
2019-03-06,114.9714,110.1426,121.2381
2019-03-07,115.4919,110.5943,121.8390
2019-03-08,115.3599,110.4926,121.6724
2019-03-11,115.2967,110.4932,121.5382
2019-03-12,114.9390,110.1902,121.1171
2019-03-13,114.7372,109.7551,121.1718
2019-03-14,114.7900,109.7998,121.2340
2019-03-15,114.5815,109.7122,120.8900
2019-03-18,114.4375,109.6907,120.6094
2019-03-19,114.2324,109.5037,120.3826
2019-03-20,114.1509,109.6081,120.0954
2019-03-21,114.1684,109.6618,120.0732
2019-03-22,114.6856,109.8142,120.9973
2019-03-25,114.4171,109.6997,120.5562
2019-03-26,114.6414,109.8528,120.8612
2019-03-27,115.1243,110.1148,121.5925
2019-03-28,115.2581,110.2653,121.7089
2019-03-29,115.1371,110.2208,121.5021
2019-04-01,114.9362,110.2404,121.0558
2019-04-02,115.1173,110.4991,121.1529
2019-04-03,114.7211,110.0235,120.8409
2019-04-04,114.9697,110.3536,121.0017
2019-04-05,114.9726,110.5002,120.8464
2019-04-08,114.6893,110.0798,120.7116
2019-04-09,114.5321,109.9766,120.4937
2019-04-10,114.4269,109.9633,120.2866
2019-04-11,114.6303,110.2229,120.4300
2019-04-12,114.3531,109.9746,120.1187
2019-04-15,114.4950,110.0569,120.3271
2019-04-16,114.6756,110.1134,120.6458
2019-04-17,114.5141,110.1277,120.2898
2019-04-18,114.7073,110.4798,120.3105
2019-04-19,114.6977,110.4824,120.2874
2019-04-22,114.7694,110.3945,120.5344
2019-04-23,115.1578,110.8132,120.8930
2019-04-24,115.4187,111.0000,121.2375
2019-04-25,115.7709,111.3208,121.6269
2019-04-26,115.4767,111.1372,121.2089
2019-04-29,115.5227,111.1013,121.3452
2019-04-30,115.3281,110.7694,121.2998
2019-05-01,115.0022,110.4463,120.9683
2019-05-02,115.5617,110.9367,121.6083
2019-05-03,115.2646,110.7117,121.2295
2019-05-06,115.3811,110.7154,121.4713
2019-05-07,115.6116,110.8428,121.8172
2019-05-08,115.5171,110.6852,121.7917
2019-05-09,115.8421,110.5861,122.5899
2019-05-10,115.5334,110.3510,122.1970
2019-05-13,115.9150,110.4878,122.8543
2019-05-14,115.9425,110.7019,122.6739
2019-05-15,115.8565,110.6557,122.5430
2019-05-16,116.0346,110.9056,122.6426
2019-05-17,116.4480,111.1503,123.2468
2019-05-20,116.3119,111.0160,123.1078
2019-05-21,116.2844,111.1338,122.9183
2019-05-22,116.2412,111.1387,122.8214
2019-05-23,116.2368,111.0720,122.8863
2019-05-24,116.0806,110.8479,122.8043
2019-05-27,ND,ND,ND
2019-05-28,116.3174,111.0489,123.0829
2019-05-29,116.5535,111.3444,123.2546
2019-05-30,116.3989,111.3413,122.9306
2019-05-31,116.7273,111.1705,123.8177
2019-06-03,116.4764,110.7511,123.7537
2019-06-04,116.0910,110.4008,123.3262
2019-06-05,116.0300,110.3078,123.3006
2019-06-06,115.9771,109.9792,123.5578
2019-06-07,115.7368,109.6357,123.4326
2019-06-10,115.5001,109.7618,122.7850
2019-06-11,115.3794,109.7936,122.4923
2019-06-12,115.4380,109.8679,122.5337
2019-06-13,115.6275,110.1126,122.6628
2019-06-14,115.9057,110.5736,122.7389
2019-06-17,115.9684,110.5826,122.8619
2019-06-18,115.8797,110.7399,122.4986
2019-06-19,115.7889,110.4949,122.5786
2019-06-20,114.8046,109.5789,121.5108
2019-06-21,114.8377,109.4024,121.7780
2019-06-24,114.6559,108.9819,121.8625
2019-06-25,114.6363,108.8826,121.9324
2019-06-26,114.5608,108.8744,121.7806
2019-06-27,114.6650,108.9931,121.8693
2019-06-28,114.5821,108.9106,121.7852
2019-07-01,114.7239,109.4671,121.4640
2019-07-02,114.8258,109.4438,121.7063
2019-07-03,114.8135,109.4360,121.6890
2019-07-04,ND,ND,ND
2019-07-05,115.1132,109.9844,121.7137
2019-07-08,115.0254,110.0080,121.5016
2019-07-09,115.1017,110.1372,121.5198
2019-07-10,115.0879,109.7542,121.9167
2019-07-11,114.8361,109.6137,121.5388
2019-07-12,114.7685,109.4978,121.5243
2019-07-15,114.6819,109.4613,121.3815
2019-07-16,115.0111,109.8716,121.6229
2019-07-17,114.8819,109.7109,121.5276
2019-07-18,114.8744,109.7216,121.4998
2019-07-19,114.8695,109.7118,121.5003
2019-07-22,115.0018,109.8510,121.6259
2019-07-23,115.2995,110.2237,121.8427
2019-07-24,115.2436,110.2386,121.7078
2019-07-25,115.2982,110.3338,121.7177
2019-07-26,115.5449,110.7122,121.8206
2019-07-29,115.5885,110.7042,121.9215
2019-07-30,115.6211,110.8030,121.8813
2019-07-31,115.4946,110.7279,121.6970
2019-08-01,116.0499,111.2132,122.3342
2019-08-02,116.1864,110.7909,123.0925
2019-08-05,116.5851,110.2353,124.5684
2019-08-06,116.6904,110.4765,124.5203
2019-08-07,116.7987,110.3375,124.9100
2019-08-08,116.4740,110.3133,124.2422
2019-08-09,116.4419,110.1631,124.3436
2019-08-12,116.7548,110.2548,124.9100
2019-08-13,116.7267,110.5227,124.5456
2019-08-14,117.0913,110.8174,124.9918
2019-08-15,117.2239,110.9730,125.0992
2019-08-16,117.0786,110.9579,124.8056
2019-08-19,117.3886,111.0405,125.3752
2019-08-20,117.3726,111.0700,125.3075
2019-08-21,117.1764,110.9522,125.0212
2019-08-22,117.3558,110.9458,125.4125
2019-08-23,117.3009,110.5476,125.7484
2019-08-26,117.6658,110.7434,126.3091
2019-08-27,117.7500,110.7475,126.4856
2019-08-28,117.8767,110.8980,126.5858
2019-08-29,118.0625,111.1752,126.6679
2019-08-30,118.1575,111.4829,126.5207
2019-09-02,ND,ND,ND
2019-09-03,118.3113,111.6579,126.6512
2019-09-04,117.6729,111.1240,125.8897
2019-09-05,117.4776,111.0066,125.6044
2019-09-06,117.1292,110.8289,125.0599
2019-09-09,117.0601,110.7059,125.0516
2019-09-10,117.0887,110.8100,124.9946
2019-09-11,117.3125,111.2033,125.0283
2019-09-12,116.8375,110.8939,124.3631
2019-09-13,116.7677,110.9383,124.1642
2019-09-16,117.0251,111.1959,124.4234
2019-09-17,116.9826,110.9479,124.6118
2019-09-18,116.9766,111.0778,124.4525
2019-09-19,117.0861,111.0665,124.6992
2019-09-20,117.1819,111.2625,124.6827
2019-09-23,117.2986,111.2937,124.8966
2019-09-24,117.2227,111.1282,124.9212
2019-09-25,117.6527,111.6114,125.2942
2019-09-26,117.7267,111.6545,125.4035
2019-09-27,117.7218,111.6664,125.3797
2019-09-30,117.9461,111.8675,125.6316
2019-10-01,117.9595,111.7458,125.7979
2019-10-02,117.9671,111.7347,125.8267
2019-10-03,117.6608,111.4277,125.5190
2019-10-04,117.5288,111.6022,125.0401
2019-10-07,117.5533,111.5172,125.1881
2019-10-08,117.7407,111.8442,125.2197
2019-10-09,117.6835,111.7599,125.1926
2019-10-10,117.2801,111.3461,124.7979
2019-10-11,116.8239,110.8355,124.3999
2019-10-14,ND,ND,ND
2019-10-15,116.8111,110.9016,124.2979
2019-10-16,116.6425,110.5860,124.2939
2019-10-17,116.2615,110.1251,124.0008
2019-10-18,116.1344,109.9377,123.9409
2019-10-21,116.0436,109.8372,123.8606
2019-10-22,115.9851,109.8819,123.6849
2019-10-23,116.0586,110.0575,123.6434
2019-10-24,116.1278,110.2030,123.6272
2019-10-25,116.0774,110.2485,123.4683
2019-10-28,116.0222,110.2103,123.3936
2019-10-29,115.9797,110.0623,123.4696
2019-10-30,116.1636,110.2763,123.6209
2019-10-31,115.9125,109.8674,123.5461
2019-11-01,115.7312,109.7845,123.2524
2019-11-04,115.8624,109.9978,123.2919
2019-11-05,116.1138,110.5192,123.2419
2019-11-06,116.1004,110.4740,123.2641
2019-11-07,116.1172,110.7061,123.0402
2019-11-08,116.3436,110.9420,123.2576
2019-11-11,ND,ND,ND
2019-11-12,116.5837,110.8802,123.8373
2019-11-13,116.8397,110.9264,124.3310
2019-11-14,116.8022,110.8134,124.3785
2019-11-15,116.4401,110.6767,123.7601
2019-11-18,116.3625,110.3960,123.9105
2019-11-19,116.5391,110.5181,124.1498
2019-11-20,116.8280,110.7887,124.4615
2019-11-21,116.7435,110.6698,124.4150
2019-11-22,116.9137,110.9897,124.4176
2019-11-25,117.0098,111.1045,124.4933
2019-11-26,117.0513,111.0804,124.6092
2019-11-27,117.1273,111.1368,124.7078
2019-11-28,ND,ND,ND
2019-11-29,117.1204,111.0508,124.7901
2019-12-02,116.9647,110.7128,124.8394
2019-12-03,116.8898,110.4754,124.9486
2019-12-04,116.6920,110.3098,124.7128
2019-12-05,116.3838,110.0222,124.3792
2019-12-06,116.5381,110.4588,124.2146
2019-12-09,116.3283,110.2898,123.9574
2019-12-10,116.2542,110.1901,123.9116
2019-12-11,116.1478,110.0846,123.8034
2019-12-12,115.8741,110.0404,123.2691
2019-12-13,115.6967,109.8305,123.1269
2019-12-16,115.5550,109.7546,122.9101
2019-12-17,115.5553,109.8905,122.7580
2019-12-18,115.6618,109.9952,122.8674
2019-12-19,115.5988,109.9011,122.8388
2019-12-20,115.7598,110.2641,122.7745
2019-12-23,115.8059,110.2923,122.8409
2019-12-24,ND,ND,ND
2019-12-25,ND,ND,ND
2019-12-26,115.6340,110.0853,122.7072
2019-12-27,115.2200,109.5154,122.4651
2019-12-30,114.9631,109.1335,122.3469
2019-12-31,114.6690,108.7344,122.1692
2020-01-01,ND,ND,ND
2020-01-02,114.9745,109.2011,122.3040
2020-01-03,114.9867,109.1120,122.4253
2020-01-06,114.9557,109.0063,122.4746
2020-01-07,115.1477,109.4242,122.4254
2020-01-08,115.1328,109.6090,122.1963
2020-01-09,115.2331,109.8949,122.0996
2020-01-10,115.0677,109.7531,121.9072
2020-01-13,115.0342,109.7651,121.8249
2020-01-14,115.0239,109.7762,121.7917
2020-01-15,114.9528,109.5604,121.8741
2020-01-16,115.0006,109.6924,121.8325
2020-01-17,115.0656,109.9927,121.6481
2020-01-20,ND,ND,ND
2020-01-21,115.1876,109.9345,121.9629
2020-01-22,115.2273,110.0687,121.9024
2020-01-23,115.5545,110.2340,122.4054
2020-01-24,115.5556,110.3347,122.3004
2020-01-27,115.8004,110.4237,122.7136
2020-01-28,115.7239,110.5764,122.3925
2020-01-29,115.7003,110.6475,122.2681
2020-01-30,115.8077,110.4091,122.7443
2020-01-31,115.7345,110.0797,122.9443
2020-02-03,116.1172,110.5145,123.2750
2020-02-04,115.9291,110.6107,122.7816
2020-02-05,116.0090,110.9096,122.6295
2020-02-06,116.1518,111.1158,122.7065
2020-02-07,116.5086,111.3253,123.2233
2020-02-10,116.5711,111.4978,123.1698
2020-02-11,116.3585,111.3842,122.8501
2020-02-12,116.2794,111.3448,122.7281
2020-02-13,116.3999,111.5015,122.8116
2020-02-14,116.4223,111.5687,122.7870
2020-02-17,ND,ND,ND
2020-02-18,116.6039,111.7186,123.0039
2020-02-19,116.7829,112.0278,123.0475
2020-02-20,117.2454,112.2317,123.7879
2020-02-21,117.0473,111.7445,123.8946
2020-02-24,117.4018,111.7801,124.5928
2020-02-25,117.2425,111.6275,124.4247
2020-02-26,117.4050,111.7319,124.6511
2020-02-27,117.3678,111.3993,124.9306
2020-02-28,117.6568,111.2630,125.6816
2020-03-02,116.8144,110.2998,124.9626
2020-03-03,116.4958,110.1095,124.5016
2020-03-04,116.7802,110.4544,124.7231
2020-03-05,116.7901,109.8763,125.3735
2020-03-06,116.7106,109.1116,126.0481
2020-03-09,117.1871,108.4606,127.7902
2020-03-10,117.9027,109.7061,127.9146
2020-03-11,118.2505,110.0945,128.2195
2020-03-12,120.4883,111.8499,131.0136
2020-03-13,120.4388,112.5426,130.1351
2020-03-16,120.9352,112.0912,131.6949
2020-03-17,122.4816,113.9552,132.8952
2020-03-18,124.1623,115.8414,134.3589
2020-03-19,125.0587,116.6907,135.3145
2020-03-20,124.9362,116.6441,135.1065
2020-03-23,126.1262,116.9532,137.2907
2020-03-24,125.5001,116.2693,136.7257
2020-03-25,124.7916,115.7579,135.7903
2020-03-26,122.4308,113.5262,133.2685
2020-03-27,122.4007,112.9716,133.8318
2020-03-30,123.2883,113.3423,135.3139
2020-03-31,122.5301,113.1279,133.9314
2020-04-01,123.7933,113.7463,135.9374
2020-04-02,123.5916,114.0077,135.2055
2020-04-03,124.4152,114.6378,136.2543
2020-04-06,124.1600,114.5193,135.8419
2020-04-07,123.0956,113.6892,134.5050
2020-04-08,123.2216,113.7825,134.6688
2020-04-09,122.4760,113.2294,133.7004
2020-04-10,122.1592,113.0607,133.2140
2020-04-13,122.5203,113.1013,133.9406
2020-04-14,122.1121,112.4901,133.7612
2020-04-15,123.0752,113.3974,134.7932
2020-04-16,123.4615,113.9394,135.0046
2020-04-17,122.8710,113.3593,134.3988
2020-04-20,123.1033,113.5362,134.6954
2020-04-21,123.9116,114.1737,135.7028
2020-04-22,123.9256,114.0843,135.8349
2020-04-23,123.7542,113.8416,135.7441
2020-04-24,124.1615,114.0933,136.3317
2020-04-27,123.8843,113.6934,136.1940
2020-04-28,123.3693,113.4398,135.3765
2020-04-29,122.7782,113.2211,134.3570
2020-04-30,122.3270,112.6330,134.0595
2020-05-01,123.1492,112.8358,135.5966
2020-05-04,123.2117,113.3007,135.1970
2020-05-05,122.8030,113.4208,134.1832
2020-05-06,123.6090,113.9139,135.3498
2020-05-07,123.1249,113.4997,134.7833
2020-05-08,122.5379,113.0737,134.0097
2020-05-11,123.2333,113.7918,134.6834
2020-05-12,123.0592,113.4783,134.6668
2020-05-13,123.5408,113.8295,135.2995
2020-05-14,123.6429,114.0768,135.2370
2020-05-15,123.5991,114.1108,135.1044
2020-05-18,122.7968,113.3009,134.3062
2020-05-19,122.5655,113.0031,134.1493
2020-05-20,122.1007,112.7499,133.4412
2020-05-21,122.0914,113.0627,133.0669
2020-05-22,122.3211,113.5312,133.0292
2020-05-25,ND,ND,ND
2020-05-26,121.3864,112.5489,132.1417
2020-05-27,121.5677,112.6434,132.4221
2020-05-28,121.0138,111.9828,131.9852
2020-05-29,120.9458,111.9244,131.9059
2020-06-01,120.2686,111.1749,131.3062
2020-06-02,119.6854,110.8529,130.4240
2020-06-03,119.2556,110.3966,130.0214
2020-06-04,119.3014,110.1117,130.4423
2020-06-05,118.8138,110.0331,129.4882
2020-06-08,118.6621,109.7741,129.4570
2020-06-09,118.5893,109.4857,129.6282
2020-06-10,118.5231,109.2517,129.7525
2020-06-11,119.2347,109.5652,130.9228
2020-06-12,119.6645,110.4306,130.8579
2020-06-15,119.9539,110.4048,131.5079
2020-06-16,119.5670,110.2748,130.8260
2020-06-17,119.9105,110.4998,131.3065
2020-06-18,120.2173,110.6164,131.8320
2020-06-19,120.2186,110.8250,131.5966
2020-06-22,119.7532,110.2687,131.2324
2020-06-23,119.3285,109.7598,130.9018
2020-06-24,119.9744,110.3606,131.6027
2020-06-25,120.2997,110.7746,131.8283
2020-06-26,120.5330,110.9383,132.1425
2020-06-29,120.6658,110.9690,132.3926
2020-06-30,120.4649,110.6885,132.2819
2020-07-01,120.0808,110.3742,131.8158
2020-07-02,119.8555,110.5009,131.1872
2020-07-03,ND,ND,ND
2020-07-06,119.2852,110.0486,130.4793
2020-07-07,119.5717,110.0809,131.0571
2020-07-08,119.5525,109.7989,131.3388
2020-07-09,119.5129,109.9878,131.0373
2020-07-10,119.3509,109.8335,130.8657
2020-07-13,119.1891,109.6926,130.6791
2020-07-14,119.3901,109.6488,131.1615
2020-07-15,119.0331,109.4213,130.6541
2020-07-16,118.9275,109.3277,130.5342
2020-07-17,119.1240,109.4129,130.8593
2020-07-20,119.0483,109.2203,130.9176
2020-07-21,118.4042,108.6198,130.2203
2020-07-22,118.1337,108.1812,130.1424
2020-07-23,118.0613,107.8695,130.3465
2020-07-24,118.1329,107.7836,130.6011
2020-07-27,117.3869,107.0765,129.8071
2020-07-28,117.3189,106.9766,129.7760
2020-07-29,117.2126,106.8119,129.7373
2020-07-30,117.4008,106.8248,130.1307
2020-07-31,117.2082,106.5886,129.9887
2020-08-03,117.8074,107.0971,130.6959
2020-08-04,117.7833,106.8635,130.9173
2020-08-05,116.8736,105.9061,130.0616
2020-08-06,117.0422,106.1677,130.1211
2020-08-07,117.6239,106.8881,130.5416
2020-08-10,117.5821,106.8392,130.5080
2020-08-11,117.3781,106.7959,130.1152
2020-08-12,117.2559,106.5863,130.0950
2020-08-13,117.1193,106.3976,130.0190
2020-08-14,116.9395,106.3438,129.6912
2020-08-17,116.7490,106.0059,129.6727
2020-08-18,116.5593,105.5414,129.8061
2020-08-19,116.5670,105.7678,129.5563
2020-08-20,116.8126,105.9226,129.9090
2020-08-21,117.0572,106.4347,129.8404
2020-08-24,116.9120,106.3653,129.6061
2020-08-25,116.8206,106.2422,129.5514
2020-08-26,116.6243,106.0641,129.3335
2020-08-27,116.6490,105.9252,129.5498
2020-08-28,115.9374,105.3340,128.6951
2020-08-31,115.7586,105.0070,128.6899
2020-09-01,115.5687,105.0754,128.1963
2020-09-02,116.0304,105.6610,128.5148
2020-09-03,116.0685,105.8995,128.3194
2020-09-04,116.0347,105.9563,128.1803
2020-09-07,ND,ND,ND
2020-09-08,116.4618,106.4288,128.5564
2020-09-09,116.1291,106.2886,127.9995
2020-09-10,115.8806,106.1152,127.6632
2020-09-11,116.0866,106.4068,127.7715
2020-09-14,115.6428,106.0652,127.2079
2020-09-15,115.5908,106.2259,126.9113
2020-09-16,115.3537,106.0069,126.6523
2020-09-17,115.4392,106.1709,126.6483
2020-09-18,115.2395,105.9402,126.4831
2020-09-21,116.3780,106.9065,127.8248
2020-09-22,116.5438,107.2135,127.8298
2020-09-23,117.2526,107.5225,129.0009
2020-09-24,117.5473,107.6388,129.5024
2020-09-25,117.8679,107.9896,129.7897
2020-09-28,117.6178,107.5486,129.7591
2020-09-29,117.5260,107.3961,129.7373
2020-09-30,116.9460,107.0639,128.8681
2020-10-01,116.7227,106.8706,128.6092
2020-10-02,116.7321,107.1007,128.3644
2020-10-05,116.1767,106.6508,127.6849
2020-10-06,116.2681,106.7170,127.8057
2020-10-07,116.3447,106.8571,127.8098
2020-10-08,116.1657,106.7463,127.5518
2020-10-09,115.2757,106.1049,126.3724
2020-10-12,ND,ND,ND
2020-10-13,115.9107,106.5177,127.2652
2020-10-14,115.6872,106.3509,126.9756
2020-10-15,116.0964,106.9367,127.1850
2020-10-16,115.7679,106.7664,126.6744
2020-10-19,115.4031,106.3121,126.4096
2020-10-20,115.2485,106.1512,126.2612
2020-10-21,114.9108,105.6744,126.0806
2020-10-22,115.1158,105.9635,126.1907
2020-10-23,115.0126,105.9330,126.0038
2020-10-26,115.2797,106.2134,126.2572
2020-10-27,115.0131,105.9124,126.0283
2020-10-28,115.8023,106.6864,126.8394
2020-10-29,116.3069,107.3563,127.1585
2020-10-30,116.1354,107.2539,126.9076
2020-11-02,116.2361,107.2157,127.1668
2020-11-03,115.4802,106.3430,126.5398
2020-11-04,115.1677,106.2531,125.9717
2020-11-05,114.4556,105.5803,125.2110
2020-11-06,113.9919,105.1143,124.7471
2020-11-09,114.0895,105.6817,124.3127
2020-11-10,114.0757,105.6275,124.3445
2020-11-11,ND,ND,ND
2020-11-12,114.2843,105.9017,124.4805
2020-11-13,114.2397,105.9039,124.3827
2020-11-16,113.8312,105.5646,123.8936
2020-11-17,113.6820,105.4917,123.6576
2020-11-18,113.4600,105.2137,123.4971
2020-11-19,113.6940,105.5042,123.6691
2020-11-20,113.4890,105.3538,123.4014
2020-11-23,113.7548,105.6119,123.6775
2020-11-24,113.4316,105.2250,123.4240
2020-11-25,113.1823,104.9483,123.2037
2020-11-26,ND,ND,ND
2020-11-27,ND,ND,ND
2020-11-30,113.2256,104.7972,123.4668
2020-12-01,112.8063,104.3329,123.0956
2020-12-02,112.6115,104.0916,122.9525
2020-12-03,112.0236,103.4835,122.3838
2020-12-04,111.7778,103.4120,121.9391
2020-12-07,111.8385,103.4835,121.9878
2020-12-08,111.8639,103.6349,121.8712
2020-12-09,112.0305,103.6964,122.1575
2020-12-10,111.9788,103.4581,122.3167
2020-12-11,112.1417,103.6083,122.4950
2020-12-14,112.1708,103.4242,122.7666
2020-12-15,111.8601,103.1033,122.4657
2020-12-16,111.7157,103.0291,122.2407
2020-12-17,111.2226,102.4740,121.8153
2020-12-18,111.6071,102.8024,122.2660
2020-12-21,111.9415,103.0924,122.6529
2020-12-22,112.1947,103.5417,122.6841
2020-12-23,111.9807,103.1309,122.6930
2020-12-24,ND,ND,ND
2020-12-25,ND,ND,ND
2020-12-28,111.9752,103.2379,122.5593
2020-12-29,111.5172,102.7679,122.1123
2020-12-30,111.3084,102.4893,121.9820
2020-12-31,111.3169,102.5756,121.9018
2021-01-01,ND,ND,ND
2021-01-04,111.2075,102.6399,121.6038
2021-01-05,110.9574,102.1507,121.6096
2021-01-06,110.8502,102.2244,121.3055
2021-01-07,111.3042,102.5218,121.9336
2021-01-08,111.2847,102.4935,121.9233
2021-01-11,111.8257,103.0840,122.4162
2021-01-12,111.5501,102.9326,122.0038
2021-01-13,111.3622,102.8602,121.6895
2021-01-14,111.1567,102.6008,121.5399
2021-01-15,111.5106,103.1023,121.7385
2021-01-18,ND,ND,ND
2021-01-19,111.4527,103.0208,121.7055
2021-01-20,ND,ND,ND
2021-01-21,111.1973,102.6247,121.5989
2021-01-22,111.5516,102.7166,122.2404
2021-01-25,111.8676,102.9871,122.6087
2021-01-26,111.6572,102.8064,122.3641
2021-01-27,112.0782,103.2345,122.7817
2021-01-28,112.0059,103.2216,122.6444
2021-01-29,111.9511,103.1554,122.6014
2021-02-01,112.4189,103.6398,123.0560
2021-02-02,112.2862,103.8545,122.5478
2021-02-03,112.2567,103.7035,122.6484
2021-02-04,112.7469,104.1069,123.2372
2021-02-05,112.2379,103.6891,122.6247
2021-02-08,112.0428,103.5266,122.3926
2021-02-09,111.7675,103.0558,122.3251
2021-02-10,111.5834,102.8150,122.2004
2021-02-11,111.5272,102.8941,121.9974
2021-02-12,111.4889,102.9032,121.9077
2021-02-15,ND,ND,ND
2021-02-16,111.7879,103.0423,122.3823
2021-02-17,112.0204,103.4080,122.4733
2021-02-18,112.1603,103.1571,123.0375
2021-02-19,111.7058,102.5805,122.7113
2021-02-22,111.9180,102.4361,123.3148
2021-02-23,111.8981,102.5529,123.1452
2021-02-24,111.7212,102.4805,122.8526
2021-02-25,111.9253,102.1572,123.6365
2021-02-26,112.8306,103.3170,124.2705
2021-03-01,112.5263,103.3767,123.5661
2021-03-02,112.5342,103.1686,123.8095
2021-03-03,112.7617,103.2301,124.2205
2021-03-04,112.7037,103.3840,123.9305
2021-03-05,113.7487,104.3400,125.0825
2021-03-08,114.2678,104.7133,125.7655
2021-03-09,113.9280,104.3807,125.4147
2021-03-10,113.5881,104.2937,124.7956
2021-03-11,112.9214,103.6745,124.0708
2021-03-12,113.0269,103.6845,124.2816
2021-03-15,113.1928,103.9440,124.3471
2021-03-16,112.9839,103.8772,123.9815
2021-03-17,113.1589,103.9471,124.2724
2021-03-18,112.7744,103.6876,123.7484
2021-03-19,112.9756,103.9974,123.8336
2021-03-22,113.0023,103.8907,124.0053
2021-03-23,113.2916,104.2901,124.1783
2021-03-24,113.6565,104.5653,124.6439
2021-03-25,114.0016,104.9963,124.8995
2021-03-26,113.7406,104.8084,124.5565
2021-03-29,113.9314,104.9211,124.8339
2021-03-30,114.2030,105.3515,124.9365
2021-03-31,113.8234,105.1392,124.3728
2021-04-01,113.7389,105.0025,124.3435
2021-04-02,113.7315,105.0433,124.2842
2021-04-05,113.3940,104.5575,124.1031
2021-04-06,113.1464,104.4524,123.6993
2021-04-07,113.2436,104.5083,123.8420
2021-04-08,113.0917,104.3083,123.7404
2021-04-09,113.2028,104.2968,123.9850
2021-04-12,113.1815,104.2641,123.9759
2021-04-13,113.0391,104.0673,123.8910
2021-04-14,112.7849,103.7849,123.6648
2021-04-15,112.6181,103.8600,123.2346
2021-04-16,112.4814,103.6549,123.1704
2021-04-19,112.1835,103.3393,122.8886
2021-04-20,112.2354,103.3861,122.9465
2021-04-21,112.1771,103.2476,122.9745
2021-04-22,112.2297,103.4311,122.8860
2021-04-23,112.0889,103.1917,122.8503
2021-04-26,111.8109,102.8793,122.6068
2021-04-27,111.9097,102.9211,122.7686
2021-04-28,111.7909,102.7722,122.6812
2021-04-29,111.7464,102.5667,122.8115
2021-04-30,112.0839,103.0080,123.0393
2021-05-03,112.0050,102.7618,123.1418
2021-05-04,112.2896,103.1276,123.3405
2021-05-05,112.1514,102.9691,123.2233
2021-05-06,111.8401,102.6208,122.9492
2021-05-07,111.0249,101.8240,122.1064
2021-05-10,110.7905,101.5729,121.8879
2021-05-11,110.8921,101.6132,122.0575
2021-05-12,111.5636,102.2241,122.8013
2021-05-13,111.5955,102.3651,122.7144
2021-05-14,111.1353,101.9152,122.2386
2021-05-17,111.0790,101.7272,122.3258
2021-05-18,110.8317,101.4462,122.1131
2021-05-19,110.8807,101.4783,122.1812
2021-05-20,110.8605,101.3223,122.3098
2021-05-21,111.0576,101.5894,122.4317
2021-05-24,110.9118,101.4844,122.2399
2021-05-25,110.8420,101.4008,122.1845
2021-05-26,110.8677,101.6135,122.0059
2021-05-27,110.8688,101.6105,122.0113
2021-05-28,110.7576,101.6545,121.7298
2021-05-31,ND,ND,ND
2021-06-01,110.5046,101.2808,121.6062
2021-06-02,110.5799,101.4473,121.5826
2021-06-03,111.1782,102.1436,122.0800
2021-06-04,110.7521,101.6724,121.6988
2021-06-07,110.5155,101.4749,121.4173
2021-06-08,110.6490,101.6846,121.4693
2021-06-09,110.5707,101.7030,121.2851
2021-06-10,110.5456,101.6682,121.2703
2021-06-11,111.0933,102.1957,121.8454
2021-06-14,110.9659,102.0504,121.7361
2021-06-15,111.3507,102.2951,122.2768
2021-06-16,111.1165,102.1516,121.9418
2021-06-17,112.5772,103.7176,123.3030
2021-06-18,113.0408,104.1800,123.7725
2021-06-21,112.8391,103.7761,123.7878
2021-06-22,112.9174,103.8179,123.9066
2021-06-23,112.3819,103.4171,123.2196
2021-06-24,112.3260,103.6923,122.8052
2021-06-25,111.9655,103.5203,122.2382
2021-06-28,112.0248,103.5927,122.2838
2021-06-29,112.2613,103.9081,122.4383
2021-06-30,112.5533,104.3082,122.6178
2021-07-01,112.7400,104.3630,122.9477
2021-07-02,112.5425,104.1820,122.7304
2021-07-05,ND,ND,ND
2021-07-06,112.9516,104.5335,123.2056
2021-07-07,113.1048,104.6839,123.3636
2021-07-08,113.0776,104.4833,123.5222
2021-07-09,112.8375,104.2408,123.2822
2021-07-12,112.7611,104.1877,123.1800
2021-07-13,113.0063,104.5296,123.3239
2021-07-14,112.8801,104.4579,123.1377
2021-07-15,113.0041,104.7033,123.1330
2021-07-16,113.0428,104.7862,123.1250
2021-07-19,113.5472,105.2022,123.7294
2021-07-20,113.7502,105.3876,123.9536
2021-07-21,113.3926,104.8035,123.8350
2021-07-22,113.4695,104.9509,123.8371
2021-07-23,113.4398,105.0516,123.6673
2021-07-26,113.2238,104.6414,123.6572
2021-07-27,113.2227,104.5296,123.7753
2021-07-28,113.1807,104.6255,123.5845
2021-07-29,112.4834,103.8623,122.9507
2021-07-30,112.6714,104.0831,123.1054
2021-08-02,112.6691,104.0865,123.0970
2021-08-03,112.8228,104.2134,123.2811
2021-08-04,112.8953,104.3261,123.3111
2021-08-05,112.7674,104.2066,123.1728
2021-08-06,113.3088,104.8332,123.6283
2021-08-09,113.4521,104.9625,123.7882
2021-08-10,113.4973,105.0340,123.8059
2021-08-11,113.2820,104.8891,123.5128
2021-08-12,113.2691,104.9382,123.4332
2021-08-13,113.0615,104.5532,123.4135
2021-08-16,113.1698,104.6983,123.4834
2021-08-17,113.6174,105.2238,123.8525
2021-08-18,113.6959,105.3634,123.8664
2021-08-19,114.1106,105.8158,124.2453
2021-08-20,114.5009,106.0308,124.8275
2021-08-23,113.9418,105.3056,124.4406
2021-08-24,113.6795,105.1008,124.1139
2021-08-25,113.6322,105.1121,124.0030
2021-08-26,113.7883,105.2224,124.2100
2021-08-27,113.3404,104.8653,123.6599
2021-08-30,113.2460,104.9019,123.4240
2021-08-31,113.1076,104.9492,123.0856
2021-09-01,112.8732,104.6630,122.9039
2021-09-02,112.7863,104.4728,122.9266
2021-09-03,112.5476,104.1945,122.7277
2021-09-06,ND,ND,ND
2021-09-07,112.9795,104.7095,123.0752
2021-09-08,113.2319,105.0433,123.2436
2021-09-09,113.0430,104.7606,123.1527
2021-09-10,112.9425,104.7917,122.9105
2021-09-13,113.0341,104.8774,123.0094
2021-09-14,113.0061,104.8294,123.0025
2021-09-15,112.9773,104.8392,122.9321
2021-09-16,113.3036,105.1993,123.2260
2021-09-17,113.5989,105.5497,123.4660
2021-09-20,113.9422,105.7661,123.9484
2021-09-21,113.8179,105.6651,123.7978
2021-09-22,113.6223,105.4840,123.5847
2021-09-23,113.5130,105.3412,123.5099
2021-09-24,113.7597,105.5664,123.7823
2021-09-27,113.7432,105.5550,123.7602
2021-09-28,114.2469,105.9600,124.3749
2021-09-29,114.7092,106.5464,124.7100
2021-09-30,114.6403,106.4222,124.6992
2021-10-01,114.3798,106.1208,124.4794
2021-10-04,114.2739,105.7593,124.6458
2021-10-05,114.3654,105.8197,124.7717
2021-10-06,114.7185,106.2505,125.0452
2021-10-07,114.5044,105.9812,124.8880
2021-10-08,114.5986,105.8448,125.2310
2021-10-11,ND,ND,ND
2021-10-12,114.7542,106.0598,125.3243
2021-10-13,114.4705,105.8865,124.9190
2021-10-14,114.2053,105.5285,124.7507
2021-10-15,114.0905,105.6033,124.4311
2021-10-18,113.9899,105.5010,124.3312
2021-10-19,113.6470,105.3090,123.8228
2021-10-20,113.5083,105.1550,123.6989
2021-10-21,113.6188,105.1252,123.9611
2021-10-22,113.6700,105.3078,123.8720
2021-10-25,113.6050,105.3695,123.6710
2021-10-26,113.6740,105.5386,123.6337
2021-10-27,113.6218,105.3314,123.7464
2021-10-28,113.4389,104.8934,123.8351
2021-10-29,114.1349,105.7104,124.4087
2021-11-01,114.2067,105.4223,124.8679
2021-11-02,114.2847,105.6985,124.7334
2021-11-03,114.3593,105.6511,124.9402
2021-11-04,114.3558,106.0006,124.5580
2021-11-05,114.0732,105.9023,124.0753
2021-11-08,113.8256,105.6758,123.8025
2021-11-09,113.7620,105.7080,123.6361
2021-11-10,114.1484,106.1764,123.9396
2021-11-11,ND,ND,ND
2021-11-12,114.5144,106.8261,124.0095
2021-11-15,114.5876,106.7820,124.2077
2021-11-16,115.1360,107.4075,124.6811
2021-11-17,115.0263,107.4515,124.4080
2021-11-18,115.0678,107.3688,124.5808
2021-11-19,115.2187,107.5051,124.7489
2021-11-22,115.6481,108.0441,125.0681
2021-11-23,116.0118,108.1745,125.6824
2021-11-24,116.2711,108.4417,125.9365
2021-11-25,ND,ND,ND
2021-11-26,116.5103,108.0025,126.8994
2021-11-29,116.5810,108.3163,126.7116
2021-11-30,116.2071,108.2185,126.0401
2021-12-01,115.8890,107.8765,125.7437
2021-12-02,116.0180,108.0765,125.7988
2021-12-03,116.2377,108.1786,126.1458
2021-12-06,116.1538,108.2344,125.9128
2021-12-07,115.8555,108.0828,125.4558
2021-12-08,115.4418,107.7217,124.9816
2021-12-09,115.7784,108.0543,125.3265
2021-12-10,115.5732,107.8320,125.1369
2021-12-13,115.8420,108.1576,125.3491
2021-12-14,116.2397,108.4893,125.8211
2021-12-15,116.4219,108.6845,125.9919
2021-12-16,115.7146,107.9840,125.2688
2021-12-17,115.7910,108.3092,125.0841
2021-12-20,116.0092,108.5106,125.3228
2021-12-21,116.1089,108.6510,125.3807
2021-12-22,115.7485,108.1233,125.1919
2021-12-23,115.5337,108.0057,124.8722
2021-12-24,ND,ND,ND
2021-12-27,115.4684,107.9603,124.7852
2021-12-28,115.4192,108.0406,124.5993
2021-12-29,115.3678,107.9140,124.6262
2021-12-30,115.2830,107.9027,124.4632
2021-12-31,ND,ND,ND
2022-01-03,115.4101,108.0698,124.5480
2022-01-04,115.3103,107.8824,124.5425
2022-01-05,115.1370,107.6865,124.3921
2022-01-06,115.4046,107.9428,124.6746
2022-01-07,115.0451,107.4776,124.4268
2022-01-10,115.2216,107.7027,124.5521
2022-01-11,114.8332,107.3266,124.1465
2022-01-12,114.3550,106.5883,123.9478
2022-01-13,114.1770,106.2910,123.8990
2022-01-14,114.3825,106.7320,123.8483
2022-01-17,ND,ND,ND
2022-01-18,114.7373,107.1933,124.0903
2022-01-19,114.6109,106.9801,124.0574
2022-01-20,114.4642,106.8852,123.8527
2022-01-21,114.6125,107.0707,123.9620
2022-01-24,115.2034,107.7361,124.4774
2022-01-25,115.1654,107.7045,124.4321
2022-01-26,115.0922,107.6542,124.3332
2022-01-27,115.9780,108.8359,124.9070
2022-01-28,116.0393,108.8231,125.0491
2022-01-31,115.5660,108.4212,124.4936
2022-02-01,115.3685,108.1200,124.4065
2022-02-02,115.1538,107.7561,124.3516
2022-02-03,114.9065,107.2563,124.3771
2022-02-04,115.1362,107.4679,124.6288
2022-02-07,115.0098,107.3499,124.4920
2022-02-08,115.0892,107.5069,124.4873
2022-02-09,114.8232,107.3078,124.1458
2022-02-10,114.5527,106.9934,123.9205
2022-02-11,114.8413,107.4762,124.0004
2022-02-14,115.1946,108.0788,124.0872
2022-02-15,114.9300,107.8212,123.8123
2022-02-16,114.6886,107.5216,123.6312
2022-02-17,114.6755,107.5295,123.5953
2022-02-18,114.7982,107.8546,123.5005
2022-02-21,ND,ND,ND
2022-02-22,114.7002,107.7080,123.4540
2022-02-23,114.6668,107.7970,123.2882
2022-02-24,115.9419,109.0599,124.5899
2022-02-25,115.2577,108.3272,123.9507
2022-02-28,115.2224,108.1431,124.0757
2022-03-01,115.7962,108.8326,124.5307
2022-03-02,115.7623,108.7631,124.5348
2022-03-03,115.9495,109.0330,124.6348
2022-03-04,116.6503,109.7775,125.2961
2022-03-07,117.3278,110.2836,126.1654
2022-03-08,117.6176,110.5643,126.4680
2022-03-09,116.5961,109.4790,125.5047
2022-03-10,116.7401,109.7046,125.5622
2022-03-11,117.0192,110.0739,125.7470
2022-03-14,117.1506,110.1699,125.9179
2022-03-15,117.2460,110.3302,125.9446
2022-03-16,116.8073,110.0454,125.3356
2022-03-17,116.0467,109.1590,124.7021
2022-03-18,116.1378,109.4696,124.5584
2022-03-21,115.9398,109.2682,124.3618
2022-03-22,116.0824,109.5404,124.3671
2022-03-23,116.0050,109.5575,124.1881
2022-03-24,115.9599,109.5912,124.0582
2022-03-25,115.7921,109.6168,123.6826
2022-03-28,116.1911,109.9969,124.1063
2022-03-29,115.5679,109.2287,123.6304
2022-03-30,115.0818,108.8052,123.0721
2022-03-31,115.2218,109.0016,123.1536
2022-04-01,115.4814,109.4475,123.2181
2022-04-04,115.4112,109.6101,122.9008
2022-04-05,115.7300,109.9050,123.2485
2022-04-06,115.9995,110.1444,123.5530
2022-04-07,116.3512,110.4849,123.9206
2022-04-08,116.4176,110.6323,123.9023
2022-04-11,116.5401,110.8606,123.9148
2022-04-12,116.3866,110.8697,123.5884
2022-04-13,116.2796,110.7805,123.4616
2022-04-14,116.7558,111.3311,123.8654
2022-04-15,116.7017,111.2623,123.8260
2022-04-18,116.8441,111.5097,123.8602
2022-04-19,117.1324,111.6850,124.2703
2022-04-20,116.7306,110.9084,124.2580
2022-04-21,117.1432,111.2516,124.7488
2022-04-22,118.0186,112.2047,125.5526
2022-04-25,118.6271,112.8221,126.1590
2022-04-26,118.9624,113.1286,126.5285
2022-04-27,119.4708,113.9519,126.7124
2022-04-28,120.0675,114.5503,127.3146
2022-04-29,119.4933,114.0791,126.6253
2022-05-02,119.8825,114.4897,126.9971
2022-05-03,119.7043,114.3163,126.8117
2022-05-04,119.5592,114.2590,126.5731
2022-05-05,120.0068,114.7373,126.9942
2022-05-06,119.8577,114.5128,126.9219
2022-05-09,120.4972,114.8773,127.8569
2022-05-10,120.7742,115.2181,128.0705
2022-05-11,120.3925,114.9032,127.6143
2022-05-12,121.2796,115.9730,128.3215
2022-05-13,120.8442,115.5408,127.8773
2022-05-16,120.6881,115.3481,127.7574
2022-05-17,119.8871,114.4420,127.0564
2022-05-18,120.0274,114.5669,127.2145
2022-05-19,119.4278,113.7849,126.7988
2022-05-20,119.3677,114.0142,126.4347
2022-05-23,118.7169,113.2148,125.9315
2022-05-24,118.6245,112.8763,126.0965
2022-05-25,118.9598,113.3734,126.2658
2022-05-26,118.7687,112.8770,126.3936
2022-05-27,118.2834,112.7387,125.5375
2022-05-30,ND,ND,ND
2022-05-31,118.0704,112.4914,125.3579
2022-06-01,118.6954,113.3014,125.7966
2022-06-02,118.0658,112.5218,125.3165
2022-06-03,118.2153,112.7463,125.3892
2022-06-06,118.3081,112.8997,125.4196
2022-06-07,118.4414,112.9352,125.6570
2022-06-08,118.3951,112.8680,125.6320
2022-06-09,118.9226,113.6681,125.8809
2022-06-10,119.9981,114.9004,126.8065
2022-06-13,121.1523,115.7313,128.3121
2022-06-14,121.6669,116.3202,128.7555
2022-06-15,121.6403,116.4426,128.5732
2022-06-16,120.6714,114.8385,128.2569
2022-06-17,121.2369,115.9556,128.2519
2022-06-20,ND,ND,ND
2022-06-21,120.6427,115.2516,127.7648
2022-06-22,120.5197,115.0690,127.7026
2022-06-23,120.7622,115.4869,127.7650
2022-06-24,120.4853,115.1310,127.5670
2022-06-27,120.1736,114.6850,127.3920
2022-06-28,120.6200,115.2284,127.7424
2022-06-29,120.9616,115.5158,128.1448
2022-06-30,120.9652,115.4958,128.1732
2022-07-01,121.5058,116.0558,128.7003
2022-07-04,ND,ND,ND
2022-07-05,122.6203,117.4026,129.5865
2022-07-06,123.0073,117.7991,129.9683
2022-07-07,122.7257,117.6403,129.5558
2022-07-08,122.4662,117.4392,129.2322
2022-07-11,123.2974,118.2544,130.0907
2022-07-12,123.4524,118.3487,130.3106
2022-07-13,123.2834,118.1879,130.1310
2022-07-14,124.0622,119.1110,130.7701
2022-07-15,123.4765,118.5253,130.1770
2022-07-18,122.7727,117.6667,129.6247
2022-07-19,122.4819,117.0458,129.6737
2022-07-20,122.5997,117.2006,129.7544
2022-07-21,122.9032,117.3012,130.2737
2022-07-22,122.4510,116.8000,129.8673
2022-07-25,122.4594,116.8847,129.7959
2022-07-26,122.7581,117.4589,129.8107
2022-07-27,122.8169,117.5686,129.8172
2022-07-28,122.1161,116.7266,129.2547
2022-07-29,121.7678,116.2319,129.0551
2022-08-01,121.4109,115.7034,128.8737
2022-08-02,121.9486,116.3237,129.3313
2022-08-03,122.3888,116.9254,129.6081
2022-08-04,121.8333,116.3557,129.0605
2022-08-05,122.3210,117.1857,129.1977
2022-08-08,121.8783,116.5800,128.9190
2022-08-09,121.8614,116.5788,128.8855
2022-08-10,120.7543,115.2591,127.9866
2022-08-11,120.7163,115.1811,127.9899
2022-08-12,121.0180,115.8901,127.8706
2022-08-15,121.4315,116.5476,128.0362
2022-08-16,121.6807,116.7470,128.3402
2022-08-17,122.0711,117.1714,128.7004
2022-08-18,122.3627,117.4996,128.9578
2022-08-19,123.0501,118.3825,129.4523
2022-08-22,123.6050,119.1745,129.7707
2022-08-23,123.0547,118.4712,129.3703
2022-08-24,123.1090,118.7101,129.2357
2022-08-25,123.0586,118.6402,129.2048
2022-08-26,123.0656,118.6643,129.1942
2022-08-29,123.4686,118.9134,129.7606
2022-08-30,123.6848,119.1795,129.9284
2022-08-31,123.5350,118.9531,129.8552
2022-09-01,124.4006,120.0515,130.4932
2022-09-02,123.7743,119.3712,129.9141
2022-09-05,ND,ND,ND
2022-09-06,124.7670,120.4203,130.8620
2022-09-07,124.8408,120.5830,130.8459
2022-09-08,124.5780,120.2724,130.6284
2022-09-09,123.7874,119.1943,130.1224
2022-09-12,123.3332,118.4479,129.9637
2022-09-13,124.4242,119.9479,130.6477
2022-09-14,124.4509,119.9010,130.7501
2022-09-15,124.8843,120.2089,131.3183
2022-09-16,124.8794,120.3201,131.1940
2022-09-19,125.0104,120.4727,131.3045
2022-09-20,125.1248,120.6464,131.3595
2022-09-21,125.7399,121.5503,131.6872
2022-09-22,126.1667,122.0284,132.0673
2022-09-23,127.2853,123.4251,132.9182
2022-09-26,128.4539,124.8505,133.8426
2022-09-27,128.4386,124.8262,133.8361
2022-09-28,128.0884,123.9496,134.0151
2022-09-29,127.5437,123.4150,133.4530
2022-09-30,127.5148,123.4836,133.3244
2022-10-03,127.0813,122.9479,132.9892
2022-10-04,126.1819,121.5251,132.6137
2022-10-05,126.8616,122.6406,132.8559
2022-10-06,127.2493,123.3922,132.8785
2022-10-07,127.3111,123.4738,132.9211
2022-10-10,ND,ND,ND
2022-10-11,127.6641,123.7746,133.3317
2022-10-12,128.1481,124.5404,133.5370
2022-10-13,127.7286,123.6844,133.5543
2022-10-14,128.3325,124.5826,133.8677
2022-10-17,127.6448,123.3037,133.7722
2022-10-18,127.9153,123.6712,133.9472
2022-10-19,128.3968,124.1854,134.4016
2022-10-20,128.0052,123.6711,134.1301
2022-10-21,127.6735,123.0497,134.0908
2022-10-24,128.0304,123.2922,134.5698
2022-10-25,127.3771,122.2631,134.2958
2022-10-26,126.4723,121.1363,133.6098
2022-10-27,126.7028,121.5497,133.6536
2022-10-28,127.2135,122.2846,133.9390
2022-10-31,127.6219,122.7615,134.2819
2022-11-01,127.3987,122.8348,133.7510
2022-11-02,127.3115,122.6736,133.7385
2022-11-03,128.1743,124.1283,134.0078
2022-11-04,127.1468,122.5378,133.5422
2022-11-07,126.3062,121.5787,132.8123
2022-11-08,125.6330,120.4900,132.5596
2022-11-09,125.9861,121.2464,132.5007
2022-11-10,124.7044,119.4187,131.7673
2022-11-11,ND,ND,ND
2022-11-14,123.4277,118.0458,130.5748
2022-11-15,123.0390,117.5513,130.2918
2022-11-16,123.2817,117.6488,130.6893
2022-11-17,123.9770,118.1878,131.5566
2022-11-18,123.8524,118.0837,131.4091
2022-11-21,124.7009,119.2679,131.9171
2022-11-22,124.2365,118.6573,131.5996
2022-11-23,123.7574,117.8420,131.4669
2022-11-24,ND,ND,ND
2022-11-25,123.3386,117.4331,131.0328
2022-11-28,123.6032,117.7102,131.2873
2022-11-29,123.6615,118.3921,130.6945
2022-11-30,123.5175,118.4207,130.3693
2022-12-01,122.0045,116.5443,129.2156
2022-12-02,122.0102,116.3855,129.3935
2022-12-05,122.6384,117.1667,129.8694
2022-12-06,123.0191,117.3192,130.4936
2022-12-07,122.7608,117.2339,130.0510
2022-12-08,122.4152,116.7503,129.8456
2022-12-09,122.4201,116.6980,129.9106
2022-12-12,122.7714,117.0271,130.2893
2022-12-13,121.8493,115.9021,129.5693
2022-12-14,121.8226,115.8058,129.6157
2022-12-15,122.5519,116.6752,130.2062
2022-12-16,122.6505,116.8508,130.2251
2022-12-19,122.5275,116.6543,130.1779
2022-12-20,122.1357,116.0366,130.0194
2022-12-21,122.2828,116.4029,129.9372
2022-12-22,122.2419,116.6070,129.6387
2022-12-23,121.9743,116.3308,129.3769
2022-12-26,ND,ND,ND
2022-12-27,121.7539,116.0036,129.2657
2022-12-28,122.0075,116.4129,129.3592
2022-12-29,121.6577,115.9286,129.1462
2022-12-30,121.4256,115.6071,129.0051
2023-01-02,ND,ND,ND
2023-01-03,122.0905,116.7158,129.1767
2023-01-04,121.5008,115.9047,128.8304
2023-01-05,122.1017,117.0223,128.8582
2023-01-06,121.0852,115.8558,128.0001
2023-01-09,120.1508,114.6894,127.3176
2023-01-10,120.2483,115.1162,127.0471
2023-01-11,120.1614,115.1880,126.7824
2023-01-12,119.4218,114.3676,126.1264
2023-01-13,119.1673,114.2979,125.6636
2023-01-16,ND,ND,ND
2023-01-17,119.2121,114.1976,125.8705
2023-01-18,119.0755,114.0329,125.7639
2023-01-19,119.6107,114.3194,126.5819
2023-01-20,119.3486,114.1804,126.1796
2023-01-23,119.1434,113.9898,125.9565
2023-01-24,119.0958,113.8943,125.9619
2023-01-25,118.9686,113.7485,125.8545
2023-01-26,119.0210,113.8362,125.8679
2023-01-27,118.9223,113.7498,125.7545
2023-01-30,118.8953,113.8625,125.5713
2023-01-31,118.9802,113.8861,125.7252
2023-02-01,118.6259,113.5240,125.3766
2023-02-02,118.3421,113.4106,124.9001
2023-02-03,119.5095,114.6050,126.0479
2023-02-06,120.5410,115.4706,127.2736
2023-02-07,120.3475,115.3499,126.9971
2023-02-08,120.1436,115.0668,126.8798
2023-02-09,119.9781,114.7995,126.8265
2023-02-10,120.1419,115.2791,126.6398
2023-02-13,119.9828,115.0036,126.6086
2023-02-14,119.9229,115.0531,126.4266
2023-02-15,120.4557,115.5910,126.9584
2023-02-16,120.4651,115.6994,126.8579
2023-02-17,120.5526,115.8724,126.8516
2023-02-20,ND,ND,ND
2023-02-21,120.6256,115.9782,126.8889
2023-02-22,120.8389,116.2828,127.0032
2023-02-23,121.0896,116.6363,127.1428
2023-02-24,121.5681,117.2146,127.5159
2023-02-27,121.3941,116.7439,127.6678
2023-02-28,121.3341,116.7462,127.5382
2023-03-01,120.6347,116.3999,126.4431
2023-03-02,121.1302,117.0520,126.7714
2023-03-03,120.7742,116.7659,126.3355
2023-03-06,120.4850,116.2868,126.2517
2023-03-07,121.4623,117.6117,126.8579
2023-03-08,121.4511,117.8693,126.5540
2023-03-09,121.4458,117.5368,126.9050
2023-03-10,121.2421,116.8612,127.2170
2023-03-13,120.8897,115.8424,127.5997
2023-03-14,121.0141,116.0015,127.6864
2023-03-15,122.1079,117.2460,128.6228
2023-03-16,121.7221,116.6945,128.4176
2023-03-17,121.5643,116.4105,128.3989
2023-03-20,121.0141,115.7174,128.0036
2023-03-21,120.8958,115.7399,127.7269
2023-03-22,120.6217,115.5962,127.3049
2023-03-23,119.7587,114.6758,126.4982
2023-03-24,120.4598,115.6380,126.9150
2023-03-27,120.2541,115.3489,126.8001
2023-03-28,119.7138,114.8151,126.2476
2023-03-29,119.7258,115.0103,126.0563
2023-03-30,119.4078,114.4897,125.9606
2023-03-31,119.3602,114.5737,125.7662
2023-04-03,119.3204,114.1786,126.1219
2023-04-04,119.1420,113.7668,126.2033
2023-04-05,119.2953,113.8974,126.3833
2023-04-06,119.3072,113.9897,126.3052
2023-04-07,119.3547,114.2277,126.1397
2023-04-10,119.7948,114.8947,126.3310
2023-04-11,119.5248,114.3417,126.3741
2023-04-12,119.0030,113.7359,125.9417
2023-04-13,118.3915,112.9437,125.5278
2023-04-14,118.8567,113.6808,125.6921
2023-04-17,119.2787,114.1831,126.0281
2023-04-18,119.1049,113.8430,126.0388
2023-04-19,119.3030,114.0566,126.2213
2023-04-20,119.1199,113.8750,126.0348
2023-04-21,119.3117,114.0967,126.1949
2023-04-24,119.2039,113.8298,126.2643
2023-04-25,119.6130,114.3553,126.5467
2023-04-26,119.3228,113.8137,126.5360
2023-04-27,119.4298,114.0715,126.4745
2023-04-28,119.2248,113.8617,126.2732
2023-05-01,119.4435,114.3811,126.1574
2023-05-02,119.6105,114.3597,126.5364
2023-05-03,119.1233,113.8703,126.0475
2023-05-04,119.0465,113.7771,125.9882
2023-05-05,118.5548,113.3767,125.3901
2023-05-08,118.5759,113.2328,125.5961
2023-05-09,118.8239,113.7084,125.5916
2023-05-10,118.5864,113.5372,125.2778
2023-05-11,119.0303,114.1975,125.4847
2023-05-12,119.3671,114.7664,125.5671
2023-05-15,119.1608,114.4877,125.4392
2023-05-16,119.1743,114.5793,125.3662
2023-05-17,119.6070,114.9305,125.8932
2023-05-18,120.0886,115.4242,126.3659
2023-05-19,119.7751,115.0624,126.1029
2023-05-22,120.0875,115.2610,126.5446
2023-05-23,120.3204,115.4117,126.8708
2023-05-24,120.4752,115.8867,126.6719
2023-05-25,120.8413,116.2806,127.0108
2023-05-26,120.6304,116.3512,126.4874
2023-05-29,ND,ND,ND
2023-05-30,120.5546,116.1144,126.5883
2023-05-31,120.9662,116.4974,127.0355
2023-06-01,120.0491,115.3802,126.3308
2023-06-02,120.0049,115.6284,125.9631
2023-06-05,120.0048,115.6047,125.9890
2023-06-06,119.9718,115.7045,125.8096
2023-06-07,119.8590,115.5877,125.7000
2023-06-08,119.5712,114.9883,125.7535
2023-06-09,119.4322,115.0552,125.3857
2023-06-12,119.6376,115.3136,125.5345
2023-06-13,119.1899,114.7723,125.1859
2023-06-14,118.7760,114.2082,124.9342
2023-06-15,118.5521,113.7547,124.9628
2023-06-16,118.4184,113.7736,124.6585
2023-06-19,ND,ND,ND
2023-06-20,118.9380,114.1578,125.3331
2023-06-21,118.7270,113.7714,125.3154
2023-06-22,118.7552,113.8092,125.3330
2023-06-23,119.1520,114.3417,125.5825
2023-06-26,119.0761,114.0530,125.7428
2023-06-27,118.8949,113.9083,125.5193
2023-06-28,119.3382,114.5285,125.7697
2023-06-29,119.5270,114.6892,125.9914
2023-06-30,119.3606,114.3258,126.0427
2023-07-03,119.2119,114.3765,125.6707
2023-07-04,ND,ND,ND
2023-07-05,119.3483,114.6923,125.6093
2023-07-06,119.8193,114.8337,126.4508
2023-07-07,119.0761,113.8977,125.9162
2023-07-10,118.9548,113.7100,125.8682
2023-07-11,118.7344,113.4229,125.7208
2023-07-12,117.6385,112.2306,124.7236
2023-07-13,117.1831,111.5813,124.4826
2023-07-14,117.0463,111.6511,124.1120
2023-07-17,117.1267,111.6328,124.3042
2023-07-18,117.0264,111.6971,124.0179
2023-07-19,117.3462,112.0296,124.3262
2023-07-20,117.5947,112.4926,124.3364
2023-07-21,117.9418,112.7643,124.7709
2023-07-24,117.8124,112.7516,124.5099
2023-07-25,117.8565,112.8454,124.4988
2023-07-26,117.7600,112.7355,124.4165
2023-07-27,117.8938,113.1865,124.1983
2023-07-28,117.7880,113.0989,124.0713
2023-07-31,117.8241,113.1323,124.1107
2023-08-01,118.5738,113.9729,124.7666
2023-08-02,119.1268,114.3057,125.5691
2023-08-03,119.3963,114.1835,126.2777
2023-08-04,118.8210,113.6072,125.6986
2023-08-07,119.0809,113.9538,125.8638
2023-08-08,119.6407,114.5103,126.4322
2023-08-09,119.4760,114.4248,126.1777
2023-08-10,119.1581,114.1592,125.7986
2023-08-11,119.6268,114.6566,126.2394
2023-08-14,120.0725,114.8777,126.9399
2023-08-15,120.2127,114.8644,127.2530
2023-08-16,120.3551,115.1444,127.2426
2023-08-17,120.5242,115.3373,127.3868
2023-08-18,120.4321,115.3718,127.1525
2023-08-21,120.4627,115.4198,127.1639
2023-08-22,120.3554,115.5147,126.8306
2023-08-23,120.0307,115.3135,126.3659
2023-08-24,120.2354,115.7542,126.3114
2023-08-25,120.5137,116.2417,126.3619
2023-08-28,120.3155,116.0054,126.2036
2023-08-29,120.2669,115.6983,126.4399
2023-08-30,119.7937,115.0295,126.1788
2023-08-31,120.2250,115.5866,126.4746
2023-09-01,120.7590,116.0710,127.0687
2023-09-04,ND,ND,ND
2023-09-05,121.4345,116.5959,127.9173
2023-09-06,121.8671,116.8823,128.5162
2023-09-07,121.9528,116.9549,128.6174
2023-09-08,121.9475,116.8491,128.7238
2023-09-11,121.3386,116.3975,127.9344
2023-09-12,121.2913,116.5323,127.6846
2023-09-13,121.0549,116.4617,127.2622
2023-09-14,121.2395,116.8332,127.2424
2023-09-15,121.1990,116.8328,127.1573
2023-09-18,121.1938,116.6555,127.3419
2023-09-19,121.1645,116.6110,127.3292
2023-09-20,120.9648,116.3993,127.1408
2023-09-21,121.5528,116.9502,127.7752
2023-09-22,121.5306,117.0370,127.6325
2023-09-25,122.1143,117.5011,128.3537
2023-09-26,122.4742,117.7563,128.8328
2023-09-27,122.9895,118.2038,129.4279
2023-09-28,122.5342,117.5948,129.1390
2023-09-29,122.3077,117.7197,128.5210
2023-10-02,123.0545,118.6248,129.1003
2023-10-03,123.7848,119.0811,130.1398
2023-10-04,123.5946,118.6173,130.2510
2023-10-05,123.8993,118.4997,131.0294
2023-10-06,123.3563,117.8757,130.5723
2023-10-09,ND,ND,ND
2023-10-10,122.9282,117.4562,130.1308
2023-10-11,122.7697,117.5738,129.6622
2023-10-12,123.2101,118.1909,129.9097
2023-10-13,123.5954,118.4837,130.4014
2023-10-16,123.3185,118.0814,130.2619
2023-10-17,123.1202,117.8461,130.1029
2023-10-18,123.8148,118.4101,130.9498
2023-10-19,123.7980,118.2644,131.0772
2023-10-20,123.6120,118.0652,130.9044
2023-10-23,123.2846,117.6817,130.6371
2023-10-24,123.6416,118.1712,130.8488
2023-10-25,123.7871,118.3517,130.9561
2023-10-26,124.0064,118.8531,130.8624
2023-10-27,123.6200,118.5355,130.3959
2023-10-30,123.4076,118.2491,130.2641
2023-10-31,123.8364,118.9232,130.4240
2023-11-01,123.7922,119.0259,130.2165
2023-11-02,122.8818,118.2725,129.1240
2023-11-03,121.7564,117.0441,128.1021
2023-11-06,121.6484,116.9640,127.9623
2023-11-07,122.0777,117.7165,128.0389
2023-11-08,122.0926,117.6496,128.1438
2023-11-09,122.1281,117.6505,128.2180
2023-11-10,ND,ND,ND
2023-11-13,122.4264,117.8143,128.6676
2023-11-14,121.3500,116.4735,127.8740
2023-11-15,121.0749,116.4281,127.3417
2023-11-16,121.1754,116.7065,127.2468
2023-11-17,120.8477,116.3997,126.8927
2023-11-20,120.2533,115.7897,126.3101
2023-11-21,120.2241,115.7399,126.3032
2023-11-22,120.6802,116.3299,126.6160
2023-11-23,ND,ND,ND
2023-11-24,120.2105,115.5640,126.4690
2023-11-27,120.1730,115.5293,126.4281
2023-11-28,119.5904,114.7536,126.0544
2023-11-29,119.8159,115.0409,126.2133
2023-11-30,120.2434,115.3681,126.7561
2023-12-01,119.9424,115.1297,126.3828
2023-12-04,120.4727,115.5760,127.0111
2023-12-05,120.7913,115.9501,127.2710
2023-12-06,120.5334,115.9056,126.7743
2023-12-07,120.6013,115.6602,127.1904
2023-12-08,120.7607,116.0542,127.0908
2023-12-11,120.9279,116.0984,127.3959
2023-12-12,120.6817,115.8905,127.1049
2023-12-13,121.1571,115.7695,128.2497
2023-12-14,119.5683,113.7589,127.1223
2023-12-15,119.7382,114.2060,126.9809
2023-12-18,119.9102,114.3608,127.1737
2023-12-19,119.4632,113.8341,126.8127
2023-12-20,119.5435,113.9787,126.8212
2023-12-21,119.3168,113.5798,126.7869
2023-12-22,119.0625,113.3804,126.4685
2023-12-25,ND,ND,ND
2023-12-26,118.8875,113.1317,126.3753
2023-12-27,118.4729,112.5314,126.1675
2023-12-28,118.4104,112.6671,125.8801
2023-12-29,118.4208,112.7260,125.8358