"Series Description","Assets: Other Factors Supplying Reserve Balances: Reserve Bank credit: Wednesday level"
"Unit:","Currency"
"Multiplier:","1000000"
"Currency:","USD"
"Unique Identifier: ","H41/H41/RESH4SC_N.WW"
"Time Period","RESH4SC_N.WW"
2014-10-01,4409110
2014-10-08,4414130
2014-10-15,4432443
2014-10-22,4440380
2014-10-29,4445443
2014-11-05,4445928
2014-11-12,4447931
2014-11-19,4452372
2014-11-26,4445550
2014-12-03,4446176
2014-12-10,4448719
2014-12-17,4462036
2014-12-24,4469654
2014-12-31,4457837
2015-01-07,4459910
2015-01-14,4476465
2015-01-21,4473381
2015-01-28,4461085
2015-02-04,4461184
2015-02-11,4462825
2015-02-18,4457611
2015-02-25,4447571
2015-03-04,4448934
2015-03-11,4451160
2015-03-18,4457778
2015-03-25,4441970
2015-04-01,4443574
2015-04-08,4445177
2015-04-15,4447330
2015-04-22,4451594
2015-04-29,4432854
2015-05-06,4433819
2015-05-13,4462275
2015-05-20,4442039
2015-05-27,4425675
2015-06-03,4427107
2015-06-10,4429437
2015-06-17,4449576
2015-06-24,4456803
2015-07-01,4440806
2015-07-08,4442968
2015-07-15,4455635
2015-07-22,4462536
2015-07-29,4447497
2015-08-05,4448541
2015-08-12,4450894
2015-08-19,4449179
2015-08-26,4436274
2015-09-02,4437289
2015-09-09,4439704
2015-09-16,4449222
2015-09-23,4459134
2015-09-30,4445480
2015-10-07,4447570
2015-10-14,4465712
2015-10-21,4462691
2015-10-28,4450808
2015-11-04,4451649
2015-11-11,4453905
2015-11-18,4448985
2015-11-25,4439346
2015-12-02,4440482
2015-12-09,4442320
2015-12-16,4451506
2015-12-23,4458298
2015-12-30,4448420
2016-01-06,4448464
2016-01-13,4463319
2016-01-20,4450281
2016-01-27,4443941
2016-02-03,4445059
2016-02-10,4447120
2016-02-17,4444723
2016-02-24,4450481
2016-03-02,4439725
2016-03-09,4442218
2016-03-16,4447512
2016-03-23,4453820
2016-03-30,4442657
2016-04-06,4444396
2016-04-13,4460326
2016-04-20,4450705
2016-04-27,4434948
2016-05-04,4437506
2016-05-11,4438854
2016-05-18,4434411
2016-05-25,4422096
2016-06-01,4422030
2016-06-08,4423957
2016-06-15,4433227
2016-06-22,4442347
2016-06-29,4425738
2016-07-06,4430499
2016-07-13,4432340
2016-07-20,4441669
2016-07-27,4424751
2016-08-03,4426769
2016-08-10,4428820
2016-08-17,4426161
2016-08-24,4433463
2016-08-31,4417144
2016-09-07,4419125
2016-09-14,4441268
2016-09-21,4433021
2016-09-28,4411557
2016-10-05,4419433
2016-10-12,4418003
2016-10-19,4427721
2016-10-26,4414796
2016-11-02,4413155
2016-11-09,4415454
2016-11-16,4414762
2016-11-23,4427359
2016-11-30,4407066
2016-12-07,4410086
2016-12-14,4432481
2016-12-21,4431175
2016-12-28,4413259
2017-01-04,4414621
2017-01-11,4414192
2017-01-18,4421934
2017-01-25,4414109
2017-02-01,4415304
2017-02-08,4417599
2017-02-15,4416266
2017-02-22,4429989
2017-03-01,4419630
2017-03-08,4421367
2017-03-15,4431219
2017-03-22,4439386
2017-03-29,4430526
2017-04-05,4435771
2017-04-12,4445590
2017-04-19,4440335
2017-04-26,4431268
2017-05-03,4432290
2017-05-10,4434886
2017-05-17,4428020
2017-05-24,4431843
2017-05-31,4420029
2017-06-07,4423005
2017-06-14,4436606
2017-06-21,4435230
2017-06-28,4423721
2017-07-05,4427958
2017-07-12,4427438
2017-07-19,4437463
2017-07-26,4425732
2017-08-02,4426636
2017-08-09,4429209
2017-08-16,4423240
2017-08-23,4423764
2017-08-30,4411538
2017-09-06,4413031
2017-09-13,4431256
2017-09-20,4418496
2017-09-27,4415727
2017-10-04,4420524
2017-10-11,4419638
2017-10-18,4430026
2017-10-25,4421630
2017-11-01,4416450
2017-11-08,4419083
2017-11-15,4408688
2017-11-22,4410770
2017-11-29,4397722
2017-12-06,4397213
2017-12-13,4413202
2017-12-20,4407899
2017-12-27,4408906
2018-01-03,4403821
2018-01-10,4406127
2018-01-17,4398979
2018-01-24,4400787
2018-01-31,4377804
2018-02-07,4380349
2018-02-14,4394201
2018-02-21,4371074
2018-02-28,4352250
2018-03-07,4355053
2018-03-14,4366514
2018-03-21,4360723
2018-03-28,4351268
2018-04-04,4345426
2018-04-11,4343119
2018-04-18,4345288
2018-04-25,4332805
2018-05-02,4316168
2018-05-09,4318466
2018-05-16,4297980
2018-05-23,4297773
2018-05-30,4287126
2018-06-06,4279553
2018-06-13,4285282
2018-06-20,4276580
2018-06-27,4265630
2018-07-04,4250190
2018-07-11,4251681
2018-07-18,4252263
2018-07-25,4238181
2018-08-01,4215960
2018-08-08,4218548
2018-08-15,4189779
2018-08-22,4189432
2018-08-29,4179238
2018-09-05,4168781
2018-09-12,4171398
2018-09-19,4168728
2018-09-26,4153289
2018-10-03,4135597
2018-10-10,4137727
2018-10-17,4136254
2018-10-24,4134059
2018-10-31,4100108
2018-11-07,4102981
2018-11-14,4107000
2018-11-21,4067341
2018-11-28,4058291
2018-12-05,4046978
2018-12-12,4049260
2018-12-19,4045163
2018-12-26,4036348
2019-01-02,4019072
2019-01-09,4017051
2019-01-16,4010725
2019-01-23,4007673
2019-01-30,3999505
2019-02-06,3987152
2019-02-13,3989473
2019-02-20,3942314
2019-02-27,3934831
2019-03-06,3929790
2019-03-13,3932640
2019-03-20,3923800
2019-03-27,3916543
2019-04-03,3896410
2019-04-10,3897923
2019-04-17,3892955
2019-04-24,3889560
2019-05-01,3850595
2019-05-08,3853394
2019-05-15,3825790
2019-05-22,3821658
2019-05-29,3812240
2019-06-05,3808318
2019-06-12,3810819
2019-06-19,3805133
2019-06-26,3787496
2019-07-03,3773783
2019-07-10,3776008
2019-07-17,3769117
2019-07-24,3764159
2019-07-31,3739581
2019-08-07,3742331
2019-08-14,3746892
2019-08-21,3725869
2019-08-28,3720751
2019-09-04,3722202
2019-09-11,3730920
2019-09-18,3805937
2019-09-25,3819084
2019-10-02,3906708
2019-10-09,3911257
2019-10-16,3927709
2019-10-23,3929933
2019-10-30,3980095
2019-11-06,4000728
2019-11-13,4009202
2019-11-20,3991619
2019-11-27,4013621
2019-12-04,4026728
2019-12-11,4056695
2019-12-18,4098408
2019-12-25,4126954
2020-01-01,4134215
2020-01-08,4110819
2020-01-15,4137142
2020-01-22,4107163
2020-01-29,4112398
2020-02-05,4128065
2020-02-12,4144202
2020-02-19,4133260
2020-02-26,4119718
2020-03-04,4202074
2020-03-11,4272427
2020-03-18,4629659
2020-03-25,5215959
2020-04-01,5772536
2020-04-08,6044516
2020-04-15,6329072
2020-04-22,6534516
2020-04-29,6616131
2020-05-06,6682832
2020-05-13,6895709
2020-05-20,6998687
2020-05-27,7058713
2020-06-03,7126020
2020-06-10,7129995
2020-06-17,7055889
2020-06-24,7043367
2020-07-01,6969543
2020-07-08,6881742
2020-07-15,6919469
2020-07-22,6925422
2020-07-29,6908643
2020-08-05,6905429
2020-08-12,6917675
2020-08-19,6970886
2020-08-26,6950725
2020-09-02,6977204
2020-09-09,6970989
2020-09-16,7024780
2020-09-23,7053440
2020-09-30,7015460
2020-10-07,7034915
2020-10-14,7111490
2020-10-21,7137392
2020-10-28,7106102
2020-11-04,7117962
2020-11-11,7135848
2020-11-18,7203357
2020-11-25,7176567
2020-12-02,7181887
2020-12-09,7202680
2020-12-16,7322422
2020-12-23,7363749
2020-12-30,7322274
2021-01-06,7294489
2021-01-13,7293832
2021-01-20,7374824
2021-01-27,7364432
2021-02-03,7370758
2021-02-10,7402209
2021-02-17,7517575
2021-02-24,7550111
2021-03-03,7517596
2021-03-10,7540483
2021-03-17,7654172
2021-03-24,7680260
2021-03-31,7649010
2021-04-07,7669670
2021-04-14,7753650
2021-04-21,7781505
2021-04-28,7740777
2021-05-05,7771255
2021-05-12,7791401
2021-05-19,7883429
2021-05-26,7864068
2021-06-02,7895638
2021-06-09,7912984
2021-06-16,8025033
2021-06-23,8062918
2021-06-30,8038724
2021-07-07,8058899
2021-07-14,8162744
2021-07-21,8201670
2021-07-28,8181858
2021-08-04,8196062
2021-08-11,8218316
2021-08-18,8303796
2021-08-25,8293870
2021-09-01,8309719
2021-09-08,8318418
2021-09-15,8409864
2021-09-22,8451039
2021-09-29,8408435
2021-10-06,8425569
2021-10-13,8442556
2021-10-20,8526584
2021-10-27,8517364
2021-11-03,8536560
2021-11-10,8624783
2021-11-17,8636972
2021-11-24,8643861
2021-12-01,8611850
2021-12-08,8626506
2021-12-15,8718713
2021-12-22,8752398
2021-12-29,8719059
2022-01-05,8727779
2022-01-12,8750170
2022-01-19,8829738
2022-01-26,8822109
2022-02-02,8835075
2022-02-09,8839900
2022-02-16,8872950
2022-02-23,8890058
2022-03-02,8866087
2022-03-09,8872934
2022-03-16,8916848
2022-03-23,8925168
2022-03-30,8898734
2022-04-06,8900522
2022-04-13,8928537
2022-04-20,8919111
2022-04-27,8902321
2022-05-04,8903659
2022-05-11,8905727
2022-05-18,8909605
2022-05-25,8877666
2022-06-01,8878608
2022-06-08,8882034
2022-06-15,8896577
2022-06-22,8898327
2022-06-29,8876712
2022-07-06,8856240
2022-07-13,8860493
2022-07-20,8863752
2022-07-27,8854182
2022-08-03,8838997
2022-08-10,8843234
2022-08-17,8814179
2022-08-24,8816154
2022-08-31,8789846
2022-09-07,8787483
2022-09-14,8797781
2022-09-21,8781996
2022-09-28,8760439
2022-10-05,8724213
2022-10-12,8724414
2022-10-19,8709474
2022-10-26,8687796
2022-11-02,8642059
2022-11-09,8643955
2022-11-16,8590044
2022-11-23,8585689
2022-11-30,8548165
2022-12-07,8546896
2022-12-14,8547307
2022-12-21,8528248
2022-12-28,8514705
2023-01-04,8471163
2023-01-11,8472288
2023-01-18,8452327
2023-01-25,8433857
2023-02-01,8396434
2023-02-08,8398884
2023-02-15,8348550
2023-02-22,8345895
2023-03-01,8303513
2023-03-08,8305716
2023-03-15,8603097
2023-03-22,8697234
2023-03-29,8669146
2023-04-05,8595344
2023-04-12,8578046
2023-04-19,8556700
2023-04-26,8525931
2023-05-03,8467040
2023-05-10,8466412
2023-05-17,8420400
2023-05-24,8400116
2023-05-31,8349344
2023-06-07,8352953
2023-06-14,8351892
2023-06-21,8325756
2023-06-28,8304469
2023-07-05,8261904
2023-07-12,8260176
2023-07-19,8237861
2023-07-26,8206709
2023-08-02,8169981
2023-08-09,8171830
2023-08-16,8109556
2023-08-23,8102816
2023-08-30,8084524
2023-09-06,8064802
2023-09-13,8062770
2023-09-20,7988106
2023-09-27,7966141
2023-10-04,7919713
2023-10-11,7916298
2023-10-18,7897530
2023-10-25,7872150
2023-11-01,7830818
2023-11-08,7824909
2023-11-15,7779099
2023-11-22,7774682
2023-11-29,7759408
2023-12-06,7700979
2023-12-13,7703394
2023-12-20,7687649
2023-12-27,7675996