"Series Description","M1; Not seasonally adjusted","M2; Not seasonally adjusted","Currency; Not seasonally adjusted","Demand deposits; Not seasonally adjusted","Other liquid deposits - Total; Not seasonally adjusted","Small-denomination time deposits - Total; Not seasonally adjusted","Retail money market funds; Not seasonally adjusted","IRA and Keogh accounts at depository institutions; Not seasonally adjusted. Last 4 obs are estimates.","IRA and Keogh accounts at money market funds; Not seasonally adjusted. Last 4 obs are estimates.","IRA and Keogh accounts - Total; Not seasonally adjusted. Last 4 obs are estimates.","M1; Seasonally adjusted","M2; Seasonally adjusted","Currency; Seasonally adjusted","Demand deposits; Seasonally adjusted","Other liquid deposits - Total; Seasonally adjusted","Small-denomination time deposits - Total; Seasonally adjusted","Retail money market funds; Seasonally adjusted","Monetary base; currency in circulation; not seasonally adjusted","Monetary base; reserve balances; not seasonally adjusted","Monetary base; total; not seasonally adjusted","Reserves of depository institutions, total; not seasonally adjusted","Total borrowings from the Federal Reserve; not seasonally adjusted","Reserves of depository institutions, nonborrowed; not seasonally adjusted","Other checkable deposits - Total; Not seasonally adjusted;  *Discontinued after Apr 2020","Savings deposits - Total; Not seasonally adjusted;  *Discontinued after Apr 2020","Travelers checks; Not seasonally adjusted;  *Discontinued after Dec 2018","Other checkable deposits - Total; Seasonally adjusted;  *Discontinued after Apr 2020","Savings deposits - Total; Seasonally adjusted;  *Discontinued after Apr 2020","Travelers Checks; Seasonally adjusted;  *Discontinued after Dec 2018"
"Unit:","Currency","Currency","Currency","Currency","Currency","Currency","Currency","Currency","Currency","Currency","Currency","Currency","Currency","Currency","Currency","Currency","Currency","Currency","Currency","Currency","Currency","Currency","Currency","Currency","Currency","Currency","Currency","Currency","Currency"
"Multiplier:","1e+09","1e+09","1e+09","1e+09","1e+09","1e+09","1e+09","1e+09","1e+09","1e+09","1e+09","1e+09","1e+09","1e+09","1e+09","1e+09","1e+09","1e+09","1e+09","1e+09","1e+09","1000000","1e+09","1e+09","1e+09","1e+09","1e+09","1e+09","1e+09"
"Currency:","USD","USD","USD","USD","USD","USD","USD","USD","USD","USD","USD","USD","USD","USD","USD","USD","USD","USD","USD","USD","USD","USD","USD","USD","USD","USD","USD","USD","USD"
"Unique Identifier: ","H6/H6_M1/M1_N.M","H6/H6_M2/M2_N.M","H6/H6_M1/MCU_N.M","H6/H6_M1/MDD_N.M","H6/H6_M1/MDL_N.M","H6/H6_M2/MDTS_N.M","H6/H6_M2/MMFGB_N.M","H6/H6_MEMO/MIKD_N.M","H6/H6_MEMO/MIKM_N.M","H6/H6_MEMO/MIK_N.M","H6/H6_M1/M1.M","H6/H6_M2/M2.M","H6/H6_M1/MCU.M","H6/H6_M1/MDD.M","H6/H6_M1/MDL.M","H6/H6_M2/MDTS.M","H6/H6_M2/MMFGB.M","H6/H6_MBASE/RESMOC14A_N.M","H6/H6_MBASE/RESMOB14A_N.M","H6/H6_MBASE/RESMO14A_N.M","H6/H6_MEMO/RESTR14A_N.M","H6/H6_MEMO/RESBR14A_N.M","H6/H6_MEMO/RESNB14A_N.M","H6/H6_M1/MDO_N.M","H6/H6_M2/MDU_N.M","H6/H6_M1/MTC_N.M","H6/H6_M1/MDO.M","H6/H6_M2/MDU.M","H6/H6_M1/MTC.M"
"Time Period","M1_N.M","M2_N.M","MCU_N.M","MDD_N.M","MDL_N.M","MDTS_N.M","MMFGB_N.M","MIKD_N.M","MIKM_N.M","MIK_N.M","M1.M","M2.M","MCU.M","MDD.M","MDL.M","MDTS.M","MMFGB.M","RESMOC14A_N.M","RESMOB14A_N.M","RESMO14A_N.M","RESTR14A_N.M","RESBR14A_N.M","RESNB14A_N.M","MDO_N.M","MDU_N.M","MTC_N.M","MDO.M","MDU.M","MTC.M"
2014-01,2715.7,11126.7,1158.8,1078.4,,988.1,908.9,428.1,222.2,650.3,2728.2,11127.5,1163.5,1089.9,,994.7,884.1,1230.3,2498.2,3728.5,2556.4,127.3,2556.3,475.1,7164.2,3.5,471.4,7170.8,3.4
2014-02,2720.5,11179.0,1172.2,1075.3,,984.2,903.5,425.6,220.8,646.5,2744.7,11191.9,1172.8,1097.7,,984.1,883.4,1239.5,2593.9,3833.4,2650.1,104.2,2650.0,469.6,7217.3,3.4,470.8,7226.1,3.4
2014-03,2787.8,11303.2,1195.7,1104.8,,978.6,896.9,423.2,219.5,642.7,2763.7,11228.8,1189.3,1099.8,,978.4,881.4,1262.9,2623.0,3885.9,2676.7,104.7,2676.6,483.9,7282.6,3.4,471.3,7247.9,3.4
2014-04,2824.4,11356.4,1204.6,1126.7,,973.2,888.6,421.9,218.0,639.9,2788.8,11276.0,1197.8,1111.9,,971.9,884.0,1270.3,2660.4,3930.7,2714.9,116.6,2714.8,489.8,7310.1,3.3,475.8,7271.1,3.3
2014-05,2797.3,11299.4,1210.3,1109.0,,970.4,878.6,421.4,216.5,638.0,2800.5,11343.1,1205.0,1117.6,,966.5,886.9,1276.3,2635.2,3911.5,2688.4,138.8,2688.2,474.6,7291.1,3.3,474.6,7327.1,3.3
2014-06,2840.1,11361.3,1213.4,1142.7,,966.9,872.7,421.0,215.0,636.0,2832.5,11398.4,1212.2,1138.3,,960.3,885.6,1280.3,2668.4,3948.7,2722.3,179.4,2722.1,480.7,7317.6,3.2,478.7,7356.0,3.2
2014-07,2856.8,11417.4,1217.8,1157.6,,966.2,868.5,421.7,214.9,636.6,2852.8,11452.5,1218.4,1150.0,,956.7,883.2,1285.1,2704.0,3989.1,2759.0,230.5,2758.8,478.2,7362.5,3.2,481.1,7396.4,3.2
2014-08,2806.0,11448.1,1221.2,1109.2,,963.0,875.1,423.0,215.7,638.7,2802.7,11477.8,1224.0,1097.5,,957.2,887.4,1288.2,2786.9,4075.0,2842.0,278.4,2841.8,472.4,7442.6,3.2,478.1,7469.2,3.2
2014-09,2850.7,11495.8,1222.8,1158.2,,958.1,873.2,424.4,216.4,640.8,2877.6,11520.7,1227.7,1172.8,,956.1,882.8,1289.9,2759.3,4049.2,2814.5,300.1,2814.2,466.6,7454.7,3.1,474.0,7445.0,3.1
2014-10,2881.4,11563.4,1228.1,1182.5,,956.2,877.6,426.1,216.2,642.3,2896.9,11596.5,1232.2,1184.8,,958.6,887.3,1295.8,2705.7,4001.5,2760.3,221.1,2760.1,467.8,7490.6,3.1,476.8,7496.2,3.1
2014-11,2877.8,11640.1,1239.2,1170.1,,952.1,869.7,428.4,214.7,643.1,2905.1,11638.9,1241.9,1183.4,,958.9,876.2,1310.8,2519.6,3830.4,2575.1,130.4,2575.0,465.6,7583.6,3.0,476.7,7541.8,3.0
2014-12,3009.0,11786.1,1254.3,1262.2,,949.0,872.8,430.7,213.2,643.9,2972.3,11721.2,1253.4,1231.4,,961.6,864.2,1327.8,2606.7,3934.5,2665.9,101.7,2665.8,489.5,7599.2,2.9,484.6,7567.0,2.9
2015-01,2958.3,11785.2,1259.6,1205.8,,946.8,878.3,431.2,211.4,642.6,2973.0,11806.2,1266.9,1216.3,,960.5,856.3,1333.4,2683.7,4017.1,2745.6,66.1,2745.5,490.1,7644.3,2.9,486.8,7659.0,2.9
2015-02,2997.2,11873.5,1272.9,1226.6,,943.9,867.1,429.6,209.4,639.0,3043.2,11920.7,1276.6,1266.1,,949.8,847.2,1343.6,2496.9,3840.5,2556.1,18.3,2556.1,494.9,7704.3,2.9,497.7,7719.4,2.9
2015-03,3041.6,11983.0,1285.3,1242.6,,932.6,860.4,427.9,207.4,635.3,3018.9,11919.1,1281.1,1237.4,,938.0,844.4,1355.4,2675.2,4030.6,2732.9,20.0,2732.8,510.9,7783.6,2.8,497.6,7753.1,2.8
2015-04,3053.5,12031.3,1290.8,1245.2,,923.3,851.1,427.7,206.3,634.1,3020.6,11953.4,1285.3,1230.7,,924.3,844.5,1360.4,2699.0,4059.4,2756.7,51.5,2756.7,514.7,7837.4,2.8,501.8,7798.1,2.8
2015-05,2994.2,11934.7,1295.2,1198.1,,915.9,838.4,429.6,206.8,636.4,2996.7,11981.9,1289.2,1205.1,,911.9,843.1,1365.0,2584.4,3949.4,2641.7,87.1,2641.6,498.1,7822.7,2.7,499.7,7866.6,2.7
2015-06,3039.3,11990.6,1296.0,1235.3,,909.1,842.0,431.5,207.3,638.8,3033.4,12020.9,1293.3,1232.6,,899.6,851.2,1366.5,2553.1,3919.6,2611.1,149.7,2611.0,505.3,7839.1,2.7,504.8,7875.6,2.7
2015-07,3057.3,12041.9,1301.1,1251.2,,902.3,846.5,434.6,208.8,643.4,3053.8,12063.5,1300.3,1242.7,,889.7,856.9,1370.4,2590.8,3961.2,2649.3,185.6,2649.1,502.3,7879.3,2.7,508.2,7906.5,2.7
2015-08,3041.5,12099.4,1306.2,1234.6,,895.3,854.7,439.4,211.5,651.0,3033.2,12110.1,1308.4,1221.7,,885.7,866.1,1375.8,2608.3,3984.0,2666.1,235.0,2665.8,498.0,7958.9,2.6,500.5,7976.1,2.6
2015-09,3035.7,12166.6,1313.8,1219.9,,884.8,868.2,444.3,214.3,658.6,3057.6,12172.7,1316.4,1232.3,,877.3,878.8,1384.5,2644.0,4028.5,2701.3,255.6,2701.0,499.3,8036.5,2.6,506.4,8017.5,2.6
2015-10,3031.6,12201.0,1321.6,1209.0,,881.2,868.0,447.6,214.7,662.2,3037.6,12228.4,1324.4,1205.2,,880.5,882.5,1392.3,2668.2,4060.5,2725.9,194.1,2725.7,498.5,8082.3,2.6,505.4,8090.1,2.6
2015-11,3076.2,12328.4,1330.7,1244.3,,876.6,868.8,449.1,212.4,661.5,3094.7,12322.7,1332.4,1253.6,,882.1,880.3,1404.6,2602.1,4006.7,2660.3,115.2,2660.2,498.7,8168.3,2.5,506.2,8127.1,2.5
2015-12,3161.3,12458.0,1340.4,1299.2,,871.5,892.3,450.7,210.0,660.7,3126.1,12393.6,1339.7,1268.9,,885.4,885.8,1416.0,2419.8,3835.8,2481.2,105.5,2481.1,519.2,8193.6,2.5,515.0,8157.0,2.5
2016-01,3114.5,12509.6,1339.4,1258.1,,871.0,983.3,452.9,211.0,663.8,3125.1,12522.2,1345.6,1262.0,,886.2,963.8,1416.6,2376.1,3792.7,2440.0,76.8,2439.9,514.6,8204.6,2.5,515.0,8211.0,2.5
2016-02,3117.3,12548.6,1351.1,1249.3,,871.6,993.0,455.6,215.2,670.9,3167.9,12604.4,1356.7,1293.3,,880.7,973.4,1423.7,2448.8,3872.5,2510.9,34.0,2510.8,514.5,8237.6,2.4,515.5,8253.3,2.4
2016-03,3200.8,12716.6,1365.7,1302.7,,868.9,981.4,458.4,219.5,678.0,3193.6,12662.2,1363.3,1300.2,,877.0,964.2,1438.0,2460.4,3898.4,2519.7,21.4,2519.7,530.0,8343.4,2.4,527.6,8305.4,2.4
2016-04,3255.8,12810.5,1373.4,1348.6,,866.4,966.6,460.7,221.8,682.5,3237.8,12741.9,1369.3,1337.5,,866.0,961.6,1445.2,2427.7,3872.9,2487.0,62.8,2486.9,531.4,8404.2,2.4,528.5,8359.0,2.4
2016-05,3256.4,12742.2,1380.4,1350.7,,864.6,956.0,462.5,221.8,684.2,3259.6,12800.7,1376.0,1354.9,,859.5,962.0,1452.4,2384.1,3836.5,2443.8,78.8,2443.7,523.0,8349.4,2.3,526.4,8403.8,2.3
2016-06,3268.8,12822.6,1383.7,1355.2,,862.8,943.8,464.2,221.7,686.0,3269.6,12849.3,1381.1,1357.0,,851.6,955.8,1458.4,2367.0,3825.5,2427.5,129.5,2427.3,527.6,8433.1,2.3,529.1,8458.2,2.3
2016-07,3266.9,12884.2,1389.2,1353.1,,863.6,936.9,467.7,223.1,690.8,3263.5,12907.3,1388.0,1349.2,,850.2,948.1,1462.9,2309.7,3772.5,2371.2,204.5,2371.0,522.3,8507.7,2.3,524.0,8536.4,2.3
2016-08,3341.4,12981.3,1391.9,1412.6,,861.9,923.5,473.1,226.1,699.1,3326.2,12986.7,1393.2,1394.9,,851.7,934.2,1464.4,2352.3,3816.7,2413.5,207.1,2413.3,534.6,8553.6,2.3,535.9,8573.8,2.3
2016-09,3319.1,13047.1,1396.7,1387.4,,861.0,905.3,478.3,228.9,707.2,3331.2,13052.7,1397.6,1399.2,,851.6,917.1,1470.6,2265.3,3735.9,2325.1,206.3,2324.9,532.7,8668.9,2.2,532.2,8660.0,2.2
2016-10,3350.6,13105.6,1403.3,1410.1,,858.9,908.7,482.3,231.7,714.0,3340.5,13124.5,1404.5,1397.5,,857.1,919.3,1477.0,2095.1,3572.1,2156.1,124.5,2155.9,535.0,8701.4,2.2,536.3,8721.7,2.2
2016-11,3351.8,13217.4,1412.6,1399.7,,855.9,931.0,485.2,234.4,719.6,3361.5,13214.2,1413.2,1410.4,,861.9,939.2,1489.5,2140.3,3629.8,2201.7,39.2,2201.6,537.3,8798.4,2.2,535.7,8771.2,2.2
2016-12,3407.6,13326.0,1422.4,1432.4,,851.6,943.8,488.1,237.0,725.2,3370.6,13240.6,1420.8,1400.3,,866.2,933.3,1500.6,2031.0,3531.6,2095.3,39.0,2095.2,550.7,8848.1,2.2,547.4,8795.6,2.2
2017-01,3412.4,13308.0,1423.2,1425.4,,851.0,949.5,488.6,238.2,726.8,3423.9,13318.9,1429.6,1430.3,,865.1,930.0,1502.7,2092.8,3595.5,2158.5,16.0,2158.5,561.6,8821.9,2.1,561.9,8826.6,2.1
2017-02,3382.1,13332.5,1433.4,1393.6,,853.0,942.9,487.1,238.1,725.2,3436.5,13395.2,1439.2,1441.2,,862.0,924.3,1508.4,2238.0,3746.4,2302.9,20.5,2302.9,552.9,8879.7,2.1,554.0,8897.6,2.1
2017-03,3501.6,13519.1,1453.1,1467.9,,853.7,946.9,485.6,238.0,723.6,3496.4,13464.6,1450.9,1467.6,,862.9,929.9,1530.0,2326.3,3856.3,2387.8,12.2,2387.8,578.6,8940.4,2.1,575.9,8899.0,2.1
2017-04,3513.7,13592.8,1465.1,1470.0,,857.6,943.3,483.7,236.7,720.4,3493.7,13520.3,1461.2,1456.8,,857.5,938.2,1540.3,2281.4,3821.7,2344.8,45.3,2344.8,576.6,8998.6,2.1,573.5,8951.3,2.1
2017-05,3542.0,13502.6,1473.9,1489.1,,861.4,932.1,481.3,234.4,715.7,3545.6,13567.4,1469.1,1493.6,,855.8,938.4,1548.6,2225.8,3774.4,2288.9,55.5,2288.9,576.9,8882.7,2.1,580.9,8943.2,2.1
2017-06,3552.9,13551.6,1479.9,1501.1,,866.9,925.6,478.9,232.1,711.0,3552.6,13577.0,1477.2,1501.9,,855.0,937.5,1556.2,2206.5,3762.8,2269.7,95.2,2269.6,569.8,8917.2,2.0,571.5,8942.8,2.0
2017-07,3573.7,13614.9,1485.7,1520.4,,873.8,926.3,477.6,231.7,709.3,3570.0,13638.5,1484.7,1515.9,,860.2,937.8,1562.1,2233.3,3795.4,2296.9,165.8,2296.8,565.5,8950.4,2.0,567.4,8979.9,2.0
2017-08,3614.3,13685.0,1490.7,1546.5,,881.4,935.6,477.4,233.1,710.6,3601.8,13695.0,1492.3,1531.0,,871.0,947.4,1566.0,2344.0,3910.0,2407.2,219.7,2407.0,575.1,8964.4,2.0,576.5,8985.4,2.0
2017-09,3568.2,13737.5,1499.7,1497.0,,891.7,942.6,477.3,234.5,711.8,3578.9,13743.0,1499.8,1508.2,,881.9,955.4,1578.8,2295.7,3874.5,2357.9,223.8,2357.7,569.6,9046.8,2.0,569.0,9038.6,2.0
2017-10,3627.9,13783.5,1507.6,1542.2,,897.4,944.7,477.2,235.1,712.3,3617.1,13801.5,1508.9,1528.8,,895.3,955.1,1584.2,2245.7,3829.9,2310.9,150.9,2310.8,576.2,9025.9,1.9,577.5,9046.4,1.9
2017-11,3629.8,13853.2,1514.8,1528.6,,900.7,946.6,477.3,235.1,712.3,3639.7,13849.1,1516.0,1539.1,,907.8,954.0,1593.3,2314.5,3907.7,2378.3,64.8,2378.2,584.5,9088.4,1.9,582.7,9060.0,1.9
2017-12,3679.5,13978.9,1527.4,1553.5,,904.0,961.7,477.3,235.0,712.3,3637.1,13887.3,1525.5,1516.5,,919.5,951.1,1606.7,2244.3,3851.0,2309.8,75.4,2309.7,596.7,9146.1,1.9,593.1,9091.9,1.9
2018-01,3679.1,13897.5,1528.7,1539.8,,910.7,967.7,477.1,233.5,710.6,3691.7,13902.4,1534.6,1546.7,,924.5,946.7,1610.2,2214.6,3824.8,2281.0,57.9,2281.0,608.6,9050.6,1.9,608.6,9050.1,1.9
2018-02,3593.6,13884.3,1538.2,1460.8,,918.1,970.6,476.9,230.9,707.8,3649.1,13949.8,1544.3,1509.0,,927.9,951.4,1616.3,2238.8,3855.1,2305.3,20.3,2305.2,592.6,9109.8,1.9,593.9,9129.2,1.9
2018-03,3716.2,14067.1,1555.3,1541.2,,927.5,971.6,476.6,228.3,704.9,3713.7,14014.5,1553.0,1543.9,,939.4,953.4,1633.6,2167.0,3800.6,2230.9,16.0,2230.9,617.9,9156.7,1.9,615.0,9112.9,1.9
2018-04,3726.1,14105.8,1564.9,1532.7,,940.0,966.2,476.0,227.5,703.5,3705.9,14034.8,1561.5,1519.1,,940.5,960.5,1640.9,2086.2,3727.1,2151.0,50.6,2151.0,626.6,9177.0,1.8,623.5,9131.4,1.8
2018-05,3683.7,14017.4,1575.9,1493.8,,952.7,969.2,475.1,228.1,703.3,3689.5,14091.0,1571.3,1499.6,,946.1,976.9,1652.3,2022.5,3674.8,2086.6,93.9,2086.5,612.3,9115.1,1.8,616.7,9181.7,1.8
2018-06,3684.6,14112.7,1584.5,1489.1,,966.3,975.7,474.3,228.8,703.1,3681.1,14133.2,1580.8,1487.5,,951.8,988.8,1662.3,1988.2,3650.5,2052.7,143.2,2052.6,609.3,9189.2,1.8,611.0,9214.6,1.8
2018-07,3708.0,14148.2,1590.1,1507.4,,978.3,984.1,474.5,230.1,704.6,3701.7,14170.0,1589.4,1499.8,,962.3,997.8,1668.5,1949.8,3618.3,2014.6,224.1,2014.4,608.7,9182.5,1.8,610.7,9212.9,1.8
2018-08,3716.8,14203.2,1596.2,1501.7,,989.0,993.9,475.6,232.0,707.6,3709.7,14221.3,1598.1,1491.2,,977.9,1008.5,1673.3,1911.2,3584.5,1976.1,260.6,1975.8,617.2,9211.1,1.8,618.6,9232.8,1.8
2018-09,3700.3,14237.2,1606.9,1480.0,,1001.5,1007.8,476.6,233.9,710.5,3710.4,14243.9,1607.2,1490.2,,991.0,1022.0,1686.0,1873.9,3559.8,1938.0,290.2,1937.7,611.7,9238.0,1.7,611.2,9230.9,1.7
2018-10,3746.6,14238.8,1612.4,1506.4,,1010.9,1024.9,481.2,239.4,720.6,3736.8,14257.6,1613.3,1494.2,,1008.2,1034.8,1690.8,1830.0,3520.9,1895.8,209.2,1895.6,626.2,9177.1,1.7,627.6,9198.5,1.7
2018-11,3705.1,14293.5,1618.5,1467.1,,1026.2,1046.8,488.3,247.5,735.8,3713.7,14288.4,1619.8,1476.3,,1034.6,1053.5,1701.0,1775.3,3476.3,1840.8,96.6,1840.7,617.8,9251.2,1.7,615.8,9222.4,1.7
2018-12,3826.4,14489.0,1626.7,1563.8,,1042.0,1081.4,495.4,255.5,750.8,3780.7,14392.0,1624.9,1523.8,,1058.6,1070.0,1709.4,1691.4,3400.7,1759.9,75.7,1759.8,634.2,9290.0,1.7,630.4,9233.5,1.7
2019-01,3774.2,14465.2,1623.6,1510.1,,1060.5,1134.3,492.7,258.8,751.5,3787.8,14460.2,1629.5,1518.3,,1074.7,1107.7,1707.8,1639.0,3346.9,1707.3,26.2,1707.2,640.4,9247.7,,640.0,9241.4,
2019-02,3730.3,14443.2,1628.5,1481.5,,1076.0,1136.0,484.3,258.9,743.1,3785.5,14506.6,1634.9,1529.1,,1088.5,1112.5,1708.2,1645.2,3353.5,1713.7,19.0,1713.7,620.3,9244.0,,621.6,9263.2,
2019-03,3781.9,14614.3,1641.6,1490.6,,1087.3,1149.1,475.8,259.0,734.8,3782.3,14559.5,1639.7,1496.2,,1103.6,1126.1,1720.2,1661.3,3381.5,1725.9,15.0,1725.9,649.8,9330.8,,646.4,9282.3,
2019-04,3848.9,14665.0,1649.3,1526.6,,1096.4,1152.8,472.0,261.4,733.3,3827.7,14594.0,1645.4,1512.7,,1098.3,1146.0,1727.2,1559.4,3286.7,1623.9,29.6,1623.9,672.9,9300.3,,669.7,9255.3,
2019-05,3817.6,14618.1,1655.6,1507.7,,1100.1,1155.0,471.8,265.5,737.3,3824.4,14703.2,1651.2,1513.4,,1091.8,1165.7,1733.2,1511.3,3244.5,1576.3,55.7,1576.3,654.4,9282.7,,659.7,9358.7,
2019-06,3858.9,14779.3,1660.0,1550.2,,1109.7,1167.3,471.6,269.5,741.2,3853.8,14798.8,1656.3,1546.9,,1091.6,1183.6,1739.0,1535.9,3274.8,1601.3,79.6,1601.2,648.7,9384.5,,650.5,9411.0,
2019-07,3892.3,14860.7,1666.2,1572.0,,1110.4,1192.5,472.5,275.3,747.8,3884.2,14882.7,1665.1,1562.8,,1091.3,1210.2,1746.8,1513.6,3260.3,1578.6,120.1,1578.5,654.1,9413.3,,656.3,9444.8,
2019-08,3880.7,14944.2,1671.5,1553.2,,1109.3,1214.5,474.0,282.4,756.4,3877.5,14974.4,1673.1,1546.8,,1098.2,1235.1,1750.5,1520.9,3271.4,1586.8,116.9,1586.7,656.0,9496.1,,657.6,9520.1,
2019-09,3909.2,15036.9,1683.8,1566.3,,1104.8,1241.8,475.5,289.3,764.9,3916.9,15047.2,1684.5,1573.8,,1095.1,1260.5,1762.9,1439.8,3202.7,1504.8,101.5,1504.7,659.0,9546.0,,658.6,9539.6,
2019-10,3955.3,15162.1,1692.3,1600.7,,1096.8,1273.8,477.6,294.6,772.2,3947.4,15185.6,1693.7,1589.9,,1094.3,1284.8,1771.3,1481.5,3252.8,1547.1,62.8,1547.1,662.3,9608.4,,663.9,9631.3,
2019-11,3954.7,15308.1,1704.3,1595.3,,1087.7,1294.2,480.0,298.7,778.7,3962.6,15301.3,1705.0,1604.6,,1096.2,1301.0,1786.2,1529.3,3315.6,1595.2,26.1,1595.2,655.0,9750.2,,653.0,9720.1,
2019-12,4069.9,15459.4,1713.1,1675.5,,1078.8,1305.9,482.3,302.8,785.2,4020.3,15351.5,1711.5,1631.8,,1094.0,1294.0,1796.4,1630.1,3426.5,1698.3,21.4,1698.3,681.3,9790.0,,677.0,9728.4,
2020-01,4010.3,15444.7,1714.0,1613.6,,1075.0,1327.0,495.6,313.2,808.7,4026.4,15425.0,1719.9,1624.8,,1087.8,1293.1,1797.2,1645.4,3442.6,1715.2,5.8,1715.2,682.7,9841.2,,681.7,9826.4,
2020-02,3971.1,15433.7,1718.2,1588.3,,1071.6,1337.7,522.5,331.2,853.7,4024.9,15492.8,1724.4,1634.5,,1084.8,1309.0,1797.5,1657.0,3454.5,1726.9,3.2,1726.9,664.6,9907.0,,666.0,9927.8,
2020-03,4318.2,16102.6,1747.4,1856.6,,1065.6,1395.7,549.6,349.2,898.8,4322.9,16034.4,1746.2,1866.7,,1082.6,1366.0,1838.0,2045.1,3883.1,2099.4,40553.7,2058.8,714.2,10222.0,,710.0,10161.7,
2020-04,4881.2,17146.5,1784.3,2081.6,,1063.8,1467.8,566.0,361.4,927.3,4856.4,17064.0,1780.8,2065.1,,1065.8,1458.2,1891.3,2953.6,4844.9,2953.6,124460.6,2829.1,1015.2,10661.1,,1010.5,10611.0,
2020-05,16199.8,17812.8,1824.3,2162.4,12213.0,1047.0,1496.6,566.2,364.3,930.5,16312.5,17931.9,1819.1,2169.7,12323.7,1038.5,1511.4,1931.8,3217.6,5149.4,3217.6,111844.6,3105.8,,,,,,
2020-06,16572.9,18150.0,1857.1,2253.3,12462.4,1018.4,1492.5,566.4,367.4,933.8,16598.6,18180.0,1852.4,2245.6,12500.6,1000.9,1514.2,1958.3,3043.6,5001.8,3043.6,97671.4,2945.9,,,,,,
2020-07,16774.4,18298.3,1884.2,2297.7,12592.5,988.4,1476.5,570.0,371.1,941.0,16801.3,18331.4,1883.2,2281.7,12636.4,971.3,1499.8,1981.7,2718.5,4700.3,2718.5,92943.3,2625.6,,,,,,
2020-08,16897.4,18363.9,1908.8,2311.5,12677.1,959.3,1460.9,577.9,375.8,953.7,16927.6,18413.3,1910.3,2306.7,12710.6,951.1,1488.3,2007.6,2799.7,4807.4,2799.7,83125.6,2716.6,,,,,,
2020-09,17164.1,18585.2,1929.2,2424.6,12810.3,935.8,1451.7,585.9,380.5,966.4,17166.2,18605.0,1929.5,2432.4,12804.3,930.1,1475.1,2027.5,2852.8,4880.3,2852.8,78387.1,2774.4,,,,,,
2020-10,17346.3,18728.0,1944.1,2464.9,12937.3,907.6,1449.9,592.9,382.8,975.7,17368.1,18759.9,1945.8,2453.3,12968.9,906.6,1460.8,2040.5,2876.6,4917.1,2876.6,74058.7,2802.6,,,,,,
2020-11,17663.5,19015.4,1957.9,2790.1,12915.5,875.3,1457.8,598.7,382.5,981.2,17638.8,19002.4,1959.9,2803.8,12875.1,880.8,1463.9,2058.3,3034.7,5093.0,3034.7,66597.5,2968.1,,,,,,
2020-12,17968.0,19279.3,1973.8,3393.3,12600.9,853.1,1445.0,604.7,382.1,986.8,17809.3,19119.4,1972.3,3315.8,12521.2,862.0,1434.9,2071.6,3135.0,5206.5,3135.0,58684.6,3076.3,,,,,,
2021-01,18101.5,19400.3,1988.4,3405.5,12707.5,836.4,1449.4,606.6,380.3,986.9,18106.3,19375.3,1994.5,3430.4,12681.4,845.3,1410.7,2094.2,3153.8,5248.0,3153.8,52590.8,3101.2,,,,,,
2021-02,18273.3,19545.3,1999.5,3564.6,12709.2,814.7,1438.7,604.4,376.9,981.4,18390.5,19641.4,2007.2,3650.2,12733.1,825.3,1406.9,2100.9,3345.9,5446.8,3345.9,53475.8,3292.5,,,,,,
2021-03,18725.8,19961.4,2020.1,3799.7,12905.9,794.7,1416.8,602.3,373.6,975.9,18657.4,19874.5,2018.7,3817.8,12820.8,807.2,1385.8,2117.8,3721.3,5839.0,3721.3,57950.3,3663.3,,,,,,
2021-04,19080.4,20279.0,2053.1,3873.6,13153.7,777.9,1389.9,599.5,369.7,969.2,18983.5,20174.2,2049.0,3844.0,13090.5,779.7,1380.2,2154.8,3887.3,6042.1,3887.3,66805.2,3820.5,,,,,,
2021-05,19162.6,20325.7,2068.3,4049.2,13045.1,762.9,1361.3,596.0,365.2,961.2,19287.9,20457.5,2062.2,4053.9,13171.8,756.5,1374.3,2169.5,3872.4,6041.9,3872.4,80781.7,3791.6,,,,,,
2021-06,19299.9,20442.8,2080.5,4285.8,12933.6,750.8,1345.1,592.5,360.6,953.1,19323.5,20472.7,2074.6,4273.0,12976.0,738.3,1364.0,2179.0,3848.1,6027.0,3848.1,87746.0,3760.3,,,,,,
2021-07,19471.8,20596.8,2086.6,4448.3,12936.9,739.9,1335.0,591.5,358.3,949.9,19496.2,20630.0,2084.5,4427.1,12984.6,727.7,1355.9,2186.3,3943.9,6130.2,3943.9,87621.1,3856.3,,,,,,
2021-08,19682.6,20788.4,2091.0,4511.1,13080.5,728.0,1330.1,593.6,358.6,952.3,19717.7,20844.1,2092.2,4506.7,13118.9,722.7,1355.9,2188.6,4140.1,6328.7,4140.1,80766.7,4059.3,,,,,,
2021-09,19867.1,20961.5,2098.5,4518.9,13249.7,717.8,1331.3,595.7,359.0,954.7,19871.3,20985.5,2100.1,4525.2,13246.0,714.6,1354.3,2195.6,4193.2,6388.8,4193.2,68567.7,4124.6,,,,,,
2021-10,20038.7,21126.3,2106.2,4628.4,13304.1,709.5,1335.2,597.7,359.4,957.1,20066.5,21164.2,2108.3,4620.6,13337.5,709.4,1345.4,2202.8,4128.1,6330.9,4128.1,54558.8,4073.5,,,,,,
2021-11,20280.1,21356.2,2116.5,4675.8,13487.9,700.5,1335.3,599.7,360.1,959.8,20256.4,21341.0,2118.2,4693.4,13444.8,704.2,1340.1,2214.1,4180.6,6394.7,4180.6,45317.6,4135.3,,,,,,
2021-12,20604.0,21681.6,2129.3,4833.1,13641.7,691.6,1348.3,601.7,360.7,962.4,20425.6,21502.8,2128.4,4741.8,13555.5,697.3,1342.3,2225.1,4187.9,6413.1,4187.9,38082.2,4149.9,,,,,,
2022-01,20574.3,21668.9,2133.5,4826.2,13614.5,685.3,1379.6,606.5,363.8,970.3,20582.7,21647.4,2140.2,4860.9,13581.6,692.2,1342.8,2232.7,3871.1,6103.9,3871.1,32055.1,3839.1,,,,,,
2022-02,20551.8,21619.9,2141.7,4753.8,13656.3,674.6,1376.2,613.7,369.0,982.7,20678.9,21725.6,2150.2,4848.6,13680.1,683.4,1346.1,2235.4,3804.5,6039.9,3804.5,28714.6,3775.8,,,,,,
2022-03,20833.8,21892.8,2164.7,4884.5,13784.7,669.0,1385.1,621.0,374.2,995.2,20750.4,21788.1,2164.2,4898.2,13688.0,678.2,1354.7,2259.6,3874.7,6134.3,3874.7,26205.8,3848.5,,,,,,
2022-04,20853.9,21884.8,2175.0,4957.7,13721.3,667.2,1373.0,628.8,380.5,1009.3,20747.2,21768.4,2169.4,4925.3,13652.6,668.6,1361.9,2269.6,3615.4,5885.0,3615.4,23960.3,3591.4,,,,,,
2022-05,20577.9,21589.6,2180.2,5011.0,13386.6,675.7,1361.1,637.1,388.0,1025.1,20700.5,21718.0,2173.6,5010.0,13516.9,670.5,1372.1,2273.5,3317.9,5591.3,3317.9,21882.7,3296.0,,,,,,
2022-06,20577.0,21614.3,2183.4,5021.5,13372.1,695.7,1382.6,645.5,395.5,1041.0,20601.9,21647.0,2177.8,5006.0,13418.1,685.4,1400.7,2277.8,3228.4,5506.3,3228.4,21422.5,3207.0,,,,,,
2022-07,20516.3,21609.6,2184.8,5035.6,13295.8,722.3,1417.2,644.9,401.3,1046.2,20544.6,21649.3,2181.7,5015.9,13347.1,711.7,1439.1,2278.3,3258.7,5536.9,3258.7,19540.9,3239.1,,,,,,
2022-08,20432.5,21584.8,2185.9,5254.7,12991.9,759.5,1433.2,634.9,405.4,1040.3,20468.1,21641.9,2185.9,5248.7,13033.5,753.9,1460.2,2276.1,3305.9,5582.0,3305.9,18755.2,3287.2,,,,,,
2022-09,20286.4,21507.2,2188.8,5182.7,12914.9,791.7,1463.6,625.1,409.5,1034.6,20298.5,21541.3,2191.0,5191.5,12916.0,788.6,1488.8,2279.7,3131.4,5411.1,3131.4,20293.4,3111.1,,,,,,
2022-10,20089.2,21412.0,2194.5,5149.8,12744.8,839.2,1510.5,612.5,414.3,1026.8,20128.9,21464.1,2197.1,5154.6,12777.2,839.3,1522.7,2284.6,3055.7,5340.3,3055.7,19827.5,3035.9,,,,,,
2022-11,19992.0,21421.7,2200.7,5146.7,12644.6,894.3,1552.4,597.0,420.0,1017.0,19971.1,21409.5,2202.5,5164.6,12603.9,897.6,1557.8,2293.1,3126.2,5419.4,3126.2,19177.9,3107.0,,,,,,
2022-12,19894.9,21448.4,2208.6,5180.7,12505.6,961.2,1599.6,581.8,425.6,1007.3,19737.9,21293.2,2207.7,5103.4,12426.8,967.1,1595.5,2298.7,3107.3,5406.0,3107.3,17300.4,3090.0,,,,,,
2023-01,19592.5,21302.2,2205.2,5097.0,12290.3,1016.9,1689.4,563.9,432.7,996.6,19596.9,21274.0,2212.4,5121.7,12262.9,1026.9,1646.7,2299.1,3029.9,5329.0,3029.9,15718.7,3014.2,,,,,,
2023-02,19319.4,21147.8,2209.5,5078.4,12031.4,1075.5,1738.5,544.9,440.7,985.6,19434.1,21240.2,2218.7,5166.8,12048.6,1089.2,1702.4,2299.8,3021.8,5321.6,3021.8,15605.5,3006.2,,,,,,
2023-03,19078.7,21053.5,2221.9,5123.1,11733.7,1146.5,1802.9,525.9,448.7,974.6,18993.7,20942.3,2222.0,5121.7,11650.0,1159.5,1763.7,2313.1,3258.4,5571.5,3258.4,215337.9,3043.1,,,,,,
2023-04,18745.5,20869.7,2233.3,5033.9,11478.3,1241.0,1854.2,512.7,458.3,971.0,18647.6,20758.4,2228.0,5001.7,11417.9,1243.6,1838.2,2323.7,3269.5,5593.1,3269.5,329661.6,2939.8,,,,,,
2023-05,18492.0,20734.3,2246.2,5013.1,11232.7,1315.4,1901.8,505.6,469.3,974.9,18582.5,20829.5,2238.6,5006.5,11337.3,1307.4,1914.5,2334.0,3235.6,5569.6,3235.6,307190.2,2928.4,,,,,,
2023-06,18433.3,20771.0,2251.6,4982.0,11199.7,1371.3,1945.2,498.4,480.3,978.8,18454.5,20798.9,2245.8,4970.8,11237.8,1355.0,1968.2,2342.9,3265.6,5608.5,3265.6,291302.6,2974.3,,,,,,
2023-07,18337.8,20751.3,2247.8,4994.2,11095.8,1412.3,1983.2,490.9,491.2,982.1,18367.4,20792.2,2244.2,4983.2,11139.9,1394.9,2012.0,2339.1,3178.7,5517.8,3178.7,271936.9,2906.8,,,,,,
2023-08,18231.6,20727.0,2243.2,4953.1,11035.3,1449.4,2030.9,482.7,502.3,985.0,18262.7,20782.0,2243.3,4946.8,11072.6,1437.7,2066.6,2331.1,3228.0,5559.0,3228.0,256758.8,2971.2,,,,,,
2023-09,18141.0,20710.0,2239.4,4945.6,10956.0,1479.4,2077.3,474.7,513.0,987.8,18158.2,20753.6,2240.6,4956.2,10961.3,1471.7,2111.5,2327.6,3239.6,5567.2,3239.6,222200.9,3017.4,,,,,,
2023-10,18025.4,20675.5,2237.7,4968.9,10818.7,1509.5,2134.7,470.8,523.3,994.1,18069.4,20737.5,2240.2,4983.3,10845.9,1509.3,2152.8,2324.7,3276.5,5601.2,3276.5,171890.8,3104.6,,,,,,
2023-11,18017.6,20750.4,2241.1,4962.0,10814.6,1547.2,2188.9,470.0,533.3,1003.3,18005.3,20749.7,2243.6,4982.1,10779.6,1551.6,2196.1,2327.9,3403.5,5731.3,3403.5,153339.4,3250.1,,,,,,
2023-12,18112.7,20907.2,2247.7,5065.8,10799.2,1575.6,2231.4,469.3,543.2,1012.4,17979.3,20779.9,2246.7,5001.2,10731.5,1584.3,2228.7,2335.2,3492.0,5827.2,3492.0,133489.5,3358.5,,,,,,