horizon,model,period,N,prevalence,brier,brier_skill_vs_M0,log_loss,auc,balanced_accuracy,bss_median,bss_min,bss_max,n_offsets_bss_gt0,n_offsets,brier_m0,low_n,note
4,M0,FINAL_CLEAN_OOS_2024_2026,135,0.5185185185185185,0.25473353646144214,0.0,0.7028018375539136,0.39890109890109887,0.5,,,,,,,False,
4,M_MACRO,FINAL_CLEAN_OOS_2024_2026,135,0.5185185185185185,0.259858375075582,-0.02011842918419804,0.7159378666840592,0.5786813186813187,0.5137362637362637,-0.03519442069625933,-0.08710061469397634,0.07291100329374689,2.0,4.0,0.25473353646144214,False,
4,M0,CAL_2024,52,0.5961538461538461,0.2419943644133419,0.0,0.6770981534711397,0.3010752688172043,0.5,,,,,,,False,
4,M_MACRO,CAL_2024,52,0.5961538461538461,0.24070865221182325,0.005312984063226223,0.6780124577934237,0.5975422427035331,0.5460829493087558,,,,,,0.2419943644133419,False,
4,M0,CAL_2025,52,0.4423076923076923,0.2679834551879836,0.0,0.7295676621100278,0.1649175412293853,0.5,,,,,,,False,
4,M_MACRO,CAL_2025,52,0.4423076923076923,0.2748020752389079,-0.025444182910997926,0.7459152452880117,0.7331334332833583,0.5344827586206896,,,,,,0.2679834551879836,False,
4,M0,CAL_2026_YTD,31,0.5161290322580645,0.2538768000976051,0.0,0.7010201825663751,0.14583333333333331,0.5,,,,,,,False,
4,M_MACRO,CAL_2026_YTD,31,0.5161290322580645,0.2669136389601792,-0.05135104451277939,0.7292700465197856,0.44583333333333336,0.4770833333333333,,,,,,0.2538768000976051,False,
4,M_MACRO,NONOVERLAP_OFF00,34,,0.2701926335168018,-0.08710061469397634,,,,,,,,,0.24854427443485735,False,
4,M_MACRO,NONOVERLAP_OFF01,33,,0.274399924098484,-0.07252089709702636,,,,,,,,,0.255845760060431,False,
4,M_MACRO,NONOVERLAP_OFF02,34,,0.2567331051381599,0.002132055704507696,,,,,,,,,0.25728164393477615,False,
4,M_MACRO,NONOVERLAP_OFF03,34,,0.23853553016720297,0.07291100329374689,,,,,,,,,0.2572951798744977,False,
4,M_MACRO,NONOVERLAP_SUMMARY,4,,,-0.03519442069625933,,,,-0.03519442069625933,-0.08710061469397634,0.07291100329374689,2.0,4.0,,False,skipped_low_n=0
8,M0,FINAL_CLEAN_OOS_2024_2026,131,0.5038167938931297,0.2620390345388678,0.0,0.7178667090427859,0.26934731934731937,0.5,,,,,,,False,
8,M_MACRO,FINAL_CLEAN_OOS_2024_2026,131,0.5038167938931297,0.23307364955216517,0.1105384357627307,0.6459018054633887,0.7440559440559441,0.5625874125874126,0.1003810003959032,-0.05596969467698831,0.24128530982230756,7.0,8.0,0.2620390345388678,False,
8,M0,CAL_2024,52,0.5576923076923077,0.25240565980769836,0.0,0.6984018000653486,0.16191904047976013,0.5,,,,,,,False,
8,M_MACRO,CAL_2024,52,0.5576923076923077,0.19995180218587638,0.20781569502754127,0.5713160450685367,0.7721139430284858,0.5487256371814093,,,,,,0.25240565980769836,False,
8,M0,CAL_2025,52,0.4807692307692308,0.2678721638403548,0.0,0.7297639234326407,0.09185185185185187,0.5,,,,,,,False,
8,M_MACRO,CAL_2025,52,0.4807692307692308,0.24194249274355148,0.09679867711919765,0.6581763370961179,0.8592592592592593,0.5555555555555556,,,,,,0.2678721638403548,False,
8,M0,CAL_2026_YTD,27,0.4444444444444444,0.26935802573677486,0.0,0.7324415282485,0.3055555555555556,0.5,,,,,,,False,
8,M_MACRO,CAL_2026_YTD,27,0.4444444444444444,0.27978313907419966,-0.038703555644607146,0.7659086164126625,0.5666666666666667,0.6083333333333334,,,,,,0.26935802573677486,False,
8,M_MACRO,NONOVERLAP_OFF00,17,,0.22035526029675476,0.14432451568335747,,,,,,,,,0.2575219979251063,False,
8,M_MACRO,NONOVERLAP_OFF01,16,,0.2440896400283099,0.11427042425506273,,,,,,,,,0.27558032012538347,False,
8,M_MACRO,NONOVERLAP_OFF02,16,,0.25769328985617695,0.0658568327476381,,,,,,,,,0.2758605949173102,False,
8,M_MACRO,NONOVERLAP_OFF03,16,,0.24025461825404712,0.08649157653674366,,,,,,,,,0.26300208304944084,False,
8,M_MACRO,NONOVERLAP_OFF04,16,,0.2336536483787324,0.012365117095359812,,,,,,,,,0.23657897510824608,False,
8,M_MACRO,NONOVERLAP_OFF05,16,,0.24987552352712744,-0.05596969467698831,,,,,,,,,0.23663133969347683,False,
8,M_MACRO,NONOVERLAP_OFF06,17,,0.21252684906074343,0.24128530982230756,,,,,,,,,0.28011431940373954,False,
8,M_MACRO,NONOVERLAP_OFF07,17,,0.20968145362034546,0.22252853252053006,,,,,,,,,0.2696966543352697,False,
8,M_MACRO,NONOVERLAP_SUMMARY,8,,,0.1003810003959032,,,,0.1003810003959032,-0.05596969467698831,0.24128530982230756,7.0,8.0,,False,skipped_low_n=0
12,M0,FINAL_CLEAN_OOS_2024_2026,127,0.48031496062992124,0.2668713533064154,0.0,0.7277110742442684,0.28204172876304023,0.5,,,,,,,False,
12,M_MACRO,FINAL_CLEAN_OOS_2024_2026,127,0.48031496062992124,0.22206353928072103,0.1679004264434748,0.6202725667741856,0.8313462493790362,0.6105315449577745,0.1525188320667254,-0.08681299009127241,0.4349367557675843,9.0,12.0,0.2668713533064154,False,
12,M0,CAL_2024,52,0.6153846153846154,0.23991271639875772,0.0,0.6730383544751013,0.07734374999999999,0.5,,,,,,,False,
12,M_MACRO,CAL_2024,52,0.6153846153846154,0.138081045372359,0.42445299505152045,0.4344698366476317,0.9156249999999999,0.753125,,,,,,0.23991271639875772,False,
12,M0,CAL_2025,52,0.4230769230769231,0.28169892727939216,0.0,0.7579837745868816,0.11363636363636362,0.5,,,,,,,False,
12,M_MACRO,CAL_2025,52,0.4230769230769231,0.2797136373792396,0.007047559319185992,0.7440621715287465,0.8818181818181818,0.55,,,,,,0.28169892727939216,False,
12,M0,CAL_2026_YTD,23,0.30434782608695654,0.29429810428917264,0.0,0.7828763355564774,0.6160714285714286,0.5,,,,,,,False,
12,M_MACRO,CAL_2026_YTD,23,0.30434782608695654,0.2815976515464541,0.043155061339570366,0.7604761545717366,0.7321428571428572,0.5133928571428572,,,,,,0.29429810428917264,False,
12,M_MACRO,NONOVERLAP_OFF00,10,,0.26257306674125214,0.13773741160597552,,,,,,,,,0.3045163622723073,False,
12,M_MACRO,NONOVERLAP_OFF01,10,,0.2806010618188189,0.07490641688219468,,,,,,,,,0.30332181191131014,False,
12,M_MACRO,NONOVERLAP_OFF02,11,,0.24176933305324438,0.16730025252747527,,,,,,,,,0.29034394904895977,False,
12,M_MACRO,NONOVERLAP_OFF03,11,,0.15721844657288278,0.3779012491640651,,,,,,,,,0.2527226527325816,False,
12,M_MACRO,NONOVERLAP_OFF04,11,,0.14978454003494612,0.4080130011496489,,,,,,,,,0.25301998240811074,False,
12,M_MACRO,NONOVERLAP_OFF05,11,,0.14314069927241269,0.4349367557675843,,,,,,,,,0.25331801481240496,False,
12,M_MACRO,NONOVERLAP_OFF06,11,,0.15625571022760906,0.3296713833000897,,,,,,,,,0.2331031472248199,False,
12,M_MACRO,NONOVERLAP_OFF07,11,,0.17742518319576533,0.18183850064420048,,,,,,,,,0.21685838717107273,False,
12,M_MACRO,NONOVERLAP_OFF08,11,,0.23856303848163807,0.06224350231116804,,,,,,,,,0.25439763848034513,False,
12,M_MACRO,NONOVERLAP_OFF09,10,,0.2644543328164367,-0.005868817499188772,,,,,,,,,0.26291135406098814,False,
12,M_MACRO,NONOVERLAP_OFF10,10,,0.29040312107246646,-0.02160475373297288,,,,,,,,,0.28426171668771627,False,
12,M_MACRO,NONOVERLAP_OFF11,10,,0.33160272049383444,-0.08681299009127241,,,,,,,,,0.3051147929930299,False,
12,M_MACRO,NONOVERLAP_SUMMARY,12,,,0.1525188320667254,,,,0.1525188320667254,-0.08681299009127241,0.4349367557675843,9.0,12.0,,False,skipped_low_n=0
