transition,formation_period,holding_period,weighting,state_definition,winner_return,loser_return,momentum_return,standard_error,t_stat,p_value,N
UNCONDITIONAL,2,1,equal,none,-0.05086222784049693,-0.008998743538584294,-0.04186348430191263,0.00507100976932267,-8.25545329357634,1.5132679601668363e-16,451
UP,2,1,equal,table2_past_1w,-0.04455234652022791,-0.005187454650894253,-0.03936489186933365,0.006336134427786244,-6.212761474362719,5.206144741644024e-10,254
DOWN,2,1,equal,table2_past_1w,-0.05908933017542864,-0.014989107583250793,-0.04410022259217787,0.007940948525020978,-5.5535207731448395,2.7997237629158585e-08,196
COOPER4W_UP,2,1,equal,section31_cooper_4w,-0.03364799384575003,0.005884570940077534,-0.03953256478582756,0.006292510143496066,-6.282479310214286,3.3321562858737883e-10,243
COOPER4W_DOWN,2,1,equal,section31_cooper_4w,-0.07118590978696887,-0.02844535622757646,-0.04274055355939238,0.007690206935668507,-5.557789786013991,2.7321214701544595e-08,204
UP->UP,2,1,equal,table3_asem_tian_1w,0.013882251999230507,0.04479021581364213,-0.030907963814411635,0.008036220643433421,-3.8460820310685766,0.00012002159519576207,146
UP->DOWN,2,1,equal,table3_asem_tian_1w,-0.12354726674097719,-0.07274986101961936,-0.050797405721357825,0.009073514554782112,-5.598426653163357,2.163058814331237e-08,108
DOWN->UP,2,1,equal,table3_asem_tian_1w,-0.00919540714375021,0.04194042058251296,-0.0511358277262632,0.01200848070956524,-4.2583095199987655,2.0597862359487733e-05,108
DOWN->DOWN,2,1,equal,table3_asem_tian_1w,-0.12032278116885214,-0.08485716487759722,-0.035465616291254914,0.007124239635520281,-4.9781616152310795,6.41910477476365e-07,88
UNCONDITIONAL,2,1,value,none,-0.01782638613150673,-0.02523021261652035,0.007403826485013626,0.010203807763444322,0.7255944698937022,0.46808741226344786,451
UP,2,1,value,table2_past_1w,0.0050592714223119395,-0.026148537282064514,0.031207808704376446,0.008431692760259074,3.7012506968313144,0.00021453937926585134,254
DOWN,2,1,value,table2_past_1w,-0.04742306149007286,-0.024587536738195064,-0.02283552475187779,0.019626335196128174,-1.1635144576753542,0.2446208357209324,196
COOPER4W_UP,2,1,value,section31_cooper_4w,0.0077692326326560725,-0.013086858454026452,0.020856091086682522,0.009309913404815906,2.24020247877858,0.025077780822632813,243
COOPER4W_DOWN,2,1,value,section31_cooper_4w,-0.04839465966414869,-0.04194439939845532,-0.006450260265693364,0.019295359664271747,-0.3342907506221296,0.7381601693174209,204
UP->UP,2,1,value,table3_asem_tian_1w,0.06664432963748126,0.028913960643378905,0.03773036899410238,0.011919559829902077,3.1654163016531744,0.0015486120841864141,146
UP->DOWN,2,1,value,table3_asem_tian_1w,-0.07819460357226879,-0.10058487707016395,0.022390273497895123,0.012946510988298432,1.7294445984815783,0.08372955385957853,108
DOWN->UP,2,1,value,table3_asem_tian_1w,0.031493683361418966,0.04070060609642175,-0.00920692273500279,0.01316571789116608,-0.6993103460906178,0.484358102680957,108
DOWN->DOWN,2,1,value,table3_asem_tian_1w,-0.14427543017144917,-0.1047138938534066,-0.03956153631804255,0.040910578932750324,-0.967024602195795,0.3335317350324911,88
UNCONDITIONAL,2,2,equal,none,-0.034524143455108375,-0.013191897016564017,-0.021332246438544363,0.003756567330381261,-5.678654090935543,1.3575870276053803e-08,451
UP,2,2,equal,table2_past_1w,-0.026066774911189895,-0.010225565360930713,-0.0158412095502592,0.004195682134738909,-3.775598112902558,0.0001596241778614985,254
DOWN,2,2,equal,table2_past_1w,-0.04545085635341542,-0.018108659104779337,-0.027342197248636096,0.00629233727900343,-4.345316539193289,1.3907496622298128e-05,196
COOPER4W_UP,2,2,equal,section31_cooper_4w,-0.013664269945668448,0.0016200698655588618,-0.015284339811227303,0.004332363008415996,-3.527945322572492,0.0004187986544745418,243
COOPER4W_DOWN,2,2,equal,section31_cooper_4w,-0.058579240409158594,-0.03204270952047233,-0.02653653088868628,0.00575372936396366,-4.612057538696198,3.987025863952802e-06,204
UP->UP,2,2,equal,table3_asem_tian_1w,0.03186581057980148,0.04279225293347096,-0.010926442353669498,0.005698634614040902,-1.917379002813721,0.055189799780901355,146
UP->DOWN,2,2,equal,table3_asem_tian_1w,-0.10438304788975233,-0.0818978012033626,-0.022485246686389716,0.005954266886673599,-3.7763249639875123,0.0001591593147074867,108
DOWN->UP,2,2,equal,table3_asem_tian_1w,0.0060265821938206504,0.04009397414982375,-0.034067391956003105,0.00927033752346168,-3.67488150995411,0.00023795982436690014,108
DOWN->DOWN,2,2,equal,table3_asem_tian_1w,-0.10862771275229603,-0.08953916355361038,-0.019088549198685675,0.0067067118163023935,-2.846185988234358,0.004424634374466343,88
UNCONDITIONAL,2,2,value,none,-0.015695757075151997,-0.02070648082400657,0.0050107237488545555,0.008098352297420494,0.6187337330892091,0.5360917835657945,451
UP,2,2,value,table2_past_1w,0.003335351039429104,-0.021523554946546654,0.02485890598597576,0.007072140007439934,3.5150472077509836,0.0004396758229120003,254
DOWN,2,2,value,table2_past_1w,-0.040286380461153376,-0.020171937119816564,-0.020114443341336805,0.015444022688545962,-1.3024095954129007,0.1927764041616311,196
COOPER4W_UP,2,2,value,section31_cooper_4w,0.011648442169236505,-0.009106901099202494,0.020755343268439,0.0066543169330706585,3.1190794603258207,0.0018141702926707227,243
COOPER4W_DOWN,2,2,value,section31_cooper_4w,-0.04751301798668855,-0.036568565835396485,-0.010944452151292087,0.01501739071747747,-0.72878520358099,0.46613306393015697,204
UP->UP,2,2,value,table3_asem_tian_1w,0.06311348320979648,0.03591975252322208,0.02719373068657439,0.009731469741051638,2.794411472283495,0.0051994274557927815,146
UP->DOWN,2,2,value,table3_asem_tian_1w,-0.07747582763532679,-0.09917839652604885,0.021702568890722022,0.010575080756329767,2.052236705401218,0.04014666388920658,108
DOWN->UP,2,2,value,table3_asem_tian_1w,0.03885557736477569,0.04421219560029295,-0.005356618235517253,0.010332919388954094,-0.5184031766708144,0.6041769987703556,108
DOWN->DOWN,2,2,value,table3_asem_tian_1w,-0.1374151468838844,-0.09918882727631459,-0.03822631960756985,0.032315031934569,-1.1829268708435734,0.23683813114290697,88
UNCONDITIONAL,2,3,equal,none,-0.02936082605047913,-0.01492626984282061,-0.014434556207658504,0.00295475125295303,-4.885201823074737,1.033229617723968e-06,451
UP,2,3,equal,table2_past_1w,-0.0216315900207504,-0.011892210279101454,-0.009739379741648952,0.003026956912330148,-3.217548192369738,0.0012929130449912424,254
DOWN,2,3,equal,table2_past_1w,-0.03931759519363912,-0.01993965061205666,-0.019377944581582457,0.004773992630287911,-4.059064619966497,4.926967897390177e-05,196
COOPER4W_UP,2,3,equal,section31_cooper_4w,-0.008780820773202708,0.00041885789966150563,-0.009199678672864212,0.0035572878625275486,-2.5861496253293352,0.00970547888945056,243
COOPER4W_DOWN,2,3,equal,section31_cooper_4w,-0.05354524292325551,-0.034149079423627125,-0.019396163499628388,0.004313873257507424,-4.496229337724118,6.916912996231421e-06,204
UP->UP,2,3,equal,table3_asem_tian_1w,0.03512643540082942,0.0413909886375576,-0.006264553236728175,0.00434591489333416,-1.4414808827335426,0.14944887438623292,146
UP->DOWN,2,3,equal,table3_asem_tian_1w,-0.09836003179436759,-0.0839232014071776,-0.014436830387189995,0.004453426540364695,-3.2417353820341113,0.0011880427930126352,108
DOWN->UP,2,3,equal,table3_asem_tian_1w,0.014845197232992867,0.03756694933505357,-0.022721752102060712,0.006918047480158624,-3.2844169062481954,0.001021936279670132,108
DOWN->DOWN,2,3,equal,table3_asem_tian_1w,-0.10579011317177833,-0.09051593236532829,-0.015274180806450046,0.005339238355612844,-2.860741512016063,0.0042265149801919925,88
UNCONDITIONAL,2,3,value,none,-0.014639179270801278,-0.018464156221178994,0.0038249769503777066,0.005909030525532556,0.6473104063094982,0.5174310678715933,451
UP,2,3,value,table2_past_1w,-0.00011742685443511984,-0.018677807387592393,0.01856038053315727,0.006217406549678961,2.9852287098895993,0.0028336636768226285,254
DOWN,2,3,value,table2_past_1w,-0.03338065507950191,-0.01870015897746528,-0.01468049610203661,0.010085835844206687,-1.4555557247611857,0.14551547504538034,196
COOPER4W_UP,2,3,value,section31_cooper_4w,0.010019392390516179,-0.00649071847054963,0.016510110861065803,0.005527557820038258,2.986872575301534,0.002818471721621037,243
COOPER4W_DOWN,2,3,value,section31_cooper_4w,-0.04374514222383953,-0.03426642214500696,-0.009478720078832551,0.010223548357305448,-0.927145815479939,0.35385083122562744,204
UP->UP,2,3,value,table3_asem_tian_1w,0.05832967750513796,0.03848908995477056,0.019840587550367418,0.008368587218428562,2.3708407443823054,0.017747676359702154,146
UP->DOWN,2,3,value,table3_asem_tian_1w,-0.07912925311830246,-0.09595898342449044,0.016829730306187993,0.009264218655547588,1.8166378549485158,0.06927258310413635,108
DOWN->UP,2,3,value,table3_asem_tian_1w,0.039908812334512496,0.04600555863611243,-0.006096746301599926,0.009328770815578492,-0.6535422964211665,0.5134067308990937,108
DOWN->DOWN,2,3,value,table3_asem_tian_1w,-0.12332681963306498,-0.09811172150321971,-0.02521509812984525,0.020247880543604886,-1.2453203719541508,0.21301401016702637,88
UNCONDITIONAL,2,4,equal,none,-0.026606155136125326,-0.014988267413921535,-0.011617887722203759,0.002648049260088444,-4.38733821810238,1.1474628524601003e-05,451
UP,2,4,equal,table2_past_1w,-0.019474816858246157,-0.011364959931067274,-0.008109856927178888,0.0027290316270718066,-2.9716976698729556,0.002961581594798333,254
DOWN,2,4,equal,table2_past_1w,-0.035774043157427424,-0.020765581698623994,-0.015008461458803423,0.004004879075749473,-3.74754422666176,0.0001785743574932479,196
COOPER4W_UP,2,4,equal,section31_cooper_4w,-0.006129497516690727,0.0009647272547533227,-0.007094224771444051,0.003361427674193854,-2.1104796708575337,0.03481706040756704,243
COOPER4W_DOWN,2,4,equal,section31_cooper_4w,-0.05062823896901088,-0.034935619573413734,-0.015692619395597147,0.0037457948762661367,-4.189396353502352,2.796974965759792e-05,204
UP->UP,2,4,equal,table3_asem_tian_1w,0.037521534284564256,0.04216406545424314,-0.004642531169678882,0.004249980068731012,-1.092365398095874,0.2746725256281938,146
UP->DOWN,2,4,equal,table3_asem_tian_1w,-0.09652543969945285,-0.08372827202602395,-0.01279716767342889,0.003708371399642054,-3.450886196205731,0.0005587491222750408,108
DOWN->UP,2,4,equal,table3_asem_tian_1w,0.019733669718243363,0.035934952358773475,-0.016201282640530112,0.005606971992211436,-2.889488776301198,0.0038586878149549577,108
DOWN->DOWN,2,4,equal,table3_asem_tian_1w,-0.10389714532302335,-0.09035260076906632,-0.013544544553957021,0.004853860194842321,-2.7904686188426613,0.0052631802051510135,88
UNCONDITIONAL,2,4,value,none,-0.014982821714714753,-0.01587088255813558,0.0008880608434208285,0.0052795267219482925,0.16820841908592696,0.8664193178448377,451
UP,2,4,value,table2_past_1w,-0.0032101546740184593,-0.015261809373102345,0.01205165469908389,0.006247584873021209,1.9290101605704073,0.0537296008647635,254
DOWN,2,4,value,table2_past_1w,-0.030163460569454997,-0.01715983792464844,-0.013003622644806572,0.00803583372069105,-1.618204544392727,0.10561852383471891,196
COOPER4W_UP,2,4,value,section31_cooper_4w,0.009626440657624276,-0.0027213677836509962,0.01234780844127527,0.005311608902337512,2.3246832867987126,0.02008890161136437,243
COOPER4W_DOWN,2,4,value,section31_cooper_4w,-0.044037057385706666,-0.03307674577688294,-0.010960311608823726,0.008954717931639093,-1.2239706144286695,0.22096331308055683,204
UP->UP,2,4,value,table3_asem_tian_1w,0.05585068679787606,0.042604874731135715,0.013245812066740355,0.008777330120143454,1.509093526782364,0.1312748835733155,146
UP->DOWN,2,4,value,table3_asem_tian_1w,-0.08305166258972771,-0.09348899343994267,0.010437330850214959,0.0083255533695127,1.2536501043204367,0.20996921108391797,108
DOWN->UP,2,4,value,table3_asem_tian_1w,0.04261585083004578,0.04769700101776133,-0.005081150187715545,0.008392918117388553,-0.6054092410586438,0.5449071123752949,108
DOWN->DOWN,2,4,value,table3_asem_tian_1w,-0.11948352455975136,-0.09675686753578766,-0.022726657023963717,0.015880282311099725,-1.4311242444398253,0.1523946099884295,88
