strategy,variant,period,start_date,end_date,fee_bps_roundtrip,starting_capital,ending_capital,total_return,cagr,annualized_volatility,sharpe,max_drawdown,calmar,n_trades,win_rate,avg_trade,median_trade,avg_winner,avg_loser,payoff_ratio,profit_factor,exposure,turnover,fees_paid,benchmark_ending_capital,benchmark_cagr,benchmark_max_drawdown,avg_mae,avg_mfe,holding_period,time_invested,time_in_cash,btc_return_while_long,btc_return_while_cash
A_session,00:00-04:00,discovery,2017-08-18,2023-12-17,10.0,10000.0,194.74929990942036,-0.980525070009058,-0.46302237781151667,0.3091255732857953,-1.8733459589259793,-0.982283744440933,-0.4713733485175874,2291,0.4277608031427324,-0.0015855730892463955,-0.0012872958400947931,0.009868406154316613,-0.010147662836532243,0.972480689719973,0.7269497146648157,0.16666666666666666,361.6846885813149,4060.095891725848,100708.18840562072,0.43997786331909317,-0.8318705353076482,,,,,,,
A_session,04:00-08:00,discovery,2017-08-18,2023-12-17,10.0,10000.0,2072.820755792022,-0.7927179244207978,-0.21998266353884,0.2520042139160111,-0.8693753882206691,-0.8337805318449768,-0.26383761090231467,2291,0.44565691837625493,-0.0005996123459357923,-0.0007837972024633544,0.008470978781711777,-0.007891796236745373,1.0733904585966938,0.8629383135647435,0.16666666666666666,361.6846885813149,13613.457633490132,100708.18840562072,0.43997786331909317,-0.8318705353076482,,,,,,,
A_session,08:00-12:00,discovery,2017-08-18,2023-12-17,10.0,10000.0,718.6856864388735,-0.9281314313561126,-0.34009783083363754,0.30388499603659286,-1.2335673087112031,-0.9379201982580516,-0.3626084942677243,2291,0.4404190309908337,-0.0010213805113280293,-0.0009508080355589144,0.009728750752675845,-0.009482287254994106,1.0259919881199477,0.8075085148307546,0.16666666666666666,361.6846885813149,6406.395187049281,100708.18840562072,0.43997786331909317,-0.8318705353076482,,,,,,,
A_session,12:00-16:00,discovery,2017-08-18,2023-12-17,10.0,10000.0,3037.3656442662273,-0.6962634355733772,-0.171484204156388,0.36778693405729146,-0.3282412980304498,-0.8344251708020582,-0.20551178243047913,2291,0.46573548668703624,-0.00033948015278242,-0.0007569635618198678,0.01181967519008935,-0.010939005276021128,1.0805073123055071,0.9419128286192615,0.16666666666666666,361.6846885813149,16734.782494585004,100708.18840562072,0.43997786331909317,-0.8318705353076482,,,,,,,
A_session,16:00-20:00,discovery,2017-08-18,2023-12-17,10.0,10000.0,1750.4221032737694,-0.824957789672623,-0.2405250406896836,0.30825503257074205,-0.7333011058611398,-0.8899352209241582,-0.27027252662267826,2291,0.46486250545613267,-0.0006295825137099083,-0.0005646185902854484,0.010006190342138285,-0.009868651103822736,1.0139369845856918,0.8807853903619591,0.16666666666666666,361.6846885813149,14665.695747703718,100708.18840562072,0.43997786331909317,-0.8318705353076482,,,,,,,
A_session,20:00-24:00,discovery,2017-08-18,2023-12-17,10.0,10000.0,6052.908144171776,-0.3947091855828224,-0.07619940038597783,0.29749217932872685,-0.11482486936410762,-0.6702410231856792,-0.11368955010213996,2291,0.4901789611523352,-9.679156526524745e-05,-0.00012910685894096385,0.009642996706331371,-0.009461331144891106,1.0192008459125077,0.9799336900340294,0.16666666666666666,361.6846885813149,20747.38236006318,100708.18840562072,0.43997786331909317,-0.8318705353076482,,,,,,,
A_session,20:00-24:00,discovery,2017-08-18,2023-12-17,0.0,10000.0,59900.51518152622,4.990051518152622,0.3265832074143642,0.2977899692980249,1.1120981402545014,-0.36128422378021907,0.903950922620511,2291,0.5504146660846791,0.0009041125472820361,0.0008717649059650778,0.009546419287206486,-0.00968582397992637,0.9856073481193962,1.207823970824644,0.16666666666666666,361.6846885813149,0.0,100708.18840562072,0.43997786331909317,-0.8318705353076482,,,,,,,
A_session,20:00-24:00,temporal_robustness,2023-12-18,2026-08-25,0.0,10000.0,16609.568724374418,0.6609568724374417,0.2077820837459683,0.17365316770861627,1.1256049501850316,-0.15891331773218997,1.3075183799015186,982,0.5193482688391039,0.0005583369559711898,0.00022605877617509762,0.006551813923396649,-0.005917665699509709,1.1071618871507867,1.1962978017942822,0.16666666666666666,365.37206931702343,0.0,18411.437064264916,0.25496321151503665,-0.5297176591351062,,,,,,,
A_session,20:00-24:00,full,2017-08-18,2026-08-25,0.0,10000.0,99492.17235329936,8.949217235329936,0.2899192495622418,0.2667511460184706,1.0981864513619655,-0.36128422378021907,0.8024686119109621,3273,0.5410937977390773,0.0008003693054038658,0.0007016701495550226,0.008684054106210995,-0.008500900123592817,1.0215452457922503,1.2053008862745338,0.16666666666666666,362.6730418943534,0.0,191168.6143166268,0.386725832980815,-0.8318705353076482,,,,,,,
A_session,20:00-24:00,temporal_robustness,2023-12-18,2026-08-25,10.0,10000.0,6218.244491931737,-0.3781755508068263,-0.16202682373627275,0.17347951454090763,-0.9783898699868331,-0.4653522050960225,-0.3481810593394299,982,0.4684317718940937,-0.00044222138098477966,-0.000774167282601157,0.006213047413189891,-0.006307017636387747,0.9851006880564749,0.868096391773905,0.16666666666666666,365.37206931702343,8253.850490478582,18411.437064264916,0.25496321151503665,-0.5297176591351062,,,,,,,
A_session,20:00-24:00,full,2017-08-18,2026-08-25,10.0,10000.0,3763.8462727664773,-0.6236153727233522,-0.10261910973307331,0.2664843948724521,-0.2714997554971683,-0.7894511239199711,-0.1299879202445421,3273,0.4836541399327834,-0.00020043106390153965,-0.0002990315205945171,0.00864629634319487,-0.00848704022688001,1.018764623715399,0.954262958190223,0.16666666666666666,362.6730418943534,25743.362245522534,191168.6143166268,0.386725832980815,-0.8318705353076482,,,,,,,
A_session,20:00-24:00,discovery,2017-08-18,2023-12-17,20.0,10000.0,610.2399657263239,-0.9389760034273676,-0.3569206090792608,0.2971943893594289,-1.3442066425290424,-0.9573583522950406,-0.3728181910395704,2291,0.4295067656045395,-0.0010976956778125278,-0.0011299786238468945,0.00992495546459837,-0.009396309850828843,1.0562609814024913,0.795226324177545,0.16666666666666666,361.6846885813149,18459.79671919435,100708.18840562072,0.43997786331909317,-0.8318705353076482,,,,,,,
A_session,20:00-24:00,temporal_robustness,2023-12-18,2026-08-25,20.0,10000.0,2325.6796894602494,-0.7674320310539751,-0.4188173324544212,0.17330586137319903,-3.0866011126440234,-0.7772601301722817,-0.5388380494463151,982,0.3981670061099796,-0.0014427797179407547,-0.001774393341377245,0.006216796167965966,-0.006510282546011023,0.9549195636332433,0.6317657349925518,0.16666666666666666,365.37206931702343,10990.505220440875,18411.437064264916,0.25496321151503665,-0.5297176591351062,,,,,,,
A_session,20:00-24:00,full,2017-08-18,2026-08-25,20.0,10000.0,141.92226939866237,-0.9858077730601338,-0.3759300261240234,0.2662176437264337,-1.643930824494294,-0.9902416760069485,-0.3796346237818671,3273,0.42010388023220285,-0.0012012314332069435,-0.0012997331907440568,0.008870489802792356,-0.008497657513027298,1.043874713612956,0.7562316813581741,0.16666666666666666,362.6730418943534,19130.48127209803,191168.6143166268,0.386725832980815,-0.8318705353076482,,,,,,,
B_capitulation_deleveraging,hold_3d,full,2020-09-02,2026-08-28,0.0,10000.0,12829.036330708284,0.28290363307082833,0.04247424731330085,0.14754036669753767,0.35521341102867626,-0.3339902283240932,0.12717212574280834,20,0.6,0.014448613677443822,0.016039507222613825,0.05577436027419119,-0.04754000621767723,1.173208939410111,1.7598134091151667,0.027434842249657063,3.339432753888381,0.0,68354.56520326572,0.37842296744903847,-0.7662925431645935,-0.06051383048591304,0.06579410615536,3d,,,,
B_capitulation_deleveraging,hold_3d,full,2020-09-02,2026-08-28,10.0,10000.0,12574.941495333598,0.2574941495333598,0.03899791323414603,0.14751091437214828,0.3326255502831875,-0.3399589092012092,0.11471360855280482,20,0.6,0.013434418675919973,0.015023721725268224,0.054718849857507246,-0.048492228096460935,1.1284045300756296,1.6926067951134445,0.027434842249657063,3.339432753888381,205.42352234674263,68354.56520326572,0.37842296744903847,-0.7662925431645935,-0.06051383048591304,0.06579410615536,3d,,,,
B_capitulation_deleveraging,hold_3d,full,2020-09-02,2026-08-28,20.0,10000.0,12325.755938991992,0.23257559389919913,0.035531440894449595,0.14749260410003934,0.31000524732451207,-0.34587704615087067,0.10272853110625581,20,0.6,0.012420730898702654,0.014008444247675889,0.0536638673280031,-0.04944397374524802,1.0853469748304898,1.6280204622457348,0.027434842249657063,3.339432753888381,406.9139057973749,68354.56520326572,0.37842296744903847,-0.7662925431645935,-0.06051383048591304,0.06579410615536,3d,,,,
B_capitulation_deleveraging,hold_7d,full,2020-09-02,2026-08-28,0.0,10000.0,10169.16687272043,0.016916687272042985,0.002804907966000192,0.194043111604267,0.11052207855028129,-0.3387489980812809,0.008280195607625591,20,0.55,0.0033385538168832717,0.005059884237991974,0.05531194125428012,-0.06018447527326844,0.9190400182627745,1.12327113343228,0.06401463191586648,3.339432753888381,0.0,68354.56520326572,0.37842296744903847,-0.7662925431645935,-0.08561469546491354,0.07449015680785526,7d,,,,
B_capitulation_deleveraging,hold_7d,full,2020-09-02,2026-08-28,10.0,10000.0,9967.754021761644,-0.003224597823835551,-0.0005391409496353639,0.19402434229202184,0.09330296040620517,-0.3453301927062291,-0.0015612331647294122,20,0.55,0.0023354660977049414,0.004055075618725312,0.054256893141011314,-0.061124055844113956,0.8876520445466491,1.0849080544459044,0.06401463191586648,3.339432753888381,208.88083839106753,68354.56520326572,0.37842296744903847,-0.7662925431645935,-0.08561469546491354,0.07449015680785526,7d,,,,
B_capitulation_deleveraging,hold_7d,full,2020-09-02,2026-08-28,20.0,10000.0,9770.23259931126,-0.022976740068873958,-0.003873703395215755,0.19401404477752515,0.07607718836789348,-0.35184913106189775,-0.011009557941850618,20,0.55,0.001332880047803392,0.00305076952940031,0.05320237268371293,-0.062063166507197155,0.857229427337442,1.0477248556346515,0.06401463191586648,3.339432753888381,413.83329605892675,68354.56520326572,0.37842296744903847,-0.7662925431645935,-0.08561469546491354,0.07449015680785526,7d,,,,
B_capitulation_deleveraging,hold_14d,full,2020-09-02,2026-08-28,0.0,10000.0,9508.051412121426,-0.049194858787857454,-0.008387699290221873,0.25373943173735924,0.09323333294867549,-0.37081281975266167,-0.022619766209314468,20,0.45,0.00044039969796880185,-0.02066511435978835,0.07331630142100304,-0.05918533807542284,1.2387578377532018,1.0135291399798922,0.12802926383173296,3.339432753888381,0.0,68354.56520326572,0.37842296744903847,-0.7662925431645935,-0.09796135140794468,0.09017694655980005,14d,,,,
B_capitulation_deleveraging,hold_14d,full,2020-09-02,2026-08-28,10.0,10000.0,9319.732765574736,-0.06802672344252647,-0.011694424269904524,0.2537298999427922,0.08007260319619161,-0.37528243455431254,-0.031161661706316967,20,0.45,-0.0005597905916292112,-0.021644204411707335,0.07224325344865735,-0.06012591753368186,1.2015326569975004,0.9830721739070457,0.12802926383173296,3.339432753888381,200.46857942291302,68354.56520326572,0.37842296744903847,-0.7662925431645935,-0.09796135140794468,0.09017694655980005,14d,,,,
B_capitulation_deleveraging,hold_14d,full,2020-09-02,2026-08-28,20.0,10000.0,9135.052558910842,-0.08649474410891578,-0.014991768660877924,0.25372683936727336,0.06690917805627047,-0.3808838496157473,-0.03936047347768169,20,0.45,-0.0015594806610274292,-0.022622804796183282,0.07117074213446244,-0.06106602658461004,1.1654719672296314,0.9535679731878802,0.12802926383173296,3.339432753888381,397.27099664722067,68354.56520326572,0.37842296744903847,-0.7662925431645935,-0.09796135140794468,0.09017694655980005,14d,,,,
B_capitulation_deleveraging,hold_30d,full,2020-09-02,2026-08-28,0.0,10000.0,18085.186942949076,0.8085186942949076,0.1039912800859466,0.35606467177680967,0.45382637136713555,-0.47316107602580104,0.2197798706508057,20,0.55,0.04044645146964012,0.021917440155559298,0.13203787245869472,-0.07149861862809329,1.8467192092969236,2.2571012558073513,0.27434842249657065,3.339432753888381,0.0,68354.56520326572,0.37842296744903847,-0.7662925431645935,-0.1058954389428578,0.1514478535821417,30d,,,,
B_capitulation_deleveraging,hold_30d,full,2020-09-02,2026-08-28,10.0,10000.0,17726.987583267655,0.7726987583267655,0.10030980544046386,0.35608014362571944,0.4444421725320969,-0.4778825283896795,0.2099047349114808,20,0.55,0.03940626512978347,0.02089577819476418,0.1309061175957045,-0.07242688788412002,1.8074243063591078,2.2090741522166875,0.27434842249657065,3.339432753888381,332.5903213679539,68354.56520326572,0.37842296744903847,-0.7662925431645935,-0.1058954389428578,0.1514478535821417,30d,,,,
B_capitulation_deleveraging,hold_30d,full,2020-09-02,2026-08-28,20.0,10000.0,17375.708870373695,0.7375708870373696,0.09663877448162017,0.35610020885307453,0.43505317728283494,-0.48256399859490773,0.20026105296500657,20,0.55,0.0383665990131522,0.01987462719268862,0.1297749287516499,-0.07335469288945608,1.7691428269929217,2.162285677435793,0.27434842249657065,3.339432753888381,658.6258475422136,68354.56520326572,0.37842296744903847,-0.7662925431645935,-0.1058954389428578,0.1514478535821417,30d,,,,
B_capitulation_deleveraging,hold_60d,full,2020-09-02,2026-08-28,0.0,10000.0,18699.706491470966,0.8699706491470967,0.11016798770676806,0.39220894875393014,0.4625613011918177,-0.6203302269271647,0.17759571100136523,15,0.6666666666666666,0.0750269627567904,0.07051576037780238,0.2135441972382906,-0.20200750620620994,1.0571102096587637,2.1142204193175274,0.411522633744856,2.5045745654162856,0.0,68354.56520326572,0.37842296744903847,-0.7662925431645935,-0.15146394302425747,0.2692287927283391,60d,,,,
B_capitulation_deleveraging,hold_60d,full,2020-09-02,2026-08-28,10.0,10000.0,18421.235029024883,0.8421235029024883,0.10739027466238293,0.39219704429090124,0.45617449944590566,-0.6226019914435275,0.17248623701539134,15,0.6666666666666666,0.0739522045507747,0.06944551224636486,0.21233095642710204,-0.20280529920188006,1.0469694690558347,2.0939389381116693,0.411522633744856,2.5045745654162856,281.4886577533103,68354.56520326572,0.37842296744903847,-0.7662925431645935,-0.15146394302425747,0.2692287927283391,60d,,,,
B_capitulation_deleveraging,hold_60d,full,2020-09-02,2026-08-28,20.0,10000.0,18146.774258053978,0.8146774258053977,0.1046181269534201,0.3921883057271527,0.4497836791063289,-0.6248612893387295,0.16742616119512552,15,0.6666666666666666,0.0728779838582396,0.06837579937280691,0.21111832238801123,-0.20360269320130375,1.0369132110609005,2.0738264221218006,0.411522633744856,2.5045745654162856,559.0575817717063,68354.56520326572,0.37842296744903847,-0.7662925431645935,-0.15146394302425747,0.2692287927283391,60d,,,,
C_macro_long_cash,p_ge_0.50,full,2017-02-17,2026-08-28,0.0,10000.0,1498638.8908617015,148.86388908617013,0.6914676563016682,0.6353240197647384,1.1481250541815151,-0.8374889426012717,0.8256439233143115,16,0.625,0.8631746261019131,0.027455975308919855,1.4245628314731218,-0.07247238285010182,19.6566302286433,32.76105038107217,0.8005747126436782,1.678643288301236,0.0,737553.9575161539,0.5702180673038415,-0.8318705353076483,,,,0.8005747126436782,0.19942528735632184,148.86388908617076,-0.5078507824576295
C_macro_long_cash,p_ge_0.50,full,2017-02-17,2026-08-28,10.0,10000.0,1474845.5740330585,146.48455740330584,0.6886299583972166,0.6353419317629928,1.1455465374457092,-0.837651413030906,0.8220960983107767,16,0.5625,0.8613119172694681,0.026428776197604864,1.5802397837431357,-0.06302391105381831,25.073654702160802,32.237556045635316,0.8005747126436782,1.678643288301236,13717.279116907643,737553.9575161539,0.5702180673038415,-0.8318705353076483,,,,0.8005747126436782,0.19942528735632184,148.86388908617076,-0.5078507824576295
C_macro_long_cash,p_ge_0.50,full,2017-02-17,2026-08-28,20.0,10000.0,1451418.3915857142,144.14183915857143,0.6857956048272187,0.6353610992749628,1.1429659075190663,-0.8378138022050117,0.8185537204356125,16,0.5625,0.8594501400243345,0.025402090814277134,1.5776588988996059,-0.06396112138672846,24.66590429771546,31.713305525634162,0.8005747126436782,1.678643288301236,27160.611407515342,737553.9575161539,0.5702180673038415,-0.8318705353076483,,,,0.8005747126436782,0.19942528735632184,148.86388908617076,-0.5078507824576295
