horizon,slice_type,slice_value,period,N,prevalence,brier,brier_skill_vs_M0,log_loss,auc,balanced_accuracy,bss_median,bss_min,bss_max,n_offsets_bss_gt0,n_offsets,brier_m0,mean_pred,observed_rate,low_sample,note
4,ALL,ALL_MARKET,FULL_EXPANDING_WF,339,0.5368731563421829,0.2715509058785039,-0.026945526587055957,0.7676791511214011,0.5623293903548681,0.553212710856023,,,,,,0.2644258131012795,0.6368620995839009,0.5368731563421829,False,
4,REGIME,BULL,FULL_EXPANDING_WF,103,0.6796116504854369,0.2363736599263855,-0.010201148537424487,0.7194526157327887,0.47056277056277057,0.5303030303030303,-0.03731582224105301,-0.07641471752093731,0.11001487050370184,1.0,4.0,0.23398672657283032,0.7353317462322603,0.6796116504854369,False,
4,REGIME,NEUTRAL,FULL_EXPANDING_WF,125,0.472,0.29292484671798363,-0.05652912167939994,0.8128402019484441,0.5451977401129944,0.5440421160760144,-0.05872396083517806,-0.1022793264240327,-0.011566659201229346,0.0,4.0,0.27725203281890287,0.6378644557956155,0.472,False,
4,REGIME,BEAR,FULL_EXPANDING_WF,111,0.4774774774774775,0.2801231016274519,-0.006814400234012918,0.7615728609560559,0.4967469095640859,0.5206571242680547,-0.03336718379094039,-0.10746552297227674,0.08860075637037446,2.0,4.0,0.2782271504681927,0.5443605848879972,0.4774774774774775,False,
4,PERSISTENCE,TRANSITION,FULL_EXPANDING_WF,187,0.49732620320855614,0.26814105177946645,0.017405142490604764,0.7471756810001072,0.5980324868451155,0.5470144131777626,-0.008763313433741926,-0.01882168062179801,0.10736594171480884,1.0,4.0,0.27289075424140674,0.6302114405131976,0.49732620320855614,False,
4,PERSISTENCE,PERSISTENT,FULL_EXPANDING_WF,152,0.5855263157894737,0.275745923750346,-0.08556383502424092,0.7929038150206242,0.5015159621901195,0.5595683966470484,-0.1060761240076249,-0.1178466058210228,-0.007663418270686062,0.0,4.0,0.25401170788283356,0.6450441604143058,0.5855263157894737,False,
4,REGIME_PERSISTENCE,BEAR_PERSISTENT,FULL_EXPANDING_WF,56,0.5892857142857143,0.2636948690426269,-0.060732156234501566,0.7270881530580743,0.5111989459815547,0.5375494071146245,,,,,,0.24859703506936062,0.547251262694111,0.5892857142857143,False,
4,REGIME_PERSISTENCE,BULL_PERSISTENT,FULL_EXPANDING_WF,54,0.6666666666666666,0.27640147166262097,-0.13371673347480617,0.8472682512194153,0.30246913580246915,0.5,,,,,,0.2438011749332297,0.7665707129149444,0.6666666666666666,False,
4,REGIME_PERSISTENCE,NEUTRAL_PERSISTENT,FULL_EXPANDING_WF,42,0.47619047619047616,0.2909711493781894,-0.060548564576216934,0.8107608987151022,0.5227272727272727,0.6068181818181818,,,,,,0.27435909971219297,0.6191862660642204,0.47619047619047616,False,
4,DIRECTIONAL,BEAR_TO_NEUTRAL,FULL_EXPANDING_WF,40,0.4,0.306041111546781,-0.014968916611441285,,,,,,,,,0.3015275704880942,0.554657898339048,0.4,False,directional: no AUC
4,DIRECTIONAL,BEAR_TO_BULL,FULL_EXPANDING_WF,15,0.6666666666666666,0.1741043158663678,0.24169774168534575,,,,,,,,,0.2295975172925358,0.7037834933333944,0.6666666666666666,False,directional: no AUC
4,DIRECTIONAL,NEUTRAL_TO_BULL,FULL_EXPANDING_WF,34,0.7058823529411765,0.2002718460188429,0.09105951661142342,,,,,,,,,0.22033548915350235,0.6996352636622022,0.7058823529411765,False,directional: no AUC
4,DIRECTIONAL,BULL_TO_NEUTRAL,FULL_EXPANDING_WF,43,0.5348837209302325,0.2826319326509943,-0.09761767158254875,,,,,,,,,0.2574957929052788,0.7335097178184361,0.5348837209302325,False,directional: no AUC
4,DIRECTIONAL,BULL_TO_BEAR,FULL_EXPANDING_WF,6,0.3333333333333333,0.3471203190029209,-0.06182773208212877,,,,,,,,,0.3269083190380192,0.3597641899091837,0.3333333333333333,True,LOW SAMPLE
4,DIRECTIONAL,NEUTRAL_TO_BEAR,FULL_EXPANDING_WF,49,0.3673469387755102,0.2906944836784192,0.05041889961723933,,,,,,,,,0.30612918007871576,0.5636605933110692,0.3673469387755102,False,directional: no AUC
4,ALL,ALL_MARKET,TEMPORAL_ROBUSTNESS_2021_2023,153,0.5294117647058824,0.228386827474746,0.11242905691247351,0.6505613157450675,0.6762688614540466,0.654320987654321,,,,,,0.2573167015588341,0.5390007238637878,0.5294117647058824,False,
4,REGIME,BULL,TEMPORAL_ROBUSTNESS_2021_2023,44,0.7045454545454546,0.18572547895438155,0.15301518927507907,0.5570679696475774,0.7071960297766748,0.5769230769230769,,,,,,0.21927840570767973,0.6386422227526197,0.7045454545454546,False,
4,REGIME,NEUTRAL,TEMPORAL_ROBUSTNESS_2021_2023,56,0.4642857142857143,0.2507103774127165,0.07139059326077901,0.7003149345990783,0.6269230769230769,0.6487179487179486,,,,,,0.26998474880098094,0.5345416767127611,0.4642857142857143,False,
4,REGIME,BEAR,TEMPORAL_ROBUSTNESS_2021_2023,53,0.4528301886792453,0.24021664895341943,0.12810365229608722,0.6756085718293117,0.6091954022988506,0.5912356321839081,,,,,,0.27551055763224114,0.46099092554961635,0.4528301886792453,False,
4,PERSISTENCE,TRANSITION,TEMPORAL_ROBUSTNESS_2021_2023,82,0.45121951219512196,0.23393116863049318,0.15791379791299687,0.6604888048695293,0.6474474474474474,0.6585585585585585,,,,,,0.27779955074756557,0.5347888908107675,0.45121951219512196,False,
4,PERSISTENCE,PERSISTENT,TEMPORAL_ROBUSTNESS_2021_2023,71,0.6197183098591549,0.2219835038864183,0.0499740078121117,0.6390957649252664,0.6919191919191919,0.6599326599326599,,,,,,0.23366045320001755,0.543865094432065,0.6197183098591549,False,
4,REGIME_PERSISTENCE,BEAR_PERSISTENT,TEMPORAL_ROBUSTNESS_2021_2023,28,0.6071428571428571,0.25121712839524835,-0.05304943562993758,0.701821447638838,0.5989304812834225,0.5989304812834224,,,,,,0.23856157165591133,0.46064284373835085,0.6071428571428571,False,
4,REGIME_PERSISTENCE,BULL_PERSISTENT,TEMPORAL_ROBUSTNESS_2021_2023,23,0.8260869565217391,0.1566798395590783,0.16517111228687353,0.49694373517386053,0.6973684210526315,0.5,,,,,,0.18767898651456158,0.6754363963185349,0.8260869565217391,False,
4,REGIME_PERSISTENCE,NEUTRAL_PERSISTENT,TEMPORAL_ROBUSTNESS_2021_2023,20,0.4,0.25615564355049747,0.08410374188720093,0.7147546433403831,0.6145833333333334,0.6458333333333333,,,,,,0.2796775740500406,0.5090692482338248,0.4,False,
4,DIRECTIONAL,BEAR_TO_NEUTRAL,TEMPORAL_ROBUSTNESS_2021_2023,18,0.5555555555555556,0.2136118768328349,0.13118258917146963,,,,,,,,,0.2458650968206636,0.47947895058804924,0.5555555555555556,False,directional: no AUC
4,DIRECTIONAL,BEAR_TO_BULL,TEMPORAL_ROBUSTNESS_2021_2023,7,0.5714285714285714,0.19579336448198884,0.20702803552626992,,,,,,,,,0.2469108281929369,0.6244582764875359,0.5714285714285714,True,LOW SAMPLE
4,DIRECTIONAL,NEUTRAL_TO_BULL,TEMPORAL_ROBUSTNESS_2021_2023,14,0.5714285714285714,0.22840937234000483,0.11254432038336082,,,,,,,,,0.25737552599660246,0.5852866250268723,0.5714285714285714,True,LOW SAMPLE
4,DIRECTIONAL,BULL_TO_NEUTRAL,TEMPORAL_ROBUSTNESS_2021_2023,18,0.4444444444444444,0.2817585822839526,0.005562372873460175,,,,,,,,,0.2833345949490098,0.6179071011474023,0.4444444444444444,False,directional: no AUC
4,DIRECTIONAL,BULL_TO_BEAR,TEMPORAL_ROBUSTNESS_2021_2023,3,0.0,0.12972230302380747,0.6606195730136064,,,,,,,,,0.38223271794341945,0.3455144769294023,0.0,True,LOW SAMPLE
4,DIRECTIONAL,NEUTRAL_TO_BEAR,TEMPORAL_ROBUSTNESS_2021_2023,22,0.3181818181818182,0.24128344956331163,0.21657025288156417,,,,,,,,,0.30798351792331846,0.4771807272121652,0.3181818181818182,False,directional: no AUC
4,REGIME,BULL,NONOVERLAP_SUMMARY,4,,,-0.03731582224105301,,,,-0.03731582224105301,-0.07641471752093731,0.11001487050370184,1.0,4.0,,,,False,offset skipped if N<10
4,REGIME,NEUTRAL,NONOVERLAP_SUMMARY,4,,,-0.05872396083517806,,,,-0.05872396083517806,-0.1022793264240327,-0.011566659201229346,0.0,4.0,,,,False,offset skipped if N<10
4,REGIME,BEAR,NONOVERLAP_SUMMARY,4,,,-0.03336718379094039,,,,-0.03336718379094039,-0.10746552297227674,0.08860075637037446,2.0,4.0,,,,False,offset skipped if N<10
4,PERSISTENCE,TRANSITION,NONOVERLAP_SUMMARY,4,,,-0.008763313433741926,,,,-0.008763313433741926,-0.01882168062179801,0.10736594171480884,1.0,4.0,,,,False,offset skipped if N<10
4,PERSISTENCE,PERSISTENT,NONOVERLAP_SUMMARY,4,,,-0.1060761240076249,,,,-0.1060761240076249,-0.1178466058210228,-0.007663418270686062,0.0,4.0,,,,False,offset skipped if N<10
8,ALL,ALL_MARKET,FULL_EXPANDING_WF,331,0.5377643504531722,0.2888145759761691,-0.051030700019328856,0.8715522880673304,0.5447969449952265,0.5142285378570904,,,,,,0.27479176009878464,0.6722111869841949,0.5377643504531722,False,
8,REGIME,BULL,FULL_EXPANDING_WF,95,0.631578947368421,0.2538777076997481,-0.01729457448476679,0.8571968755671776,0.5747619047619048,0.5119047619047619,-0.012208883265115988,-0.27224947555651013,0.2383323480937488,4.0,8.0,0.2495616452376447,0.7504865430650267,0.631578947368421,False,
8,REGIME,NEUTRAL,FULL_EXPANDING_WF,125,0.48,0.31959587809941575,-0.10737253509138234,0.9685449368509108,0.5128205128205128,0.532051282051282,-0.10397638311591872,-0.25714465965456723,0.004500993316222446,1.0,8.0,0.2886073728323433,0.66442828245927,0.48,False,
8,REGIME,BEAR,FULL_EXPANDING_WF,111,0.5225225225225225,0.284051870758639,-0.011483553214625353,0.7746124960814478,0.5247234873129474,0.4682823682498374,-0.06098973355617776,-0.19684799312570456,0.19726578043769072,3.0,8.0,0.2808269791989059,0.6139832972358762,0.5225225225225225,False,
8,PERSISTENCE,TRANSITION,FULL_EXPANDING_WF,185,0.5351351351351351,0.2928215385739625,-0.07639951022842295,0.8513805215438277,0.5365280714117924,0.4861992013154804,-0.08769776114585381,-0.17159989961356947,0.12247882326849346,1.0,8.0,0.2720379708383765,0.6679588809428095,0.5351351351351351,False,
8,PERSISTENCE,PERSISTENT,FULL_EXPANDING_WF,146,0.541095890410959,0.28373726035567753,-0.019606465417894903,0.8971124031827282,0.5609295295673531,0.5497827319100699,-0.006585434476236274,-0.13590262411297926,0.04789866879070315,3.0,8.0,0.27828115059998687,0.6775993829955395,0.541095890410959,False,
8,REGIME_PERSISTENCE,BEAR_PERSISTENT,FULL_EXPANDING_WF,56,0.5357142857142857,0.274008942377949,0.018141691004945004,0.7509746663439818,0.5397435897435898,0.4653846153846154,,,,,,0.2790717763120025,0.6161274692014894,0.5357142857142857,False,
8,REGIME_PERSISTENCE,BULL_PERSISTENT,FULL_EXPANDING_WF,48,0.6041666666666666,0.30407596680102605,-0.09820159980355658,1.1229983503728926,0.4754990925589837,0.5,,,,,,0.2768853795654808,0.7806066167443578,0.6041666666666666,False,
8,REGIME_PERSISTENCE,NEUTRAL_PERSISTENT,FULL_EXPANDING_WF,42,0.47619047619047616,0.27346411505510776,0.019216675675631234,0.8338073507503924,0.6272727272727273,0.6772727272727272,,,,,,0.27882214988054443,0.641839381865147,0.47619047619047616,False,
8,DIRECTIONAL,BEAR_TO_NEUTRAL,FULL_EXPANDING_WF,40,0.45,0.34799135360741007,-0.12555815945766047,,,,,,,,,0.3091722543907339,0.5701482277198462,0.45,False,directional: no AUC
8,DIRECTIONAL,BEAR_TO_BULL,FULL_EXPANDING_WF,14,0.6428571428571429,0.15346049566520387,0.33889647474726303,,,,,,,,,0.23212778302238912,0.7387516583055351,0.6428571428571429,True,LOW SAMPLE
8,DIRECTIONAL,NEUTRAL_TO_BULL,FULL_EXPANDING_WF,33,0.6666666666666666,0.22346329956708996,-0.028769221704418868,,,,,,,,,0.2172142156399916,0.7116539627627536,0.6666666666666666,False,directional: no AUC
8,DIRECTIONAL,BULL_TO_NEUTRAL,FULL_EXPANDING_WF,43,0.5116279069767442,0.3382404136236289,-0.21217955676914024,,,,,,,,,0.27903491007978354,0.7741942362855512,0.5116279069767442,False,directional: no AUC
8,DIRECTIONAL,BULL_TO_BEAR,FULL_EXPANDING_WF,6,0.3333333333333333,0.3606902929409958,-0.03125072141302376,,,,,,,,,0.3497600393886528,0.4153080777742902,0.3333333333333333,True,LOW SAMPLE
8,DIRECTIONAL,NEUTRAL_TO_BEAR,FULL_EXPANDING_WF,49,0.5306122448979592,0.2861452065999553,-0.04283309288288617,,,,,,,,,0.2743921424749899,0.6358603928827163,0.5306122448979592,False,directional: no AUC
8,ALL,ALL_MARKET,TEMPORAL_ROBUSTNESS_2021_2023,149,0.5234899328859061,0.2286163897609773,0.1320475392453837,0.6478635169291166,0.653665583243048,0.5830624774286746,,,,,,0.26339736344800885,0.5609796329393217,0.5234899328859061,False,
8,REGIME,BULL,TEMPORAL_ROBUSTNESS_2021_2023,40,0.625,0.20909556677405958,0.13092689153321158,0.6017849611544482,0.7120000000000001,0.5466666666666666,,,,,,0.24059606117941473,0.6606724294290353,0.625,False,
8,REGIME,NEUTRAL,TEMPORAL_ROBUSTNESS_2021_2023,56,0.4107142857142857,0.25185863186616825,0.1293891211920083,0.7021252811691366,0.6416337285902503,0.6251646903820817,,,,,,0.2892895528838369,0.5539835487408747,0.4107142857142857,False,
8,REGIME,BEAR,TEMPORAL_ROBUSTNESS_2021_2023,53,0.5660377358490566,0.21879124563995878,0.13605970435795545,0.6253066005809205,0.7043478260869566,0.5543478260869565,,,,,,0.25324810839777095,0.49313187549638754,0.5660377358490566,False,
8,PERSISTENCE,TRANSITION,TEMPORAL_ROBUSTNESS_2021_2023,80,0.5,0.24414589614019172,0.09995911426711845,0.6832198577985545,0.58375,0.55,,,,,,0.2712608949330003,0.5508731709850379,0.5,False,
8,PERSISTENCE,PERSISTENT,TEMPORAL_ROBUSTNESS_2021_2023,69,0.5507246376811594,0.2106111649734824,0.17173596741943897,0.6068706579500582,0.7317487266553481,0.6235144312393888,,,,,,0.2542802254943955,0.5726972699877667,0.5507246376811594,False,
8,REGIME_PERSISTENCE,BEAR_PERSISTENT,TEMPORAL_ROBUSTNESS_2021_2023,28,0.6785714285714286,0.21074682034727688,0.051704024963967976,0.6057490323506318,0.7660818713450293,0.5964912280701754,,,,,,0.2222373877936888,0.5009328740499792,0.6785714285714286,False,
8,REGIME_PERSISTENCE,BULL_PERSISTENT,TEMPORAL_ROBUSTNESS_2021_2023,21,0.6666666666666666,0.19870371802665826,0.1369841960060777,0.5815097978655338,0.8673469387755102,0.5,,,,,,0.23024342903928746,0.7109526000441854,0.6666666666666666,False,
8,REGIME_PERSISTENCE,NEUTRAL_PERSISTENT,TEMPORAL_ROBUSTNESS_2021_2023,20,0.25,0.22292406674433546,0.3127662997761299,0.6350698368780059,0.8266666666666667,0.8,,,,,,0.3243788345532484,0.5279993277414297,0.25,False,
8,DIRECTIONAL,BEAR_TO_NEUTRAL,TEMPORAL_ROBUSTNESS_2021_2023,18,0.6111111111111112,0.20369830192774951,0.13960689790934722,,,,,,,,,0.2367502731400181,0.4855815660026914,0.6111111111111112,False,directional: no AUC
8,DIRECTIONAL,BEAR_TO_BULL,TEMPORAL_ROBUSTNESS_2021_2023,6,0.6666666666666666,0.1195991238500727,0.47989987293843783,,,,,,,,,0.22995403697703046,0.6541844433695738,0.6666666666666666,True,LOW SAMPLE
8,DIRECTIONAL,NEUTRAL_TO_BULL,TEMPORAL_ROBUSTNESS_2021_2023,13,0.5384615384615384,0.26718844994631724,-0.018903935557508023,,,,,,,,,0.26223124734533604,0.5824450704627752,0.5384615384615384,True,LOW SAMPLE
8,DIRECTIONAL,BULL_TO_NEUTRAL,TEMPORAL_ROBUSTNESS_2021_2023,18,0.3888888888888889,0.33216847860662346,-0.09684211094029438,,,,,,,,,0.3028407418838651,0.6512568881451082,0.3888888888888889,False,directional: no AUC
8,DIRECTIONAL,BULL_TO_BEAR,TEMPORAL_ROBUSTNESS_2021_2023,3,0.0,0.15792719575470138,0.6143622743160899,,,,,,,,,0.4095221635140209,0.380945242636545,0.0,True,LOW SAMPLE
8,DIRECTIONAL,NEUTRAL_TO_BEAR,TEMPORAL_ROBUSTNESS_2021_2023,22,0.5,0.23732924826954357,0.12555701227181715,,,,,,,,,0.27140619983256864,0.49850150909088575,0.5,False,directional: no AUC
8,REGIME,BULL,NONOVERLAP_SUMMARY,8,,,-0.012208883265115988,,,,-0.012208883265115988,-0.27224947555651013,0.2383323480937488,4.0,8.0,,,,False,offset skipped if N<10
8,REGIME,NEUTRAL,NONOVERLAP_SUMMARY,8,,,-0.10397638311591872,,,,-0.10397638311591872,-0.25714465965456723,0.004500993316222446,1.0,8.0,,,,False,offset skipped if N<10
8,REGIME,BEAR,NONOVERLAP_SUMMARY,8,,,-0.06098973355617776,,,,-0.06098973355617776,-0.19684799312570456,0.19726578043769072,3.0,8.0,,,,False,offset skipped if N<10
8,PERSISTENCE,TRANSITION,NONOVERLAP_SUMMARY,8,,,-0.08769776114585381,,,,-0.08769776114585381,-0.17159989961356947,0.12247882326849346,1.0,8.0,,,,False,offset skipped if N<10
8,PERSISTENCE,PERSISTENT,NONOVERLAP_SUMMARY,8,,,-0.006585434476236274,,,,-0.006585434476236274,-0.13590262411297926,0.04789866879070315,3.0,8.0,,,,False,offset skipped if N<10
12,ALL,ALL_MARKET,FULL_EXPANDING_WF,323,0.5046439628482973,0.32468863132917164,-0.07728056640114955,1.107069886914439,0.5074386503067485,0.529965490797546,,,,,,0.30139653629309654,0.6700917260165652,0.5046439628482973,False,
12,REGIME,BULL,FULL_EXPANDING_WF,93,0.6236559139784946,0.2708353402418046,-0.043148687752006865,1.089474186697609,0.5364532019704433,0.5027093596059113,,,,0.0,0.0,0.2596325369736665,0.7421578865048796,0.6236559139784946,False,
12,REGIME,NEUTRAL,FULL_EXPANDING_WF,120,0.5,0.33228850765968676,-0.1311999796362504,1.1673476503761335,0.48527777777777775,0.5166666666666666,-0.12114446940130974,-0.3291722061780302,0.03651752829402555,3.0,9.0,0.29374868603386795,0.6611269002949849,0.5,False,
12,REGIME,BEAR,FULL_EXPANDING_WF,110,0.4090909090909091,0.36192836688792895,-0.04891811872976248,1.0561886915031835,0.4687179487179487,0.5136752136752136,0.010926993183650202,-0.14854391278051549,0.11454532666346806,3.0,5.0,0.34504920872777317,0.6189428729363506,0.4090909090909091,False,
12,PERSISTENCE,TRANSITION,FULL_EXPANDING_WF,178,0.5280898876404494,0.3164433203768534,-0.08920846284877837,1.0241029247218223,0.5112715298885512,0.5173505572441742,-0.11258393560045687,-0.27592613292678747,0.12951897161421222,4.0,12.0,0.2905259472086816,0.676961177412753,0.5280898876404494,False,
12,PERSISTENCE,PERSISTENT,FULL_EXPANDING_WF,145,0.47586206896551725,0.3348104613258106,-0.06376459394726885,1.2089189853302036,0.5011441647597255,0.5432875667429443,-0.04734835644285318,-0.31167116583854937,0.07989280584561054,3.0,11.0,0.31474112151396466,0.6616588822336588,0.47586206896551725,False,
12,REGIME_PERSISTENCE,BEAR_PERSISTENT,FULL_EXPANDING_WF,56,0.375,0.35906255374684676,-0.019433386306171085,1.0124249456554968,0.4911564625850339,0.5285714285714286,,,,,,0.35221776976314156,0.6099147031823743,0.375,False,
12,REGIME_PERSISTENCE,BULL_PERSISTENT,FULL_EXPANDING_WF,48,0.6041666666666666,0.3147948976388593,-0.07253129401470604,1.4539683086451805,0.4392014519056261,0.4827586206896552,,,,,,0.29350649197425005,0.7535022281188265,0.6041666666666666,False,
12,REGIME_PERSISTENCE,NEUTRAL_PERSISTENT,FULL_EXPANDING_WF,41,0.4634146341463415,0.3251185072135089,-0.12726499030582183,1.1904140756390977,0.5095693779904307,0.5430622009569378,,,,,,0.2884135584884134,0.624809941364973,0.4634146341463415,False,
12,DIRECTIONAL,BEAR_TO_NEUTRAL,FULL_EXPANDING_WF,40,0.5,0.3132887950830557,-0.013761190036113202,,,,,,,,,0.3090360907107673,0.5806150857394723,0.5,False,directional: no AUC
12,DIRECTIONAL,BEAR_TO_BULL,FULL_EXPANDING_WF,14,0.6428571428571429,0.1539202270493105,0.36424299845667785,,,,,,,,,0.24210543757389033,0.7701176756694138,0.6428571428571429,True,LOW SAMPLE
12,DIRECTIONAL,NEUTRAL_TO_BULL,FULL_EXPANDING_WF,31,0.6451612903225806,0.25556930248813675,-0.1881528182910821,,,,,,,,,0.21509800637911342,0.711965452770269,0.6451612903225806,False,directional: no AUC
12,DIRECTIONAL,BULL_TO_NEUTRAL,FULL_EXPANDING_WF,39,0.5384615384615384,0.35931308513041854,-0.2666229289055877,,,,,,,,,0.2836780204515003,0.7818824874321897,0.5384615384615384,False,directional: no AUC
12,DIRECTIONAL,BULL_TO_BEAR,FULL_EXPANDING_WF,6,0.3333333333333333,0.3039275282881638,0.16392437310903396,,,,,,,,,0.3635167902434255,0.46081821936953465,0.3333333333333333,True,LOW SAMPLE
12,DIRECTIONAL,NEUTRAL_TO_BEAR,FULL_EXPANDING_WF,48,0.4583333333333333,0.3725219203774957,-0.11407611879096091,,,,,,,,,0.3343774398303871,0.6492413193451747,0.4583333333333333,False,directional: no AUC
12,ALL,ALL_MARKET,TEMPORAL_ROBUSTNESS_2021_2023,145,0.4689655172413793,0.2327469317221484,0.17046750720103587,0.6650782283626995,0.6900305576776165,0.6412337662337662,,,,,,0.2805760277536883,0.5224888287434185,0.4689655172413793,False,
12,REGIME,BULL,TEMPORAL_ROBUSTNESS_2021_2023,38,0.5263157894736842,0.21905183201207065,0.20134206471671556,0.6209652674761529,0.8583333333333333,0.5555555555555556,,,,,,0.2742749083615789,0.6477223529275399,0.5263157894736842,False,
12,REGIME,NEUTRAL,TEMPORAL_ROBUSTNESS_2021_2023,55,0.38181818181818183,0.27120736019187835,0.09690981599864168,0.7476871091691715,0.5896358543417367,0.6071428571428572,,,,,,0.30031038427439094,0.5338619916637337,0.38181818181818183,False,
12,REGIME,BEAR,TEMPORAL_ROBUSTNESS_2021_2023,52,0.5192307692307693,0.20207558985960608,0.23545359419180745,0.6099398450806384,0.7748148148148147,0.7362962962962962,,,,,,0.2643078148356403,0.4189427156739195,0.5192307692307693,False,
12,PERSISTENCE,TRANSITION,TEMPORAL_ROBUSTNESS_2021_2023,77,0.4935064935064935,0.2441587340836494,0.11314196317179581,0.6961310053288304,0.6410256410256411,0.6120107962213225,,,,,,0.2753075734159988,0.5294621669495375,0.4935064935064935,False,
12,PERSISTENCE,PERSISTENT,TEMPORAL_ROBUSTNESS_2021_2023,68,0.4411764705882353,0.219824743753978,0.23283527568735396,0.6299155250334042,0.7412280701754387,0.6728070175438596,,,,,,0.2865417775184249,0.5145925487159012,0.4411764705882353,False,
12,REGIME_PERSISTENCE,BEAR_PERSISTENT,TEMPORAL_ROBUSTNESS_2021_2023,28,0.5714285714285714,0.18767666546676928,0.25636151751794545,0.5690146671310828,0.8229166666666667,0.8125,,,,,,0.25237621490533646,0.4096594591986989,0.5714285714285714,False,
12,REGIME_PERSISTENCE,BULL_PERSISTENT,TEMPORAL_ROBUSTNESS_2021_2023,21,0.5238095238095238,0.2370195173287321,0.14371260998761126,0.6613056903749477,0.9727272727272727,0.5,,,,,,0.2767990280988523,0.6741478522191324,0.5238095238095238,False,
12,REGIME_PERSISTENCE,NEUTRAL_PERSISTENT,TEMPORAL_ROBUSTNESS_2021_2023,19,0.15789473684210525,0.24819610938408376,0.28609391953897334,0.6849697644593298,0.7291666666666666,0.6458333333333333,,,,,,0.34765932967513535,0.49288018729031213,0.15789473684210525,False,
12,DIRECTIONAL,BEAR_TO_NEUTRAL,TEMPORAL_ROBUSTNESS_2021_2023,18,0.5555555555555556,0.22644314249430753,0.11963953331081667,,,,,,,,,0.2572163915377798,0.44054639724070516,0.5555555555555556,False,directional: no AUC
12,DIRECTIONAL,BEAR_TO_BULL,TEMPORAL_ROBUSTNESS_2021_2023,6,0.6666666666666666,0.09736188470520335,0.584064338423127,,,,,,,,,0.23407919469104957,0.6657580009293623,0.6666666666666666,True,LOW SAMPLE
12,DIRECTIONAL,NEUTRAL_TO_BULL,TEMPORAL_ROBUSTNESS_2021_2023,11,0.45454545454545453,0.2511262222112809,0.13815189493072066,,,,,,,,,0.2913810690470732,0.5874360462789603,0.45454545454545453,True,LOW SAMPLE
12,DIRECTIONAL,BULL_TO_NEUTRAL,TEMPORAL_ROBUSTNESS_2021_2023,18,0.4444444444444444,0.34026123151989895,-0.15961934841442638,,,,,,,,,0.29342493464354985,0.670436157369818,0.4444444444444444,False,directional: no AUC
12,DIRECTIONAL,BULL_TO_BEAR,TEMPORAL_ROBUSTNESS_2021_2023,3,0.0,0.14386077006298406,0.6559201254174869,,,,,,,,,0.41810283219132344,0.3251175537392268,0.0,True,LOW SAMPLE
12,DIRECTIONAL,NEUTRAL_TO_BEAR,TEMPORAL_ROBUSTNESS_2021_2023,21,0.5238095238095238,0.2295905585448106,0.11096145052916928,,,,,,,,,0.2582458979776146,0.4447239855363123,0.5238095238095238,False,directional: no AUC
12,REGIME,BULL,NONOVERLAP_SUMMARY,0,,,,,,,,,,0.0,0.0,,,,False,offset skipped if N<10
12,REGIME,NEUTRAL,NONOVERLAP_SUMMARY,9,,,-0.12114446940130974,,,,-0.12114446940130974,-0.3291722061780302,0.03651752829402555,3.0,9.0,,,,False,offset skipped if N<10
12,REGIME,BEAR,NONOVERLAP_SUMMARY,5,,,0.010926993183650202,,,,0.010926993183650202,-0.14854391278051549,0.11454532666346806,3.0,5.0,,,,False,offset skipped if N<10
12,PERSISTENCE,TRANSITION,NONOVERLAP_SUMMARY,12,,,-0.11258393560045687,,,,-0.11258393560045687,-0.27592613292678747,0.12951897161421222,4.0,12.0,,,,False,offset skipped if N<10
12,PERSISTENCE,PERSISTENT,NONOVERLAP_SUMMARY,11,,,-0.04734835644285318,,,,-0.04734835644285318,-0.31167116583854937,0.07989280584561054,3.0,11.0,,,,False,offset skipped if N<10
