period,entry_slot,exit_slot,entry_weekday,entry_hour_NY,exit_weekday,exit_hour_NY,holding_hours,exposure_pct,n_trades,mean_trade_return,median_trade_return,win_rate,trade_std,profit_factor,mean_calendar_edge,median_calendar_edge,calendar_edge_std,fraction_weeks_edge_positive,n_edge_weeks,calendar_edge_sharpe,mean_net_trade,median_net_trade,ending_capital_from_10000,cagr,sharpe,annualized_volatility,max_drawdown,calmar,win_rate_net,ending_capital_0bps,mean_net_0bps,sharpe_0bps,ending_capital_10bps,mean_net_10bps,sharpe_10bps,ending_capital_20bps,mean_net_20bps,sharpe_20bps,ending_capital_50bps,mean_net_50bps,sharpe_50bps,pass_n,pass_net,discovery_rank
discovery,113,117,Friday,17,Friday,21,4,0.023809523809523808,228,0.00487477402850228,0.0032055333252375418,0.6271929824561403,0.015706164641758436,2.545814932166181,0.004396367290710588,0.0024934538064167178,0.016031063837487754,0.5921052631578947,228,1.9775765168325603,0.0038698992544737728,0.0022023277919123174,23469.86478272751,0.21513997099249837,1.7785484360746506,0.11314550514956556,-0.10299105261050634,2.088919042376614,0.5921052631578947,29483.51591487652,0.00487477402850228,2.2381336394926925,23469.86478272751,0.0038698992544737728,1.7785484360746506,18678.52962259241,0.0028650244804452715,1.318042220224911,9402.464058933607,-0.00014959984164023292,-0.0690302711335492,True,True,1
discovery,113,116,Friday,17,Friday,20,3,0.017857142857142856,229,0.004098189448203412,0.0019819301715613413,0.6069868995633187,0.013613582411706036,2.5448311943787973,0.0037430180707496946,0.0014406871298250357,0.013807320481021047,0.5851528384279476,229,1.954853383410178,0.003094091258755206,0.0009799482413896943,19870.469956419904,0.16980129557846224,1.6405779784402144,0.09807076991746534,-0.1093711195280852,1.5525240695269584,0.5283842794759825,24986.839949019126,0.004098189448203412,2.1708073224513043,19870.469956419904,0.003094091258755206,1.6405779784402144,15798.115687667467,0.002089993069307012,1.1092860505733977,7928.605798543638,-0.0009223014990376115,-0.4909972738656691,True,True,2
discovery,113,119,Friday,17,Friday,23,6,0.03571428571428571,228,0.005757239766522656,0.0031057307459706474,0.6052631578947368,0.020195037992997714,2.5645346357889265,0.005100788946013137,0.00180009233068526,0.020244746583650393,0.5921052631578947,228,1.8168818280020296,0.004751482526756138,0.002102625015224624,28171.057460006537,0.2668846945338632,1.6983243857608947,0.14548286149740589,-0.09652642362567199,2.7648874215918124,0.5614035087719298,35389.28871768636,0.005757239766522656,2.0557548037825186,28171.057460006537,0.004751482526756138,1.6983243857608947,22419.9813734646,0.003745725286989609,1.3401776743163782,11285.84922503683,0.0007284535676900399,0.26141818265888095,True,True,3
discovery,113,118,Friday,17,Friday,22,5,0.02976190476190476,228,0.005769786285681567,0.0029591400851816108,0.5964912280701754,0.02100193707911043,2.5869233160805556,0.005277438546064059,0.0023673955082309517,0.021228523082741216,0.5745614035087719,228,1.7926895061686048,0.004764016499395887,0.0019561809450964196,28167.21244710535,0.2668451979643234,1.637382285341292,0.15129567492355647,-0.12303235172126659,2.1689026847903308,0.5482456140350878,35384.45850242464,0.005769786285681567,1.9810801473341964,28167.21244710535,0.004764016499395887,1.637382285341292,22416.92131376513,0.0037582467131102018,1.2929956500778583,11284.308841402564,0.0007409373542531531,0.25568233763111675,True,True,4
discovery,99,117,Friday,3,Friday,21,18,0.10714285714285714,226,0.010504484862620529,0.005509396437809011,0.6106194690265486,0.03840234362284957,2.3976714946914144,0.009244715202568417,0.0031184037322753155,0.03949305087264159,0.5796460176991151,226,1.6880080902036612,0.009493980377757914,0.0045038870413711685,72359.05389057961,0.5714916979090043,1.7845420422844058,0.27664631482228297,-0.16539476499498462,3.4553191446315368,0.5663716814159292,90717.80649118216,0.010504484862620529,1.972507676431401,72359.05389057961,0.009493980377757914,1.7845420422844058,57702.53214573461,0.008483475892895283,1.5961997234998384,29221.922808059884,0.005451962438307422,1.0289013019949718,True,True,5
discovery,99,119,Friday,3,Friday,23,20,0.11904761904761904,226,0.01152531825085076,0.006250451732645157,0.6283185840707964,0.04186276217473425,2.4460885301201323,0.010029450659068368,0.0038353736852694276,0.042881464051696044,0.6106194690265486,226,1.6865888054760498,0.01051379293259991,0.005244201280912519,88469.25210940457,0.6453249718695924,1.8128744264507841,0.30157479443601026,-0.2108572673843614,3.0604824764861487,0.5973451327433629,110915.44266757552,0.01152531825085076,1.985302629866284,88469.25210940457,0.01051379293259991,1.8128744264507841,70549.56621560577,0.009502267614349058,1.6401006755334486,35727.963772677016,0.0064676916595965035,1.1196957192527934,True,True,6
discovery,99,116,Friday,3,Friday,20,17,0.10119047619047619,227,0.009760277280767024,0.004589744262091244,0.6211453744493393,0.03633627163125525,2.2910025829572906,0.008557660970037628,0.0018086210985605033,0.03700223056138466,0.5594713656387665,227,1.6677419148729797,0.00875051700348625,0.0035851545178291477,62622.63407718505,0.5204672400850747,1.7383192245561054,0.2617625564703054,-0.20817287556883235,2.5001683752645394,0.6079295154185022,78589.67702170863,0.009760277280767024,1.9369725411388359,62622.63407718505,0.00875051700348625,1.7383192245561054,49888.26221650994,0.007740756726205484,1.539267805134534,25188.646600308188,0.004711475894363186,0.9397129267360911,True,True,7
discovery,99,118,Friday,3,Friday,22,19,0.1130952380952381,226,0.01154665622542685,0.006770402218769123,0.6106194690265486,0.043060276189704455,2.5025267822728963,0.010130445105965552,0.003394646156001213,0.04402161080561832,0.5973451327433629,226,1.6594503746859877,0.010535109569201423,0.005763631816550374,88249.40105138744,0.6443901918053121,1.7660314335895144,0.31020155540776584,-0.17351182642513752,3.713811358462861,0.5752212389380531,110639.8115659275,0.01154665622542685,1.9336643776978863,88249.40105138744,0.010535109569201423,1.7660314335895144,70374.24658301797,0.009523562912975998,1.5980625517173985,35639.177776990095,0.0064889229442997185,1.0921301507417893,True,True,8
discovery,111,117,Friday,15,Friday,21,6,0.03571428571428571,228,0.005059112267607176,0.0022223952060025365,0.5789473684210527,0.01909320964743096,2.235232275919096,0.004415028589823482,0.0018745559056574657,0.019293180618389204,0.5789473684210527,228,1.6501801624222896,0.004054053155339573,0.0012201728107965604,24153.420681104515,0.22313408312440308,1.5326630276911488,0.1375454097011981,-0.10403520953694101,2.144793903117696,0.5263157894736842,30342.218399747027,0.005059112267607176,1.91071999166373,24153.420681104515,0.004054053155339573,1.5326630276911488,19222.538683348772,0.003048994043071955,1.1538484345322442,9676.30925686124,3.3816706269135145e-05,0.012836036846591136,True,True,9
discovery,49,51,Wednesday,1,Wednesday,3,2,0.011904761904761904,224,0.0027637568994054386,0.0015667214960722875,0.6071428571428571,0.010906349048305628,2.2107254523023467,0.002447215930410495,0.0009858948490604758,0.010836628344113714,0.5758928571428571,224,1.6284700811060246,0.0017609931425060306,0.0005651547745761931,14637.533597423764,0.09092180813508954,1.1655058442882285,0.07856815464210405,-0.09933959607531428,0.9152625108940166,0.5357142857142857,18314.64657356369,0.0027637568994054386,1.8273516040222066,14637.533597423764,0.0017609931425060306,1.1655058442882285,11696.065470925427,0.0007582293856066316,0.5023337403463711,5958.934741579129,-0.002250061885091597,-1.4951806270041472,True,True,10
discovery,49,50,Wednesday,1,Wednesday,2,1,0.005952380952380952,225,0.00168371454363726,0.000873179127660384,0.6044444444444445,0.006876704256773952,2.1301930291723297,0.0015309220736210597,0.0006469296467031538,0.006886224880413293,0.5866666666666667,225,1.6031477713952036,0.0006820308290936226,-0.0001276940514672864,11596.740728190918,0.03441455711605679,0.715912330242768,0.049539030988391936,-0.08805835360964676,0.39081535942192186,0.48444444444444446,14524.49685171952,0.00168371454363726,1.7655897050825127,11596.740728190918,0.0006820308290936226,0.715912330242768,9257.055903140616,-0.00031965288545001444,-0.3358686064704023,4702.126022650463,-0.00332470402908093,-3.5038962118265586,True,True,11
discovery,99,20,Friday,3,Monday,20,89,0.5297619047619048,226,0.017215376873845313,0.009290120920942835,0.584070796460177,0.07096798146118038,1.9734381868921425,0.010868746634622553,0.005753043440010097,0.04894358856017152,0.584070796460177,226,1.6013465478928073,0.016198161496971463,0.008280830800021843,220667.6688635358,1.027290778980655,1.6475532319082522,0.5112456347567783,-0.3394207294961441,3.026599997311965,0.5796460176991151,276654.9008931801,0.017215376873845313,1.7492655918088678,220667.6688635358,0.016198161496971463,1.6475532319082522,175970.83670244442,0.015180946120097622,1.5456370396230665,89115.78080492694,0.01212929998947608,1.2386593227600495,True,True,12
discovery,112,117,Friday,16,Friday,21,5,0.02976190476190476,228,0.004315854503126355,0.0020705571440794435,0.5701754385964912,0.017181737136242797,2.0879242793845965,0.0038304674378667374,0.0018088603483371046,0.017294962224903173,0.5614035087719298,228,1.5971063222488207,0.0033115386486232278,0.0010684865869353688,20560.439181888345,0.17895715889013775,1.3912300226446026,0.12377536922404188,-0.12245060681385522,1.461464042903288,0.5350877192982456,25828.612199000843,0.004315854503126355,1.8113459174788686,20560.439181888345,0.0033115386486232278,1.3912300226446026,16363.058580339211,0.0023072227941201,0.9702722121894257,8236.894086661583,-0.0007057247693892824,-0.29767809729214634,True,True,13
discovery,111,119,Friday,15,Friday,23,8,0.047619047619047616,228,0.005920927241097575,0.0032646666392368573,0.5921052631578947,0.023271644178000088,2.3079574373171594,0.005195054540640237,0.002861861324613857,0.023713997427311253,0.5701754385964912,228,1.5797450921149199,0.0049150063138564855,0.0022614019725976098,28809.99533977592,0.2733909487807351,1.524520243991925,0.1676463984835684,-0.0911290716568055,3.000040972768083,0.543859649122807,36191.94077048646,0.005920927241097575,1.8346969043339385,28809.99533977592,0.0049150063138564855,1.524520243991925,22928.481112374502,0.003909085386615375,1.2137219871361942,11541.819615409235,0.0008913226048920857,0.2775788958833168,True,True,14
discovery,99,120,Friday,3,Saturday,0,21,0.125,226,0.011067802640087582,0.005533030591303056,0.6327433628318584,0.04241061357528261,2.3078282150590024,0.009541326784229212,0.004226676749597369,0.043595013768065925,0.588495575221239,226,1.5782420961956987,0.010056734837447491,0.004527497560711691,79287.33773232695,0.6046571453403105,1.711664436319569,0.305521456455402,-0.2289214608419844,2.641330101233636,0.6150442477876106,99403.91664710104,0.011067802640087582,1.8818652484107836,79287.33773232695,0.010056734837447491,1.711664436319569,63227.47338802567,0.009045667034807412,1.54112254043659,32019.88332205481,0.006012463626887134,1.027440066103631,True,True,15
discovery,99,123,Friday,3,Saturday,3,24,0.14285714285714285,226,0.01177802169227775,0.00690268363874591,0.6327433628318584,0.044428870710046996,2.3937101217334114,0.009928733758381233,0.004699719872726049,0.045410782729010564,0.5929203539823009,226,1.5766545527260425,0.010766243670585478,0.005895780955107233,91136.74710515859,0.6565264500204031,1.749182460779841,0.32006076176915715,-0.23178543260877205,2.832475029302409,0.6194690265486725,114259.72761644925,0.01177802169227775,1.9116516110517026,91136.74710515859,0.010766243670585478,1.749182460779841,72676.75289736959,0.009754465648893193,1.5863877210284747,36805.22126383607,0.006719131583816358,1.0960401481291357,True,True,16
discovery,111,118,Friday,15,Friday,22,7,0.041666666666666664,228,0.005925804770064939,0.0027619670786731554,0.6008771929824561,0.02358639804474879,2.331446654332054,0.005218197058236607,0.00225081844656011,0.02390021277301896,0.6008771929824561,228,1.5744192102077994,0.004919878965294874,0.0017592051115945528,28806.063119484792,0.27335124937132727,1.5056671626816398,0.16991385117258298,-0.09580502508311506,2.8532036720848732,0.5570175438596491,36187.00100280538,0.005925804770064939,1.8117046024850796,28806.063119484792,0.004919878965294874,1.5056671626816398,22925.351648533604,0.003913953160524809,1.199016421395628,11540.244294873704,0.0008961757462146091,0.27536589714017157,True,True,17
discovery,113,114,Friday,17,Friday,18,1,0.005952380952380952,229,0.002127121671963874,0.0008612906907965456,0.5589519650655022,0.009008526785110002,2.134205625355216,0.0019789146414060676,0.0009746263992361781,0.009064722491728423,0.5720524017467249,229,1.5742518793855593,0.0011249945502919115,-0.00013957059989422316,12819.290284174147,0.058367816498584135,0.9014317031787511,0.06489644906972956,-0.06256835021778617,0.9328648796942713,0.49344978165938863,16120.079459277464,0.002127121671963874,1.702708209758137,12819.290284174147,0.0011249945502919115,0.9014317031787511,10192.040318489915,0.00012286742861994406,0.09854943205711827,5115.082808973956,-0.0028835139363959554,-2.3197803835725628,True,True,18
discovery,99,124,Friday,3,Saturday,4,25,0.1488095238095238,226,0.012056210174497992,0.006645182845449571,0.6460176991150443,0.0449605800347701,2.3939518508462765,0.010078895131475852,0.005076630325205667,0.046458794064036975,0.588495575221239,226,1.5643958879548598,0.01104415396432349,0.005638537662604137,96503.59979202009,0.6783178969866104,1.7731142927959367,0.32389113802655234,-0.2773376968370591,2.4458193196330407,0.6238938053097345,120988.24433046873,0.012056210174497992,1.9336620630030281,96503.59979202009,0.01104415396432349,1.7731142927959367,76956.53508127379,0.010032097754149,1.612244783570396,38972.60387189039,0.006995929123625502,1.127696121109141,True,True,19
discovery,99,121,Friday,3,Saturday,1,22,0.13095238095238096,226,0.011527754529782688,0.006112288895606666,0.6283185840707964,0.04462170838751154,2.339598004098204,0.009864964003636251,0.003959771609253537,0.045752487466793286,0.5973451327433629,226,1.5548284045335194,0.010516226775252898,0.005106176606711088,86091.76700732476,0.6351194916401517,1.7011786856110778,0.32144994346476885,-0.24936603131346513,2.54693667896481,0.6150442477876106,107934.74817490994,0.011527754529782688,1.8629457073735172,86091.76700732476,0.010516226775252898,1.7011786856110778,68653.64714048615,0.009504699020723126,1.539087481440299,34767.825650427054,0.006470115757133766,1.0508590001339362,True,True,20
