year,n_trades,mean_net,mean_gross,year_pnl,mtm_return,positive_pnl_contribution,outside_2020_2022,win_rate
2018,6,0.00701785514867435,0.00802588102970403,0.03766467453487854,0.03766467453487943,0.02859441550625711,true,0.5
2019,13,0.003788750986306394,0.004793544530837255,0.04896283154304282,0.04896283154304526,0.03717179470668572,true,0.5384615384615384
2020,12,0.01736636499073439,0.01838474974047488,0.2174232969020116,0.2174232969020131,0.1650642722692114,false,0.75
2021,31,0.02054105441590457,0.02156261703293751,0.8358809715394839,0.8358809715394879,0.6345873981159826,false,0.7096774193548387
2022,21,0.002700360847756098,0.003704064912668752,0.0524564388572597,0.05245643885726148,0.03982408522537607,false,0.5714285714285714
2023,2,0.01238919381919018,0.01340259641560576,0.02463151251454576,0.02463151251454598,0.01869984838807701,true,0.5
2024,6,0.00875845987423951,0.009768228102341847,0.05249948196470799,0.05249948196471022,0.03985676286070031,true,0.8333333333333334
2025,5,0.002019603831946903,0.00302262645840532,0.009966685118483198,0.00996668511848342,0.007566547143106941,true,0.8
2026,6,0.006749034455012274,0.007756791246258536,0.03771796896977087,0.03771796896977198,0.02863487578460284,true,0.8333333333333334
